family,domain
banjori,earnestnessbiophysicalohax.com
banjori,kwtoestnessbiophysicalohax.com
banjori,rvcxestnessbiophysicalohax.com
banjori,hjbtestnessbiophysicalohax.com
banjori,txmoestnessbiophysicalohax.com
banjori,agekestnessbiophysicalohax.com
banjori,dbzwestnessbiophysicalohax.com
banjori,sgjxestnessbiophysicalohax.com
banjori,igjyestnessbiophysicalohax.com
banjori,zxahestnessbiophysicalohax.com
banjori,zfrpestnessbiophysicalohax.com
banjori,hdquestnessbiophysicalohax.com
banjori,umcuestnessbiophysicalohax.com
banjori,hrbyestnessbiophysicalohax.com
banjori,ysrtestnessbiophysicalohax.com
banjori,kgteestnessbiophysicalohax.com
banjori,hfsnestnessbiophysicalohax.com
banjori,njxfestnessbiophysicalohax.com
banjori,lpagestnessbiophysicalohax.com
banjori,kacuestnessbiophysicalohax.com
banjori,xjrgestnessbiophysicalohax.com
banjori,wafxestnessbiophysicalohax.com
banjori,myjqestnessbiophysicalohax.com
banjori,vdwbestnessbiophysicalohax.com
banjori,phdxestnessbiophysicalohax.com
banjori,ffaoestnessbiophysicalohax.com
banjori,miemestnessbiophysicalohax.com
banjori,rtneestnessbiophysicalohax.com
banjori,omtvestnessbiophysicalohax.com
banjori,cmngestnessbiophysicalohax.com
banjori,blgjestnessbiophysicalohax.com
banjori,dlbhestnessbiophysicalohax.com
banjori,dlwaestnessbiophysicalohax.com
banjori,wekaestnessbiophysicalohax.com
banjori,pjrmestnessbiophysicalohax.com
banjori,uydzestnessbiophysicalohax.com
banjori,muhmestnessbiophysicalohax.com
banjori,rrqfestnessbiophysicalohax.com
banjori,pjxxestnessbiophysicalohax.com
banjori,fjumestnessbiophysicalohax.com
banjori,kowiestnessbiophysicalohax.com
banjori,lzzsestnessbiophysicalohax.com
banjori,wgnxestnessbiophysicalohax.com
banjori,mkrkestnessbiophysicalohax.com
banjori,pvypestnessbiophysicalohax.com
banjori,xznnestnessbiophysicalohax.com
banjori,dniuestnessbiophysicalohax.com
banjori,qcqyestnessbiophysicalohax.com
banjori,hxpwestnessbiophysicalohax.com
banjori,wcdnestnessbiophysicalohax.com
banjori,csxoestnessbiophysicalohax.com
banjori,jfydestnessbiophysicalohax.com
banjori,fbvlestnessbiophysicalohax.com
banjori,jxwqestnessbiophysicalohax.com
banjori,syggestnessbiophysicalohax.com
banjori,rzpgestnessbiophysicalohax.com
banjori,qaxpestnessbiophysicalohax.com
banjori,yknyestnessbiophysicalohax.com
banjori,pvuzestnessbiophysicalohax.com
banjori,hjtnestnessbiophysicalohax.com
banjori,nryoestnessbiophysicalohax.com
banjori,uokyestnessbiophysicalohax.com
banjori,lznwestnessbiophysicalohax.com
banjori,akfxestnessbiophysicalohax.com
banjori,qwnsestnessbiophysicalohax.com
banjori,bfgpestnessbiophysicalohax.com
banjori,jfhnestnessbiophysicalohax.com
banjori,ployestnessbiophysicalohax.com
banjori,gomkestnessbiophysicalohax.com
banjori,jxngestnessbiophysicalohax.com
banjori,iontestnessbiophysicalohax.com
banjori,uizmestnessbiophysicalohax.com
banjori,zbqpestnessbiophysicalohax.com
banjori,hvplestnessbiophysicalohax.com
banjori,lnscestnessbiophysicalohax.com
banjori,gsqwestnessbiophysicalohax.com
banjori,vrdcestnessbiophysicalohax.com
banjori,qkljestnessbiophysicalohax.com
banjori,syvoestnessbiophysicalohax.com
banjori,zhmtestnessbiophysicalohax.com
banjori,llpfestnessbiophysicalohax.com
banjori,jrqyestnessbiophysicalohax.com
banjori,auimestnessbiophysicalohax.com
banjori,fffiestnessbiophysicalohax.com
banjori,gcdzestnessbiophysicalohax.com
banjori,yotsestnessbiophysicalohax.com
banjori,jxuvestnessbiophysicalohax.com
banjori,xdjtestnessbiophysicalohax.com
banjori,jbkqestnessbiophysicalohax.com
banjori,sgucestnessbiophysicalohax.com
banjori,nlzyestnessbiophysicalohax.com
banjori,emvrestnessbiophysicalohax.com
banjori,oybcestnessbiophysicalohax.com
banjori,jrchestnessbiophysicalohax.com
banjori,jddzestnessbiophysicalohax.com
banjori,btwaestnessbiophysicalohax.com
banjori,usimestnessbiophysicalohax.com
banjori,zvzsestnessbiophysicalohax.com
banjori,kmbrestnessbiophysicalohax.com
banjori,uenuestnessbiophysicalohax.com
banjori,hbmtestnessbiophysicalohax.com
banjori,thxjestnessbiophysicalohax.com
banjori,vvkaestnessbiophysicalohax.com
banjori,oqqsestnessbiophysicalohax.com
banjori,zrhcestnessbiophysicalohax.com
banjori,uotvestnessbiophysicalohax.com
banjori,iwtwestnessbiophysicalohax.com
banjori,xbirestnessbiophysicalohax.com
banjori,hvhfestnessbiophysicalohax.com
banjori,fhecestnessbiophysicalohax.com
banjori,aawkestnessbiophysicalohax.com
banjori,dprcestnessbiophysicalohax.com
banjori,yohjestnessbiophysicalohax.com
banjori,aoziestnessbiophysicalohax.com
banjori,bpsbestnessbiophysicalohax.com
banjori,vlfdestnessbiophysicalohax.com
banjori,rzocestnessbiophysicalohax.com
banjori,mwscestnessbiophysicalohax.com
banjori,hlrqestnessbiophysicalohax.com
banjori,qyzzestnessbiophysicalohax.com
banjori,iqzaestnessbiophysicalohax.com
banjori,btsxestnessbiophysicalohax.com
banjori,rpbzestnessbiophysicalohax.com
banjori,jzcmestnessbiophysicalohax.com
banjori,oyieestnessbiophysicalohax.com
banjori,ltluestnessbiophysicalohax.com
banjori,ywbdestnessbiophysicalohax.com
banjori,uynaestnessbiophysicalohax.com
banjori,nvszestnessbiophysicalohax.com
banjori,fhphestnessbiophysicalohax.com
banjori,ffmkestnessbiophysicalohax.com
banjori,iemmestnessbiophysicalohax.com
banjori,nhrwestnessbiophysicalohax.com
banjori,cclvestnessbiophysicalohax.com
banjori,qgtgestnessbiophysicalohax.com
banjori,pnafestnessbiophysicalohax.com
banjori,nzfvestnessbiophysicalohax.com
banjori,blyqestnessbiophysicalohax.com
banjori,ksauestnessbiophysicalohax.com
banjori,xtpoestnessbiophysicalohax.com
banjori,eclnestnessbiophysicalohax.com
banjori,kanmestnessbiophysicalohax.com
banjori,pbutestnessbiophysicalohax.com
banjori,bpnhestnessbiophysicalohax.com
banjori,brgqestnessbiophysicalohax.com
banjori,keioestnessbiophysicalohax.com
banjori,rlrcestnessbiophysicalohax.com
banjori,muvdestnessbiophysicalohax.com
banjori,iivsestnessbiophysicalohax.com
banjori,tvgfestnessbiophysicalohax.com
banjori,rtpzestnessbiophysicalohax.com
banjori,jhqiestnessbiophysicalohax.com
banjori,kkswestnessbiophysicalohax.com
banjori,zfjwestnessbiophysicalohax.com
banjori,okphestnessbiophysicalohax.com
banjori,ouviestnessbiophysicalohax.com
banjori,ppclestnessbiophysicalohax.com
banjori,tjntestnessbiophysicalohax.com
banjori,fjkyestnessbiophysicalohax.com
banjori,wayiestnessbiophysicalohax.com
banjori,xjnqestnessbiophysicalohax.com
banjori,gklxestnessbiophysicalohax.com
banjori,wczkestnessbiophysicalohax.com
banjori,zpqbestnessbiophysicalohax.com
banjori,tjbxestnessbiophysicalohax.com
banjori,jncyestnessbiophysicalohax.com
banjori,amuqestnessbiophysicalohax.com
banjori,jtvqestnessbiophysicalohax.com
banjori,sqfxestnessbiophysicalohax.com
banjori,iafoestnessbiophysicalohax.com
banjori,pbmnestnessbiophysicalohax.com
banjori,vjzhestnessbiophysicalohax.com
banjori,vzmeestnessbiophysicalohax.com
banjori,scwoestnessbiophysicalohax.com
banjori,zpncestnessbiophysicalohax.com
banjori,ukzxestnessbiophysicalohax.com
banjori,kqbaestnessbiophysicalohax.com
banjori,dvwdestnessbiophysicalohax.com
banjori,zbndestnessbiophysicalohax.com
banjori,vjayestnessbiophysicalohax.com
banjori,mqeeestnessbiophysicalohax.com
banjori,jbfwestnessbiophysicalohax.com
banjori,ymvpestnessbiophysicalohax.com
banjori,gqtkestnessbiophysicalohax.com
banjori,jburestnessbiophysicalohax.com
banjori,thfpestnessbiophysicalohax.com
banjori,bbyaestnessbiophysicalohax.com
banjori,uikeestnessbiophysicalohax.com
banjori,rttcestnessbiophysicalohax.com
banjori,mkxvestnessbiophysicalohax.com
banjori,agpcestnessbiophysicalohax.com
banjori,vtcjestnessbiophysicalohax.com
banjori,xvrhestnessbiophysicalohax.com
banjori,xzgyestnessbiophysicalohax.com
banjori,oymuestnessbiophysicalohax.com
banjori,bjfuestnessbiophysicalohax.com
banjori,osljestnessbiophysicalohax.com
banjori,qmtaestnessbiophysicalohax.com
banjori,jtuzestnessbiophysicalohax.com
banjori,bznxestnessbiophysicalohax.com
banjori,rbwgestnessbiophysicalohax.com
banjori,qeeaestnessbiophysicalohax.com
banjori,jdfuestnessbiophysicalohax.com
banjori,wotnestnessbiophysicalohax.com
banjori,cqncestnessbiophysicalohax.com
banjori,xpcfestnessbiophysicalohax.com
banjori,vlprestnessbiophysicalohax.com
banjori,fnmcestnessbiophysicalohax.com
banjori,ameeestnessbiophysicalohax.com
banjori,xhtqestnessbiophysicalohax.com
banjori,ggrzestnessbiophysicalohax.com
banjori,ywhoestnessbiophysicalohax.com
banjori,fjenestnessbiophysicalohax.com
banjori,lphvestnessbiophysicalohax.com
banjori,zpyuestnessbiophysicalohax.com
banjori,mcckestnessbiophysicalohax.com
banjori,pfjkestnessbiophysicalohax.com
banjori,sotdestnessbiophysicalohax.com
banjori,oczqestnessbiophysicalohax.com
banjori,xnodestnessbiophysicalohax.com
banjori,tfztestnessbiophysicalohax.com
banjori,fbwcestnessbiophysicalohax.com
banjori,aooqestnessbiophysicalohax.com
banjori,jxpoestnessbiophysicalohax.com
banjori,qwxtestnessbiophysicalohax.com
banjori,cgrcestnessbiophysicalohax.com
banjori,xvgpestnessbiophysicalohax.com
banjori,fhdlestnessbiophysicalohax.com
banjori,jjekestnessbiophysicalohax.com
banjori,mqiuestnessbiophysicalohax.com
banjori,zrzwestnessbiophysicalohax.com
banjori,oifvestnessbiophysicalohax.com
banjori,cezkestnessbiophysicalohax.com
banjori,fzwrestnessbiophysicalohax.com
banjori,pzdfestnessbiophysicalohax.com
banjori,nxiwestnessbiophysicalohax.com
banjori,cicsestnessbiophysicalohax.com
banjori,nphaestnessbiophysicalohax.com
banjori,gwfnestnessbiophysicalohax.com
banjori,mqjyestnessbiophysicalohax.com
banjori,dvejestnessbiophysicalohax.com
banjori,fhbdestnessbiophysicalohax.com
banjori,bbukestnessbiophysicalohax.com
banjori,esqeestnessbiophysicalohax.com
banjori,bxjwestnessbiophysicalohax.com
banjori,qwrvestnessbiophysicalohax.com
banjori,eincestnessbiophysicalohax.com
banjori,zbetestnessbiophysicalohax.com
banjori,lzhlestnessbiophysicalohax.com
banjori,pzokestnessbiophysicalohax.com
banjori,scywestnessbiophysicalohax.com
banjori,hxxcestnessbiophysicalohax.com
banjori,cirnestnessbiophysicalohax.com
banjori,ikraestnessbiophysicalohax.com
banjori,bhkdestnessbiophysicalohax.com
banjori,xxzlestnessbiophysicalohax.com
banjori,bhswestnessbiophysicalohax.com
banjori,qqayestnessbiophysicalohax.com
banjori,hzziestnessbiophysicalohax.com
banjori,iszlestnessbiophysicalohax.com
banjori,midiestnessbiophysicalohax.com
banjori,npirestnessbiophysicalohax.com
banjori,xnxnestnessbiophysicalohax.com
banjori,dpsgestnessbiophysicalohax.com
banjori,csmwestnessbiophysicalohax.com
banjori,rnvqestnessbiophysicalohax.com
banjori,amnbestnessbiophysicalohax.com
banjori,uezqestnessbiophysicalohax.com
banjori,dxutestnessbiophysicalohax.com
banjori,pvbbestnessbiophysicalohax.com
banjori,jlcaestnessbiophysicalohax.com
banjori,ckwsestnessbiophysicalohax.com
banjori,ntbyestnessbiophysicalohax.com
banjori,ecxjestnessbiophysicalohax.com
banjori,gwvmestnessbiophysicalohax.com
banjori,lpylestnessbiophysicalohax.com
banjori,pffhestnessbiophysicalohax.com
banjori,plmqestnessbiophysicalohax.com
banjori,ygckestnessbiophysicalohax.com
banjori,bzvqestnessbiophysicalohax.com
banjori,kuxtestnessbiophysicalohax.com
banjori,wwlmestnessbiophysicalohax.com
banjori,bfehestnessbiophysicalohax.com
banjori,bxxnestnessbiophysicalohax.com
banjori,hnwiestnessbiophysicalohax.com
banjori,iuwkestnessbiophysicalohax.com
banjori,llzgestnessbiophysicalohax.com
banjori,ksblestnessbiophysicalohax.com
banjori,okhoestnessbiophysicalohax.com
banjori,vbuvestnessbiophysicalohax.com
banjori,jxvzestnessbiophysicalohax.com
banjori,bhogestnessbiophysicalohax.com
banjori,aagyestnessbiophysicalohax.com
banjori,rdpcestnessbiophysicalohax.com
banjori,metlestnessbiophysicalohax.com
banjori,qkbiestnessbiophysicalohax.com
banjori,rxkbestnessbiophysicalohax.com
banjori,lrnrestnessbiophysicalohax.com
banjori,vpasestnessbiophysicalohax.com
banjori,gwyyestnessbiophysicalohax.com
banjori,xbnyestnessbiophysicalohax.com
banjori,octfestnessbiophysicalohax.com
banjori,mcxqestnessbiophysicalohax.com
banjori,vlkxestnessbiophysicalohax.com
banjori,ltnpestnessbiophysicalohax.com
banjori,tryqestnessbiophysicalohax.com
banjori,cwsqestnessbiophysicalohax.com
banjori,lpvmestnessbiophysicalohax.com
banjori,qgdhestnessbiophysicalohax.com
banjori,qolsestnessbiophysicalohax.com
banjori,bpexestnessbiophysicalohax.com
banjori,rhndestnessbiophysicalohax.com
banjori,nnsuestnessbiophysicalohax.com
banjori,amkcestnessbiophysicalohax.com
banjori,vfxqestnessbiophysicalohax.com
banjori,eatvestnessbiophysicalohax.com
banjori,sedoestnessbiophysicalohax.com
banjori,ztunestnessbiophysicalohax.com
banjori,fdrtestnessbiophysicalohax.com
banjori,rjaoestnessbiophysicalohax.com
banjori,ycqsestnessbiophysicalohax.com
banjori,jzruestnessbiophysicalohax.com
banjori,wgfrestnessbiophysicalohax.com
banjori,gedkestnessbiophysicalohax.com
banjori,jdedestnessbiophysicalohax.com
banjori,fxbnestnessbiophysicalohax.com
banjori,lreuestnessbiophysicalohax.com
banjori,ysusestnessbiophysicalohax.com
banjori,jfveestnessbiophysicalohax.com
banjori,gctlestnessbiophysicalohax.com
banjori,kavsestnessbiophysicalohax.com
banjori,vhitestnessbiophysicalohax.com
banjori,hhhtestnessbiophysicalohax.com
banjori,ttsqestnessbiophysicalohax.com
banjori,camoestnessbiophysicalohax.com
banjori,jvniestnessbiophysicalohax.com
banjori,kmpvestnessbiophysicalohax.com
banjori,yifuestnessbiophysicalohax.com
banjori,lnibestnessbiophysicalohax.com
banjori,frfjestnessbiophysicalohax.com
banjori,hbeaestnessbiophysicalohax.com
banjori,aowwestnessbiophysicalohax.com
banjori,pddoestnessbiophysicalohax.com
banjori,worfestnessbiophysicalohax.com
banjori,uidcestnessbiophysicalohax.com
banjori,prkpestnessbiophysicalohax.com
banjori,xrzrestnessbiophysicalohax.com
banjori,hbycestnessbiophysicalohax.com
banjori,cqswestnessbiophysicalohax.com
banjori,rjbsestnessbiophysicalohax.com
banjori,cgvfestnessbiophysicalohax.com
banjori,ayncestnessbiophysicalohax.com
banjori,vdarestnessbiophysicalohax.com
banjori,fxxxestnessbiophysicalohax.com
banjori,vbkuestnessbiophysicalohax.com
banjori,iwkmestnessbiophysicalohax.com
banjori,nrpeestnessbiophysicalohax.com
banjori,kerlestnessbiophysicalohax.com
banjori,oixcestnessbiophysicalohax.com
banjori,jlyxestnessbiophysicalohax.com
banjori,zhpfestnessbiophysicalohax.com
banjori,xxesestnessbiophysicalohax.com
banjori,ioewestnessbiophysicalohax.com
banjori,xltmestnessbiophysicalohax.com
banjori,cknvestnessbiophysicalohax.com
banjori,qwvyestnessbiophysicalohax.com
banjori,hlupestnessbiophysicalohax.com
banjori,pxbzestnessbiophysicalohax.com
banjori,hnayestnessbiophysicalohax.com
banjori,ykqkestnessbiophysicalohax.com
banjori,bhjmestnessbiophysicalohax.com
banjori,gghlestnessbiophysicalohax.com
banjori,kijoestnessbiophysicalohax.com
banjori,rtslestnessbiophysicalohax.com
banjori,vtfvestnessbiophysicalohax.com
banjori,jhguestnessbiophysicalohax.com
banjori,wwuwestnessbiophysicalohax.com
banjori,lpxuestnessbiophysicalohax.com
banjori,yonhestnessbiophysicalohax.com
banjori,ymdiestnessbiophysicalohax.com
banjori,zjuxestnessbiophysicalohax.com
banjori,ptbdestnessbiophysicalohax.com
banjori,ljecestnessbiophysicalohax.com
banjori,gkcaestnessbiophysicalohax.com
banjori,zftkestnessbiophysicalohax.com
banjori,cynhestnessbiophysicalohax.com
banjori,ckhkestnessbiophysicalohax.com
banjori,flelestnessbiophysicalohax.com
banjori,jrftestnessbiophysicalohax.com
banjori,vpsmestnessbiophysicalohax.com
banjori,aqkyestnessbiophysicalohax.com
banjori,rjtmestnessbiophysicalohax.com
banjori,wahfestnessbiophysicalohax.com
banjori,ugtqestnessbiophysicalohax.com
banjori,dborestnessbiophysicalohax.com
banjori,nbtxestnessbiophysicalohax.com
banjori,drooestnessbiophysicalohax.com
banjori,kequestnessbiophysicalohax.com
banjori,xrfcestnessbiophysicalohax.com
banjori,smppestnessbiophysicalohax.com
banjori,akhsestnessbiophysicalohax.com
banjori,lrkfestnessbiophysicalohax.com
banjori,jdlfestnessbiophysicalohax.com
banjori,hzkaestnessbiophysicalohax.com
banjori,akcyestnessbiophysicalohax.com
banjori,rxlsestnessbiophysicalohax.com
banjori,cifrestnessbiophysicalohax.com
banjori,mojaestnessbiophysicalohax.com
banjori,ftglestnessbiophysicalohax.com
banjori,jhhlestnessbiophysicalohax.com
banjori,nnmwestnessbiophysicalohax.com
banjori,cogcestnessbiophysicalohax.com
banjori,xlvuestnessbiophysicalohax.com
banjori,ksxvestnessbiophysicalohax.com
banjori,yunoestnessbiophysicalohax.com
banjori,ffkpestnessbiophysicalohax.com
banjori,njpzestnessbiophysicalohax.com
banjori,fjmgestnessbiophysicalohax.com
banjori,eiiiestnessbiophysicalohax.com
banjori,fhfgestnessbiophysicalohax.com
banjori,eebxestnessbiophysicalohax.com
banjori,uonkestnessbiophysicalohax.com
banjori,xlcjestnessbiophysicalohax.com
banjori,zhtvestnessbiophysicalohax.com
banjori,nnysestnessbiophysicalohax.com
banjori,ykocestnessbiophysicalohax.com
banjori,tzzmestnessbiophysicalohax.com
banjori,yipvestnessbiophysicalohax.com
banjori,motoestnessbiophysicalohax.com
banjori,thelestnessbiophysicalohax.com
banjori,xxtnestnessbiophysicalohax.com
banjori,djowestnessbiophysicalohax.com
banjori,swycestnessbiophysicalohax.com
banjori,nrdiestnessbiophysicalohax.com
banjori,oijlestnessbiophysicalohax.com
banjori,sutkestnessbiophysicalohax.com
banjori,vvgxestnessbiophysicalohax.com
banjori,lnjfestnessbiophysicalohax.com
banjori,jvkwestnessbiophysicalohax.com
banjori,yaaiestnessbiophysicalohax.com
banjori,zlrwestnessbiophysicalohax.com
banjori,owxbestnessbiophysicalohax.com
banjori,imxwestnessbiophysicalohax.com
banjori,xhmbestnessbiophysicalohax.com
banjori,rrvzestnessbiophysicalohax.com
banjori,jdwkestnessbiophysicalohax.com
banjori,meaaestnessbiophysicalohax.com
banjori,fzxiestnessbiophysicalohax.com
banjori,gqvfestnessbiophysicalohax.com
banjori,ewreestnessbiophysicalohax.com
banjori,bfkfestnessbiophysicalohax.com
banjori,zvbnestnessbiophysicalohax.com
banjori,fhyeestnessbiophysicalohax.com
banjori,ccskestnessbiophysicalohax.com
banjori,fvpgestnessbiophysicalohax.com
banjori,egljestnessbiophysicalohax.com
banjori,gejiestnessbiophysicalohax.com
banjori,hbidestnessbiophysicalohax.com
banjori,drdjestnessbiophysicalohax.com
banjori,fzauestnessbiophysicalohax.com
banjori,scksestnessbiophysicalohax.com
banjori,dtfcestnessbiophysicalohax.com
banjori,ywvfestnessbiophysicalohax.com
banjori,wajaestnessbiophysicalohax.com
banjori,pbqdestnessbiophysicalohax.com
banjori,lzthestnessbiophysicalohax.com
banjori,lvwkestnessbiophysicalohax.com
banjori,oqcoestnessbiophysicalohax.com
banjori,vnpcestnessbiophysicalohax.com
banjori,qcxnestnessbiophysicalohax.com
banjori,wmlwestnessbiophysicalohax.com
banjori,lvorestnessbiophysicalohax.com
banjori,vxbbestnessbiophysicalohax.com
banjori,pviqestnessbiophysicalohax.com
banjori,yayaestnessbiophysicalohax.com
banjori,rdhwestnessbiophysicalohax.com
banjori,gyflestnessbiophysicalohax.com
banjori,kshwestnessbiophysicalohax.com
banjori,zvybestnessbiophysicalohax.com
banjori,tvjrestnessbiophysicalohax.com
banjori,dfemestnessbiophysicalohax.com
banjori,ieegestnessbiophysicalohax.com
banjori,hbdwestnessbiophysicalohax.com
banjori,wkrjestnessbiophysicalohax.com
banjori,yehgestnessbiophysicalohax.com
banjori,xrwfestnessbiophysicalohax.com
banjori,vpjpestnessbiophysicalohax.com
banjori,dteyestnessbiophysicalohax.com
banjori,usqsestnessbiophysicalohax.com
banjori,fbnsestnessbiophysicalohax.com
banjori,qevdestnessbiophysicalohax.com
banjori,mgzuestnessbiophysicalohax.com
banjori,zxqtestnessbiophysicalohax.com
banjori,lrtpestnessbiophysicalohax.com
banjori,tnesestnessbiophysicalohax.com
banjori,eqauestnessbiophysicalohax.com
banjori,rjjyestnessbiophysicalohax.com
banjori,imjfestnessbiophysicalohax.com
banjori,gqhoestnessbiophysicalohax.com
banjori,nfmrestnessbiophysicalohax.com
banjori,xtbxestnessbiophysicalohax.com
banjori,nlgaestnessbiophysicalohax.com
banjori,goeeestnessbiophysicalohax.com
banjori,drzgestnessbiophysicalohax.com
banjori,cwthestnessbiophysicalohax.com
banjori,cgnmestnessbiophysicalohax.com
banjori,hfmpestnessbiophysicalohax.com
banjori,pltfestnessbiophysicalohax.com
banjori,nvykestnessbiophysicalohax.com
banjori,qsguestnessbiophysicalohax.com
banjori,dzbgestnessbiophysicalohax.com
banjori,cmvzestnessbiophysicalohax.com
banjori,uehwestnessbiophysicalohax.com
banjori,jditestnessbiophysicalohax.com
banjori,vnvnestnessbiophysicalohax.com
banjori,bnoaestnessbiophysicalohax.com
banjori,ugasestnessbiophysicalohax.com
banjori,fdxeestnessbiophysicalohax.com
banjori,curbestnessbiophysicalohax.com
banjori,wwfoestnessbiophysicalohax.com
banjori,dhahestnessbiophysicalohax.com
banjori,ddvrestnessbiophysicalohax.com
banjori,nfaiestnessbiophysicalohax.com
banjori,okgkestnessbiophysicalohax.com
banjori,rxpiestnessbiophysicalohax.com
banjori,syzrestnessbiophysicalohax.com
banjori,cktgestnessbiophysicalohax.com
banjori,bhmlestnessbiophysicalohax.com
banjori,ffjlestnessbiophysicalohax.com
banjori,jfkmestnessbiophysicalohax.com
banjori,okqyestnessbiophysicalohax.com
banjori,flniestnessbiophysicalohax.com
banjori,goltestnessbiophysicalohax.com
banjori,sgvgestnessbiophysicalohax.com
banjori,rpelestnessbiophysicalohax.com
banjori,vlrzestnessbiophysicalohax.com
banjori,nvwcestnessbiophysicalohax.com
banjori,ikwuestnessbiophysicalohax.com
banjori,vbjqestnessbiophysicalohax.com
banjori,esfzestnessbiophysicalohax.com
banjori,wstwestnessbiophysicalohax.com
banjori,lhwlestnessbiophysicalohax.com
banjori,ppdpestnessbiophysicalohax.com
banjori,xnsgestnessbiophysicalohax.com
banjori,wiggestnessbiophysicalohax.com
banjori,vxtiestnessbiophysicalohax.com
banjori,wchdestnessbiophysicalohax.com
banjori,siroestnessbiophysicalohax.com
banjori,zbijestnessbiophysicalohax.com
banjori,bpblestnessbiophysicalohax.com
banjori,fvyqestnessbiophysicalohax.com
banjori,oqewestnessbiophysicalohax.com
banjori,dvzcestnessbiophysicalohax.com
banjori,yapdestnessbiophysicalohax.com
banjori,ugbwestnessbiophysicalohax.com
banjori,jhcrestnessbiophysicalohax.com
banjori,ttnjestnessbiophysicalohax.com
banjori,vtaoestnessbiophysicalohax.com
banjori,cauuestnessbiophysicalohax.com
banjori,pbbiestnessbiophysicalohax.com
banjori,qejhestnessbiophysicalohax.com
banjori,qkruestnessbiophysicalohax.com
banjori,djmbestnessbiophysicalohax.com
banjori,xbbpestnessbiophysicalohax.com
banjori,ftysestnessbiophysicalohax.com
banjori,qogyestnessbiophysicalohax.com
banjori,hvfkestnessbiophysicalohax.com
banjori,kmhpestnessbiophysicalohax.com
banjori,scruestnessbiophysicalohax.com
banjori,fvopestnessbiophysicalohax.com
banjori,nptjestnessbiophysicalohax.com
banjori,pfaaestnessbiophysicalohax.com
banjori,ieaqestnessbiophysicalohax.com
banjori,rljwestnessbiophysicalohax.com
banjori,gohdestnessbiophysicalohax.com
banjori,cqbgestnessbiophysicalohax.com
banjori,btufestnessbiophysicalohax.com
banjori,zxlzestnessbiophysicalohax.com
banjori,rxucestnessbiophysicalohax.com
banjori,msyeestnessbiophysicalohax.com
banjori,jfzuestnessbiophysicalohax.com
banjori,wsnlestnessbiophysicalohax.com
banjori,awfyestnessbiophysicalohax.com
banjori,rvotestnessbiophysicalohax.com
banjori,dfjtestnessbiophysicalohax.com
banjori,plqgestnessbiophysicalohax.com
banjori,owwkestnessbiophysicalohax.com
banjori,rvfwestnessbiophysicalohax.com
banjori,gidtestnessbiophysicalohax.com
banjori,sunmestnessbiophysicalohax.com
banjori,xxcxestnessbiophysicalohax.com
banjori,nthjestnessbiophysicalohax.com
banjori,pnowestnessbiophysicalohax.com
banjori,eqkiestnessbiophysicalohax.com
banjori,fxhyestnessbiophysicalohax.com
banjori,wcvhestnessbiophysicalohax.com
banjori,wmjoestnessbiophysicalohax.com
banjori,dnerestnessbiophysicalohax.com
banjori,nzjlestnessbiophysicalohax.com
banjori,rbsqestnessbiophysicalohax.com
banjori,aokaestnessbiophysicalohax.com
banjori,thvoestnessbiophysicalohax.com
banjori,aannestnessbiophysicalohax.com
banjori,gslcestnessbiophysicalohax.com
banjori,bxepestnessbiophysicalohax.com
banjori,jpfvestnessbiophysicalohax.com
banjori,xnuoestnessbiophysicalohax.com
banjori,eqqgestnessbiophysicalohax.com
banjori,dvlyestnessbiophysicalohax.com
banjori,uwxdestnessbiophysicalohax.com
banjori,qufoestnessbiophysicalohax.com
banjori,xxurestnessbiophysicalohax.com
banjori,hntjestnessbiophysicalohax.com
banjori,jvukestnessbiophysicalohax.com
banjori,moyiestnessbiophysicalohax.com
banjori,nbdyestnessbiophysicalohax.com
banjori,eszbestnessbiophysicalohax.com
banjori,yupwestnessbiophysicalohax.com
banjori,nnupestnessbiophysicalohax.com
banjori,vhhpestnessbiophysicalohax.com
banjori,ddcgestnessbiophysicalohax.com
banjori,cuwiestnessbiophysicalohax.com
banjori,ddroestnessbiophysicalohax.com
banjori,kctvestnessbiophysicalohax.com
banjori,yojeestnessbiophysicalohax.com
banjori,vjwvestnessbiophysicalohax.com
banjori,jnxrestnessbiophysicalohax.com
banjori,tfiqestnessbiophysicalohax.com
banjori,cyccestnessbiophysicalohax.com
banjori,xfrkestnessbiophysicalohax.com
banjori,awjbestnessbiophysicalohax.com
banjori,uyvgestnessbiophysicalohax.com
banjori,tbgzestnessbiophysicalohax.com
banjori,lzjtestnessbiophysicalohax.com
banjori,xhykestnessbiophysicalohax.com
banjori,aaqmestnessbiophysicalohax.com
banjori,frncestnessbiophysicalohax.com
banjori,aufnestnessbiophysicalohax.com
banjori,ggdiestnessbiophysicalohax.com
banjori,hfcbestnessbiophysicalohax.com
banjori,bxvfestnessbiophysicalohax.com
banjori,zfmiestnessbiophysicalohax.com
banjori,aweuestnessbiophysicalohax.com
banjori,nrjgestnessbiophysicalohax.com
banjori,mgnlestnessbiophysicalohax.com
banjori,qovgestnessbiophysicalohax.com
banjori,pdcxestnessbiophysicalohax.com
banjori,fxzfestnessbiophysicalohax.com
banjori,djuuestnessbiophysicalohax.com
banjori,quccestnessbiophysicalohax.com
banjori,llfeestnessbiophysicalohax.com
banjori,iqflestnessbiophysicalohax.com
banjori,mejkestnessbiophysicalohax.com
banjori,pjqvestnessbiophysicalohax.com
banjori,dhlzestnessbiophysicalohax.com
banjori,vvyeestnessbiophysicalohax.com
banjori,suisestnessbiophysicalohax.com
banjori,dddkestnessbiophysicalohax.com
banjori,gybvestnessbiophysicalohax.com
banjori,ucnwestnessbiophysicalohax.com
banjori,jzovestnessbiophysicalohax.com
banjori,xhdrestnessbiophysicalohax.com
banjori,hhcmestnessbiophysicalohax.com
banjori,mmgqestnessbiophysicalohax.com
banjori,vftaestnessbiophysicalohax.com
banjori,okzvestnessbiophysicalohax.com
banjori,citiestnessbiophysicalohax.com
banjori,dfonestnessbiophysicalohax.com
banjori,jfptestnessbiophysicalohax.com
banjori,vrcyestnessbiophysicalohax.com
banjori,mggwestnessbiophysicalohax.com
banjori,bzzgestnessbiophysicalohax.com
banjori,akrtestnessbiophysicalohax.com
banjori,msvsestnessbiophysicalohax.com
banjori,xtkhestnessbiophysicalohax.com
banjori,xvznestnessbiophysicalohax.com
banjori,dfuyestnessbiophysicalohax.com
banjori,uqggestnessbiophysicalohax.com
banjori,tlruestnessbiophysicalohax.com
banjori,gopjestnessbiophysicalohax.com
banjori,iwpgestnessbiophysicalohax.com
banjori,hlorestnessbiophysicalohax.com
banjori,rzxzestnessbiophysicalohax.com
banjori,jtycestnessbiophysicalohax.com
banjori,ecukestnessbiophysicalohax.com
banjori,hxtmestnessbiophysicalohax.com
banjori,msxnestnessbiophysicalohax.com
banjori,sohuestnessbiophysicalohax.com
banjori,ftedestnessbiophysicalohax.com
banjori,bzxlestnessbiophysicalohax.com
banjori,fpugestnessbiophysicalohax.com
banjori,euqcestnessbiophysicalohax.com
banjori,zzhuestnessbiophysicalohax.com
banjori,mwlnestnessbiophysicalohax.com
banjori,swvqestnessbiophysicalohax.com
banjori,bfovestnessbiophysicalohax.com
banjori,plvnestnessbiophysicalohax.com
banjori,vdikestnessbiophysicalohax.com
banjori,yqykestnessbiophysicalohax.com
banjori,btrgestnessbiophysicalohax.com
banjori,ayjzestnessbiophysicalohax.com
banjori,sateestnessbiophysicalohax.com
banjori,pbarestnessbiophysicalohax.com
banjori,znrhestnessbiophysicalohax.com
banjori,zlimestnessbiophysicalohax.com
banjori,emeoestnessbiophysicalohax.com
banjori,lvhcestnessbiophysicalohax.com
banjori,gifbestnessbiophysicalohax.com
banjori,acxmestnessbiophysicalohax.com
banjori,fvunestnessbiophysicalohax.com
banjori,lnxjestnessbiophysicalohax.com
banjori,nzcwestnessbiophysicalohax.com
banjori,cmwqestnessbiophysicalohax.com
banjori,lvzwestnessbiophysicalohax.com
banjori,acrbestnessbiophysicalohax.com
banjori,ukdaestnessbiophysicalohax.com
banjori,ntinestnessbiophysicalohax.com
banjori,trtjestnessbiophysicalohax.com
banjori,vpgqestnessbiophysicalohax.com
banjori,eucyestnessbiophysicalohax.com
banjori,vvpuestnessbiophysicalohax.com
banjori,ikpfestnessbiophysicalohax.com
banjori,gmnqestnessbiophysicalohax.com
banjori,pzuvestnessbiophysicalohax.com
banjori,dnpjestnessbiophysicalohax.com
banjori,frmyestnessbiophysicalohax.com
banjori,wqaaestnessbiophysicalohax.com
banjori,phhaestnessbiophysicalohax.com
banjori,iihbestnessbiophysicalohax.com
banjori,cebsestnessbiophysicalohax.com
banjori,nhgrestnessbiophysicalohax.com
banjori,xxvvestnessbiophysicalohax.com
banjori,lrywestnessbiophysicalohax.com
banjori,auqsestnessbiophysicalohax.com
banjori,lltiestnessbiophysicalohax.com
banjori,muxlestnessbiophysicalohax.com
banjori,qqfsestnessbiophysicalohax.com
banjori,btyvestnessbiophysicalohax.com
banjori,pnfzestnessbiophysicalohax.com
banjori,hteiestnessbiophysicalohax.com
banjori,igeeestnessbiophysicalohax.com
banjori,fdbuestnessbiophysicalohax.com
banjori,sklbestnessbiophysicalohax.com
banjori,mspuestnessbiophysicalohax.com
banjori,zvghestnessbiophysicalohax.com
banjori,zbxrestnessbiophysicalohax.com
banjori,jxyyestnessbiophysicalohax.com
banjori,agqgestnessbiophysicalohax.com
banjori,zxhwestnessbiophysicalohax.com
banjori,ounpestnessbiophysicalohax.com
banjori,wwbyestnessbiophysicalohax.com
banjori,nrghestnessbiophysicalohax.com
banjori,nhllestnessbiophysicalohax.com
banjori,rruiestnessbiophysicalohax.com
banjori,smekestnessbiophysicalohax.com
banjori,vfrsestnessbiophysicalohax.com
banjori,gcpvestnessbiophysicalohax.com
banjori,ukbsestnessbiophysicalohax.com
banjori,flynestnessbiophysicalohax.com
banjori,ltbtestnessbiophysicalohax.com
banjori,xvqqestnessbiophysicalohax.com
banjori,gioyestnessbiophysicalohax.com
banjori,xzdmestnessbiophysicalohax.com
banjori,cmxhestnessbiophysicalohax.com
banjori,cmrwestnessbiophysicalohax.com
banjori,rbajestnessbiophysicalohax.com
banjori,thlnestnessbiophysicalohax.com
banjori,zzcaestnessbiophysicalohax.com
banjori,scmaestnessbiophysicalohax.com
banjori,lbpcestnessbiophysicalohax.com
banjori,gunvestnessbiophysicalohax.com
banjori,uuzaestnessbiophysicalohax.com
banjori,nnedestnessbiophysicalohax.com
banjori,jvfpestnessbiophysicalohax.com
banjori,rtoiestnessbiophysicalohax.com
banjori,sqyiestnessbiophysicalohax.com
banjori,tljoestnessbiophysicalohax.com
banjori,aibjestnessbiophysicalohax.com
banjori,cevuestnessbiophysicalohax.com
banjori,pjcrestnessbiophysicalohax.com
banjori,zdtzestnessbiophysicalohax.com
banjori,rjcwestnessbiophysicalohax.com
banjori,gkasestnessbiophysicalohax.com
banjori,rxjkestnessbiophysicalohax.com
banjori,uavrestnessbiophysicalohax.com
banjori,eqrkestnessbiophysicalohax.com
banjori,hzqlestnessbiophysicalohax.com
banjori,lvtlestnessbiophysicalohax.com
banjori,praoestnessbiophysicalohax.com
banjori,wqoeestnessbiophysicalohax.com
banjori,tlzaestnessbiophysicalohax.com
banjori,mudjestnessbiophysicalohax.com
banjori,oojsestnessbiophysicalohax.com
banjori,znarestnessbiophysicalohax.com
banjori,jvbzestnessbiophysicalohax.com
banjori,bduiestnessbiophysicalohax.com
banjori,cuocestnessbiophysicalohax.com
banjori,xxdoestnessbiophysicalohax.com
banjori,ekzjestnessbiophysicalohax.com
banjori,gmxeestnessbiophysicalohax.com
banjori,dnsvestnessbiophysicalohax.com
banjori,rdblestnessbiophysicalohax.com
banjori,vnoyestnessbiophysicalohax.com
banjori,mysaestnessbiophysicalohax.com
banjori,fnpoestnessbiophysicalohax.com
banjori,mytrestnessbiophysicalohax.com
banjori,wehoestnessbiophysicalohax.com
banjori,dxczestnessbiophysicalohax.com
banjori,vbpbestnessbiophysicalohax.com
banjori,pdwmestnessbiophysicalohax.com
banjori,umisestnessbiophysicalohax.com
banjori,fpfyestnessbiophysicalohax.com
banjori,wmtpestnessbiophysicalohax.com
banjori,eopeestnessbiophysicalohax.com
banjori,bpinestnessbiophysicalohax.com
banjori,hxhdestnessbiophysicalohax.com
banjori,djcaestnessbiophysicalohax.com
banjori,waqcestnessbiophysicalohax.com
banjori,rdzqestnessbiophysicalohax.com
banjori,asrlestnessbiophysicalohax.com
banjori,eankestnessbiophysicalohax.com
banjori,htmbestnessbiophysicalohax.com
banjori,bzfrestnessbiophysicalohax.com
banjori,lvigestnessbiophysicalohax.com
banjori,kmkoestnessbiophysicalohax.com
banjori,rbtuestnessbiophysicalohax.com
banjori,espnestnessbiophysicalohax.com
banjori,kgrwestnessbiophysicalohax.com
banjori,zxinestnessbiophysicalohax.com
banjori,flfpestnessbiophysicalohax.com
banjori,nvkgestnessbiophysicalohax.com
banjori,moouestnessbiophysicalohax.com
banjori,znfyestnessbiophysicalohax.com
banjori,qcnzestnessbiophysicalohax.com
banjori,iynwestnessbiophysicalohax.com
banjori,xfcpestnessbiophysicalohax.com
banjori,fbzbestnessbiophysicalohax.com
banjori,znqqestnessbiophysicalohax.com
banjori,iuqmestnessbiophysicalohax.com
banjori,nnvgestnessbiophysicalohax.com
banjori,myzpestnessbiophysicalohax.com
banjori,ucloestnessbiophysicalohax.com
banjori,brevestnessbiophysicalohax.com
banjori,pjlbestnessbiophysicalohax.com
banjori,jnmmestnessbiophysicalohax.com
banjori,oasqestnessbiophysicalohax.com
banjori,xjhsestnessbiophysicalohax.com
banjori,imhxestnessbiophysicalohax.com
banjori,yixoestnessbiophysicalohax.com
banjori,fhubestnessbiophysicalohax.com
banjori,zzlxestnessbiophysicalohax.com
banjori,pzsaestnessbiophysicalohax.com
banjori,isswestnessbiophysicalohax.com
banjori,xthiestnessbiophysicalohax.com
banjori,ywxnestnessbiophysicalohax.com
banjori,eitaestnessbiophysicalohax.com
banjori,xzitestnessbiophysicalohax.com
banjori,jtjhestnessbiophysicalohax.com
banjori,jhkkestnessbiophysicalohax.com
banjori,mmowestnessbiophysicalohax.com
banjori,blhaestnessbiophysicalohax.com
banjori,ucthestnessbiophysicalohax.com
banjori,ukfiestnessbiophysicalohax.com
banjori,vbsnestnessbiophysicalohax.com
banjori,bplzestnessbiophysicalohax.com
banjori,tjwqestnessbiophysicalohax.com
banjori,cgqyestnessbiophysicalohax.com
banjori,trbcestnessbiophysicalohax.com
banjori,oihdestnessbiophysicalohax.com
banjori,kmjkestnessbiophysicalohax.com
banjori,nxohestnessbiophysicalohax.com
banjori,nttfestnessbiophysicalohax.com
banjori,ljwwestnessbiophysicalohax.com
banjori,aeoaestnessbiophysicalohax.com
banjori,tnzyestnessbiophysicalohax.com
banjori,kwbhestnessbiophysicalohax.com
banjori,kodkestnessbiophysicalohax.com
banjori,nbifestnessbiophysicalohax.com
banjori,lzlbestnessbiophysicalohax.com
banjori,fpikestnessbiophysicalohax.com
banjori,iyicestnessbiophysicalohax.com
banjori,dldcestnessbiophysicalohax.com
banjori,ygtnestnessbiophysicalohax.com
banjori,ecpqestnessbiophysicalohax.com
banjori,nduzestnessbiophysicalohax.com
banjori,fxrzestnessbiophysicalohax.com
banjori,xdguestnessbiophysicalohax.com
banjori,kciqestnessbiophysicalohax.com
banjori,tjteestnessbiophysicalohax.com
banjori,qublestnessbiophysicalohax.com
banjori,uuneestnessbiophysicalohax.com
banjori,rrwdestnessbiophysicalohax.com
banjori,nhbxestnessbiophysicalohax.com
banjori,ddwiestnessbiophysicalohax.com
banjori,ewsiestnessbiophysicalohax.com
banjori,fjpsestnessbiophysicalohax.com
banjori,quxvestnessbiophysicalohax.com
banjori,eeteestnessbiophysicalohax.com
banjori,bvmxestnessbiophysicalohax.com
banjori,rtvxestnessbiophysicalohax.com
banjori,hfuiestnessbiophysicalohax.com
banjori,ieusestnessbiophysicalohax.com
banjori,tnfwestnessbiophysicalohax.com
banjori,iufhestnessbiophysicalohax.com
banjori,iifgestnessbiophysicalohax.com
banjori,hjefestnessbiophysicalohax.com
banjori,fjbbestnessbiophysicalohax.com
banjori,zdsiestnessbiophysicalohax.com
banjori,askwestnessbiophysicalohax.com
banjori,plrkestnessbiophysicalohax.com
banjori,sabxestnessbiophysicalohax.com
banjori,iubeestnessbiophysicalohax.com
banjori,ffytestnessbiophysicalohax.com
banjori,rnhzestnessbiophysicalohax.com
banjori,jvioestnessbiophysicalohax.com
banjori,qsqiestnessbiophysicalohax.com
banjori,rnzgestnessbiophysicalohax.com
banjori,qchbestnessbiophysicalohax.com
banjori,kajwestnessbiophysicalohax.com
banjori,zlatestnessbiophysicalohax.com
banjori,ltdbestnessbiophysicalohax.com
banjori,fdaqestnessbiophysicalohax.com
banjori,oggoestnessbiophysicalohax.com
banjori,vttmestnessbiophysicalohax.com
banjori,aylhestnessbiophysicalohax.com
banjori,aideestnessbiophysicalohax.com
banjori,xzshestnessbiophysicalohax.com
banjori,xhhhestnessbiophysicalohax.com
banjori,xxwmestnessbiophysicalohax.com
banjori,ciqwestnessbiophysicalohax.com
banjori,rtzaestnessbiophysicalohax.com
banjori,kibvestnessbiophysicalohax.com
banjori,yaryestnessbiophysicalohax.com
banjori,pbyjestnessbiophysicalohax.com
banjori,rfhhestnessbiophysicalohax.com
banjori,rnqwestnessbiophysicalohax.com
banjori,gsooestnessbiophysicalohax.com
banjori,njtcestnessbiophysicalohax.com
banjori,imttestnessbiophysicalohax.com
banjori,uefoestnessbiophysicalohax.com
banjori,bvytestnessbiophysicalohax.com
banjori,npdxestnessbiophysicalohax.com
banjori,dtyaestnessbiophysicalohax.com
banjori,wumsestnessbiophysicalohax.com
banjori,hhlwestnessbiophysicalohax.com
banjori,wwzdestnessbiophysicalohax.com
banjori,swjuestnessbiophysicalohax.com
banjori,fjgvestnessbiophysicalohax.com
banjori,txrvestnessbiophysicalohax.com
banjori,hnqkestnessbiophysicalohax.com
banjori,kwskestnessbiophysicalohax.com
banjori,nrxkestnessbiophysicalohax.com
banjori,qkflestnessbiophysicalohax.com
banjori,uaroestnessbiophysicalohax.com
banjori,bnkxestnessbiophysicalohax.com
banjori,rdtfestnessbiophysicalohax.com
banjori,phayestnessbiophysicalohax.com
banjori,ggyoestnessbiophysicalohax.com
banjori,nldoestnessbiophysicalohax.com
banjori,ucprestnessbiophysicalohax.com
banjori,euliestnessbiophysicalohax.com
banjori,ffihestnessbiophysicalohax.com
banjori,fbfzestnessbiophysicalohax.com
banjori,xluqestnessbiophysicalohax.com
banjori,gosiestnessbiophysicalohax.com
banjori,hvrgestnessbiophysicalohax.com
banjori,gippestnessbiophysicalohax.com
banjori,oqvmestnessbiophysicalohax.com
banjori,tlgpestnessbiophysicalohax.com
banjori,bjzjestnessbiophysicalohax.com
banjori,dhuwestnessbiophysicalohax.com
banjori,sseeestnessbiophysicalohax.com
banjori,pllmestnessbiophysicalohax.com
banjori,ucxxestnessbiophysicalohax.com
banjori,kaziestnessbiophysicalohax.com
banjori,lxctestnessbiophysicalohax.com
banjori,xdrzestnessbiophysicalohax.com
banjori,phyqestnessbiophysicalohax.com
banjori,yyooestnessbiophysicalohax.com
banjori,fnlyestnessbiophysicalohax.com
banjori,wizrestnessbiophysicalohax.com
banjori,gixiestnessbiophysicalohax.com
banjori,hjwzestnessbiophysicalohax.com
banjori,zdnbestnessbiophysicalohax.com
banjori,tlywestnessbiophysicalohax.com
banjori,iqywestnessbiophysicalohax.com
banjori,xpnkestnessbiophysicalohax.com
banjori,aqfrestnessbiophysicalohax.com
banjori,kchmestnessbiophysicalohax.com
banjori,pforestnessbiophysicalohax.com
banjori,zvfdestnessbiophysicalohax.com
banjori,vxseestnessbiophysicalohax.com
banjori,sycqestnessbiophysicalohax.com
banjori,bjvgestnessbiophysicalohax.com
banjori,aenjestnessbiophysicalohax.com
banjori,cwhyestnessbiophysicalohax.com
banjori,txszestnessbiophysicalohax.com
banjori,lrvxestnessbiophysicalohax.com
banjori,bvosestnessbiophysicalohax.com
banjori,moskestnessbiophysicalohax.com
bazarbackdoor,qefeonfu.bazar
bazarbackdoor,qefeonbi.bazar
bazarbackdoor,qefeonti.bazar
bazarbackdoor,qefeonaz.bazar
bazarbackdoor,qefeonic.bazar
bazarbackdoor,qefeoneb.bazar
bazarbackdoor,qefetofu.bazar
bazarbackdoor,qefetobi.bazar
bazarbackdoor,qefetoti.bazar
bazarbackdoor,qefetoaz.bazar
bazarbackdoor,qefetoic.bazar
bazarbackdoor,qefetoeb.bazar
bazarbackdoor,qefeibfu.bazar
bazarbackdoor,qefeibbi.bazar
bazarbackdoor,qefeibti.bazar
bazarbackdoor,qefeibaz.bazar
bazarbackdoor,qefeibic.bazar
bazarbackdoor,qefeibeb.bazar
bazarbackdoor,qefeelfu.bazar
bazarbackdoor,qefeelbi.bazar
bazarbackdoor,qefeelti.bazar
bazarbackdoor,qefeelaz.bazar
bazarbackdoor,qefeelic.bazar
bazarbackdoor,qefeeleb.bazar
bazarbackdoor,qefeudfu.bazar
bazarbackdoor,qefeudbi.bazar
bazarbackdoor,qefeudti.bazar
bazarbackdoor,qefeudaz.bazar
bazarbackdoor,qefeudic.bazar
bazarbackdoor,qefeudeb.bazar
bazarbackdoor,qefesofu.bazar
bazarbackdoor,qefesobi.bazar
bazarbackdoor,qefesoti.bazar
bazarbackdoor,qefesoaz.bazar
bazarbackdoor,qefesoic.bazar
bazarbackdoor,qefesoeb.bazar
bazarbackdoor,qexuonfu.bazar
bazarbackdoor,qexuonbi.bazar
bazarbackdoor,qexuonti.bazar
bazarbackdoor,qexuonaz.bazar
bazarbackdoor,qexuonic.bazar
bazarbackdoor,qexuoneb.bazar
bazarbackdoor,qexutofu.bazar
bazarbackdoor,qexutobi.bazar
bazarbackdoor,qexutoti.bazar
bazarbackdoor,qexutoaz.bazar
bazarbackdoor,qexutoic.bazar
bazarbackdoor,qexutoeb.bazar
bazarbackdoor,qexuibfu.bazar
bazarbackdoor,qexuibbi.bazar
bazarbackdoor,qexuibti.bazar
bazarbackdoor,qexuibaz.bazar
bazarbackdoor,qexuibic.bazar
bazarbackdoor,qexuibeb.bazar
bazarbackdoor,qexuelfu.bazar
bazarbackdoor,qexuelbi.bazar
bazarbackdoor,qexuelti.bazar
bazarbackdoor,qexuelaz.bazar
bazarbackdoor,qexuelic.bazar
bazarbackdoor,qexueleb.bazar
bazarbackdoor,qexuudfu.bazar
bazarbackdoor,qexuudbi.bazar
bazarbackdoor,qexuudti.bazar
bazarbackdoor,qexuudaz.bazar
bazarbackdoor,qexuudic.bazar
bazarbackdoor,qexuudeb.bazar
bazarbackdoor,qexusofu.bazar
bazarbackdoor,qexusobi.bazar
bazarbackdoor,qexusoti.bazar
bazarbackdoor,qexusoaz.bazar
bazarbackdoor,qexusoic.bazar
bazarbackdoor,qexusoeb.bazar
bazarbackdoor,qeefonfu.bazar
bazarbackdoor,qeefonbi.bazar
bazarbackdoor,qeefonti.bazar
bazarbackdoor,qeefonaz.bazar
bazarbackdoor,qeefonic.bazar
bazarbackdoor,qeefoneb.bazar
bazarbackdoor,qeeftofu.bazar
bazarbackdoor,qeeftobi.bazar
bazarbackdoor,qeeftoti.bazar
bazarbackdoor,qeeftoaz.bazar
bazarbackdoor,qeeftoic.bazar
bazarbackdoor,qeeftoeb.bazar
bazarbackdoor,qeefibfu.bazar
bazarbackdoor,qeefibbi.bazar
bazarbackdoor,qeefibti.bazar
bazarbackdoor,qeefibaz.bazar
bazarbackdoor,qeefibic.bazar
bazarbackdoor,qeefibeb.bazar
bazarbackdoor,qeefelfu.bazar
bazarbackdoor,qeefelbi.bazar
bazarbackdoor,qeefelti.bazar
bazarbackdoor,qeefelaz.bazar
bazarbackdoor,qeefelic.bazar
bazarbackdoor,qeefeleb.bazar
bazarbackdoor,qeefudfu.bazar
bazarbackdoor,qeefudbi.bazar
bazarbackdoor,qeefudti.bazar
bazarbackdoor,qeefudaz.bazar
bazarbackdoor,qeefudic.bazar
bazarbackdoor,qeefudeb.bazar
bazarbackdoor,qeefsofu.bazar
bazarbackdoor,qeefsobi.bazar
bazarbackdoor,qeefsoti.bazar
bazarbackdoor,qeefsoaz.bazar
bazarbackdoor,qeefsoic.bazar
bazarbackdoor,qeefsoeb.bazar
bazarbackdoor,qegoonfu.bazar
bazarbackdoor,qegoonbi.bazar
bazarbackdoor,qegoonti.bazar
bazarbackdoor,qegoonaz.bazar
bazarbackdoor,qegoonic.bazar
bazarbackdoor,qegooneb.bazar
bazarbackdoor,qegotofu.bazar
bazarbackdoor,qegotobi.bazar
bazarbackdoor,qegototi.bazar
bazarbackdoor,qegotoaz.bazar
bazarbackdoor,qegotoic.bazar
bazarbackdoor,qegotoeb.bazar
bazarbackdoor,qegoibfu.bazar
bazarbackdoor,qegoibbi.bazar
bazarbackdoor,qegoibti.bazar
bazarbackdoor,qegoibaz.bazar
bazarbackdoor,qegoibic.bazar
bazarbackdoor,qegoibeb.bazar
bazarbackdoor,qegoelfu.bazar
bazarbackdoor,qegoelbi.bazar
bazarbackdoor,qegoelti.bazar
bazarbackdoor,qegoelaz.bazar
bazarbackdoor,qegoelic.bazar
bazarbackdoor,qegoeleb.bazar
bazarbackdoor,qegoudfu.bazar
bazarbackdoor,qegoudbi.bazar
bazarbackdoor,qegoudti.bazar
bazarbackdoor,qegoudaz.bazar
bazarbackdoor,qegoudic.bazar
bazarbackdoor,qegoudeb.bazar
bazarbackdoor,qegosofu.bazar
bazarbackdoor,qegosobi.bazar
bazarbackdoor,qegosoti.bazar
bazarbackdoor,qegosoaz.bazar
bazarbackdoor,qegosoic.bazar
bazarbackdoor,qegosoeb.bazar
bazarbackdoor,qeyconfu.bazar
bazarbackdoor,qeyconbi.bazar
bazarbackdoor,qeyconti.bazar
bazarbackdoor,qeyconaz.bazar
bazarbackdoor,qeyconic.bazar
bazarbackdoor,qeyconeb.bazar
bazarbackdoor,qeyctofu.bazar
bazarbackdoor,qeyctobi.bazar
bazarbackdoor,qeyctoti.bazar
bazarbackdoor,qeyctoaz.bazar
bazarbackdoor,qeyctoic.bazar
bazarbackdoor,qeyctoeb.bazar
bazarbackdoor,qeycibfu.bazar
bazarbackdoor,qeycibbi.bazar
bazarbackdoor,qeycibti.bazar
bazarbackdoor,qeycibaz.bazar
bazarbackdoor,qeycibic.bazar
bazarbackdoor,qeycibeb.bazar
bazarbackdoor,qeycelfu.bazar
bazarbackdoor,qeycelbi.bazar
bazarbackdoor,qeycelti.bazar
bazarbackdoor,qeycelaz.bazar
bazarbackdoor,qeycelic.bazar
bazarbackdoor,qeyceleb.bazar
bazarbackdoor,qeycudfu.bazar
bazarbackdoor,qeycudbi.bazar
bazarbackdoor,qeycudti.bazar
bazarbackdoor,qeycudaz.bazar
bazarbackdoor,qeycudic.bazar
bazarbackdoor,qeycudeb.bazar
bazarbackdoor,qeycsofu.bazar
bazarbackdoor,qeycsobi.bazar
bazarbackdoor,qeycsoti.bazar
bazarbackdoor,qeycsoaz.bazar
bazarbackdoor,qeycsoic.bazar
bazarbackdoor,qeycsoeb.bazar
bazarbackdoor,qewionfu.bazar
bazarbackdoor,qewionbi.bazar
bazarbackdoor,qewionti.bazar
bazarbackdoor,qewionaz.bazar
bazarbackdoor,qewionic.bazar
bazarbackdoor,qewioneb.bazar
bazarbackdoor,qewitofu.bazar
bazarbackdoor,qewitobi.bazar
bazarbackdoor,qewitoti.bazar
bazarbackdoor,qewitoaz.bazar
bazarbackdoor,qewitoic.bazar
bazarbackdoor,qewitoeb.bazar
bazarbackdoor,qewiibfu.bazar
bazarbackdoor,qewiibbi.bazar
bazarbackdoor,qewiibti.bazar
bazarbackdoor,qewiibaz.bazar
bazarbackdoor,qewiibic.bazar
bazarbackdoor,qewiibeb.bazar
bazarbackdoor,qewielfu.bazar
bazarbackdoor,qewielbi.bazar
bazarbackdoor,qewielti.bazar
bazarbackdoor,qewielaz.bazar
bazarbackdoor,qewielic.bazar
bazarbackdoor,qewieleb.bazar
bazarbackdoor,qewiudfu.bazar
bazarbackdoor,qewiudbi.bazar
bazarbackdoor,qewiudti.bazar
bazarbackdoor,qewiudaz.bazar
bazarbackdoor,qewiudic.bazar
bazarbackdoor,qewiudeb.bazar
bazarbackdoor,qewisofu.bazar
bazarbackdoor,qewisobi.bazar
bazarbackdoor,qewisoti.bazar
bazarbackdoor,qewisoaz.bazar
bazarbackdoor,qewisoic.bazar
bazarbackdoor,qewisoeb.bazar
bazarbackdoor,qeokonfu.bazar
bazarbackdoor,qeokonbi.bazar
bazarbackdoor,qeokonti.bazar
bazarbackdoor,qeokonaz.bazar
bazarbackdoor,qeokonic.bazar
bazarbackdoor,qeokoneb.bazar
bazarbackdoor,qeoktofu.bazar
bazarbackdoor,qeoktobi.bazar
bazarbackdoor,qeoktoti.bazar
bazarbackdoor,qeoktoaz.bazar
bazarbackdoor,qeoktoic.bazar
bazarbackdoor,qeoktoeb.bazar
bazarbackdoor,qeokibfu.bazar
bazarbackdoor,qeokibbi.bazar
bazarbackdoor,qeokibti.bazar
bazarbackdoor,qeokibaz.bazar
bazarbackdoor,qeokibic.bazar
bazarbackdoor,qeokibeb.bazar
bazarbackdoor,qeokelfu.bazar
bazarbackdoor,qeokelbi.bazar
bazarbackdoor,qeokelti.bazar
bazarbackdoor,qeokelaz.bazar
bazarbackdoor,qeokelic.bazar
bazarbackdoor,qeokeleb.bazar
bazarbackdoor,qeokudfu.bazar
bazarbackdoor,qeokudbi.bazar
bazarbackdoor,qeokudti.bazar
bazarbackdoor,qeokudaz.bazar
bazarbackdoor,qeokudic.bazar
bazarbackdoor,qeokudeb.bazar
bazarbackdoor,qeoksofu.bazar
bazarbackdoor,qeoksobi.bazar
bazarbackdoor,qeoksoti.bazar
bazarbackdoor,qeoksoaz.bazar
bazarbackdoor,qeoksoic.bazar
bazarbackdoor,qeoksoeb.bazar
bazarbackdoor,qeitonfu.bazar
bazarbackdoor,qeitonbi.bazar
bazarbackdoor,qeitonti.bazar
bazarbackdoor,qeitonaz.bazar
bazarbackdoor,qeitonic.bazar
bazarbackdoor,qeitoneb.bazar
bazarbackdoor,qeittofu.bazar
bazarbackdoor,qeittobi.bazar
bazarbackdoor,qeittoti.bazar
bazarbackdoor,qeittoaz.bazar
bazarbackdoor,qeittoic.bazar
bazarbackdoor,qeittoeb.bazar
bazarbackdoor,qeitibfu.bazar
bazarbackdoor,qeitibbi.bazar
bazarbackdoor,qeitibti.bazar
bazarbackdoor,qeitibaz.bazar
bazarbackdoor,qeitibic.bazar
bazarbackdoor,qeitibeb.bazar
bazarbackdoor,qeitelfu.bazar
bazarbackdoor,qeitelbi.bazar
bazarbackdoor,qeitelti.bazar
bazarbackdoor,qeitelaz.bazar
bazarbackdoor,qeitelic.bazar
bazarbackdoor,qeiteleb.bazar
bazarbackdoor,qeitudfu.bazar
bazarbackdoor,qeitudbi.bazar
bazarbackdoor,qeitudti.bazar
bazarbackdoor,qeitudaz.bazar
bazarbackdoor,qeitudic.bazar
bazarbackdoor,qeitudeb.bazar
bazarbackdoor,qeitsofu.bazar
bazarbackdoor,qeitsobi.bazar
bazarbackdoor,qeitsoti.bazar
bazarbackdoor,qeitsoaz.bazar
bazarbackdoor,qeitsoic.bazar
bazarbackdoor,qeitsoeb.bazar
bazarbackdoor,qenuonfu.bazar
bazarbackdoor,qenuonbi.bazar
bazarbackdoor,qenuonti.bazar
bazarbackdoor,qenuonaz.bazar
bazarbackdoor,qenuonic.bazar
bazarbackdoor,qenuoneb.bazar
bazarbackdoor,qenutofu.bazar
bazarbackdoor,qenutobi.bazar
bazarbackdoor,qenutoti.bazar
bazarbackdoor,qenutoaz.bazar
bazarbackdoor,qenutoic.bazar
bazarbackdoor,qenutoeb.bazar
bazarbackdoor,qenuibfu.bazar
bazarbackdoor,qenuibbi.bazar
bazarbackdoor,qenuibti.bazar
bazarbackdoor,qenuibaz.bazar
bazarbackdoor,qenuibic.bazar
bazarbackdoor,qenuibeb.bazar
bazarbackdoor,qenuelfu.bazar
bazarbackdoor,qenuelbi.bazar
bazarbackdoor,qenuelti.bazar
bazarbackdoor,qenuelaz.bazar
bazarbackdoor,qenuelic.bazar
bazarbackdoor,qenueleb.bazar
bazarbackdoor,qenuudfu.bazar
bazarbackdoor,qenuudbi.bazar
bazarbackdoor,qenuudti.bazar
bazarbackdoor,qenuudaz.bazar
bazarbackdoor,qenuudic.bazar
bazarbackdoor,qenuudeb.bazar
bazarbackdoor,qenusofu.bazar
bazarbackdoor,qenusobi.bazar
bazarbackdoor,qenusoti.bazar
bazarbackdoor,qenusoaz.bazar
bazarbackdoor,qenusoic.bazar
bazarbackdoor,qenusoeb.bazar
bazarbackdoor,qeneonfu.bazar
bazarbackdoor,qeneonbi.bazar
bazarbackdoor,qeneonti.bazar
bazarbackdoor,qeneonaz.bazar
bazarbackdoor,qeneonic.bazar
bazarbackdoor,qeneoneb.bazar
bazarbackdoor,qenetofu.bazar
bazarbackdoor,qenetobi.bazar
bazarbackdoor,qenetoti.bazar
bazarbackdoor,qenetoaz.bazar
bazarbackdoor,qenetoic.bazar
bazarbackdoor,qenetoeb.bazar
bazarbackdoor,qeneibfu.bazar
bazarbackdoor,qeneibbi.bazar
bazarbackdoor,qeneibti.bazar
bazarbackdoor,qeneibaz.bazar
bazarbackdoor,qeneibic.bazar
bazarbackdoor,qeneibeb.bazar
bazarbackdoor,qeneelfu.bazar
bazarbackdoor,qeneelbi.bazar
bazarbackdoor,qeneelti.bazar
bazarbackdoor,qeneelaz.bazar
bazarbackdoor,qeneelic.bazar
bazarbackdoor,qeneeleb.bazar
bazarbackdoor,qeneudfu.bazar
bazarbackdoor,qeneudbi.bazar
bazarbackdoor,qeneudti.bazar
bazarbackdoor,qeneudaz.bazar
bazarbackdoor,qeneudic.bazar
bazarbackdoor,qeneudeb.bazar
bazarbackdoor,qenesofu.bazar
bazarbackdoor,qenesobi.bazar
bazarbackdoor,qenesoti.bazar
bazarbackdoor,qenesoaz.bazar
bazarbackdoor,qenesoic.bazar
bazarbackdoor,qenesoeb.bazar
bazarbackdoor,qeroonfu.bazar
bazarbackdoor,qeroonbi.bazar
bazarbackdoor,qeroonti.bazar
bazarbackdoor,qeroonaz.bazar
bazarbackdoor,qeroonic.bazar
bazarbackdoor,qerooneb.bazar
bazarbackdoor,qerotofu.bazar
bazarbackdoor,qerotobi.bazar
bazarbackdoor,qerototi.bazar
bazarbackdoor,qerotoaz.bazar
bazarbackdoor,qerotoic.bazar
bazarbackdoor,qerotoeb.bazar
bazarbackdoor,qeroibfu.bazar
bazarbackdoor,qeroibbi.bazar
bazarbackdoor,qeroibti.bazar
bazarbackdoor,qeroibaz.bazar
bazarbackdoor,qeroibic.bazar
bazarbackdoor,qeroibeb.bazar
bazarbackdoor,qeroelfu.bazar
bazarbackdoor,qeroelbi.bazar
bazarbackdoor,qeroelti.bazar
bazarbackdoor,qeroelaz.bazar
bazarbackdoor,qeroelic.bazar
bazarbackdoor,qeroeleb.bazar
bazarbackdoor,qeroudfu.bazar
bazarbackdoor,qeroudbi.bazar
bazarbackdoor,qeroudti.bazar
bazarbackdoor,qeroudaz.bazar
bazarbackdoor,qeroudic.bazar
bazarbackdoor,qeroudeb.bazar
bazarbackdoor,qerosofu.bazar
bazarbackdoor,qerosobi.bazar
bazarbackdoor,qerosoti.bazar
bazarbackdoor,qerosoaz.bazar
bazarbackdoor,qerosoic.bazar
bazarbackdoor,qerosoeb.bazar
bazarbackdoor,qexeonfu.bazar
bazarbackdoor,qexeonbi.bazar
bazarbackdoor,qexeonti.bazar
bazarbackdoor,qexeonaz.bazar
bazarbackdoor,qexeonic.bazar
bazarbackdoor,qexeoneb.bazar
bazarbackdoor,qexetofu.bazar
bazarbackdoor,qexetobi.bazar
bazarbackdoor,qexetoti.bazar
bazarbackdoor,qexetoaz.bazar
bazarbackdoor,qexetoic.bazar
bazarbackdoor,qexetoeb.bazar
bazarbackdoor,qexeibfu.bazar
bazarbackdoor,qexeibbi.bazar
bazarbackdoor,qexeibti.bazar
bazarbackdoor,qexeibaz.bazar
bazarbackdoor,qexeibic.bazar
bazarbackdoor,qexeibeb.bazar
bazarbackdoor,qexeelfu.bazar
bazarbackdoor,qexeelbi.bazar
bazarbackdoor,qexeelti.bazar
bazarbackdoor,qexeelaz.bazar
bazarbackdoor,qexeelic.bazar
bazarbackdoor,qexeeleb.bazar
bazarbackdoor,qexeudfu.bazar
bazarbackdoor,qexeudbi.bazar
bazarbackdoor,qexeudti.bazar
bazarbackdoor,qexeudaz.bazar
bazarbackdoor,qexeudic.bazar
bazarbackdoor,qexeudeb.bazar
bazarbackdoor,qexesofu.bazar
bazarbackdoor,qexesobi.bazar
bazarbackdoor,qexesoti.bazar
bazarbackdoor,qexesoaz.bazar
bazarbackdoor,qexesoic.bazar
bazarbackdoor,qexesoeb.bazar
bazarbackdoor,qepyonfu.bazar
bazarbackdoor,qepyonbi.bazar
bazarbackdoor,qepyonti.bazar
bazarbackdoor,qepyonaz.bazar
bazarbackdoor,qepyonic.bazar
bazarbackdoor,qepyoneb.bazar
bazarbackdoor,qepytofu.bazar
bazarbackdoor,qepytobi.bazar
bazarbackdoor,qepytoti.bazar
bazarbackdoor,qepytoaz.bazar
bazarbackdoor,qepytoic.bazar
bazarbackdoor,qepytoeb.bazar
bazarbackdoor,qepyibfu.bazar
bazarbackdoor,qepyibbi.bazar
bazarbackdoor,qepyibti.bazar
bazarbackdoor,qepyibaz.bazar
bazarbackdoor,qepyibic.bazar
bazarbackdoor,qepyibeb.bazar
bazarbackdoor,qepyelfu.bazar
bazarbackdoor,qepyelbi.bazar
bazarbackdoor,qepyelti.bazar
bazarbackdoor,qepyelaz.bazar
bazarbackdoor,qepyelic.bazar
bazarbackdoor,qepyeleb.bazar
bazarbackdoor,qepyudfu.bazar
bazarbackdoor,qepyudbi.bazar
bazarbackdoor,qepyudti.bazar
bazarbackdoor,qepyudaz.bazar
bazarbackdoor,qepyudic.bazar
bazarbackdoor,qepyudeb.bazar
bazarbackdoor,qepysofu.bazar
bazarbackdoor,qepysobi.bazar
bazarbackdoor,qepysoti.bazar
bazarbackdoor,qepysoaz.bazar
bazarbackdoor,qepysoic.bazar
bazarbackdoor,qepysoeb.bazar
bazarbackdoor,qeanonfu.bazar
bazarbackdoor,qeanonbi.bazar
bazarbackdoor,qeanonti.bazar
bazarbackdoor,qeanonaz.bazar
bazarbackdoor,qeanonic.bazar
bazarbackdoor,qeanoneb.bazar
bazarbackdoor,qeantofu.bazar
bazarbackdoor,qeantobi.bazar
bazarbackdoor,qeantoti.bazar
bazarbackdoor,qeantoaz.bazar
bazarbackdoor,qeantoic.bazar
bazarbackdoor,qeantoeb.bazar
bazarbackdoor,qeanibfu.bazar
bazarbackdoor,qeanibbi.bazar
bazarbackdoor,qeanibti.bazar
bazarbackdoor,qeanibaz.bazar
bazarbackdoor,qeanibic.bazar
bazarbackdoor,qeanibeb.bazar
bazarbackdoor,qeanelfu.bazar
bazarbackdoor,qeanelbi.bazar
bazarbackdoor,qeanelti.bazar
bazarbackdoor,qeanelaz.bazar
bazarbackdoor,qeanelic.bazar
bazarbackdoor,qeaneleb.bazar
bazarbackdoor,qeanudfu.bazar
bazarbackdoor,qeanudbi.bazar
bazarbackdoor,qeanudti.bazar
bazarbackdoor,qeanudaz.bazar
bazarbackdoor,qeanudic.bazar
bazarbackdoor,qeanudeb.bazar
bazarbackdoor,qeansofu.bazar
bazarbackdoor,qeansobi.bazar
bazarbackdoor,qeansoti.bazar
bazarbackdoor,qeansoaz.bazar
bazarbackdoor,qeansoic.bazar
bazarbackdoor,qeansoeb.bazar
bazarbackdoor,qebeonfu.bazar
bazarbackdoor,qebeonbi.bazar
bazarbackdoor,qebeonti.bazar
bazarbackdoor,qebeonaz.bazar
bazarbackdoor,qebeonic.bazar
bazarbackdoor,qebeoneb.bazar
bazarbackdoor,qebetofu.bazar
bazarbackdoor,qebetobi.bazar
bazarbackdoor,qebetoti.bazar
bazarbackdoor,qebetoaz.bazar
bazarbackdoor,qebetoic.bazar
bazarbackdoor,qebetoeb.bazar
bazarbackdoor,qebeibfu.bazar
bazarbackdoor,qebeibbi.bazar
bazarbackdoor,qebeibti.bazar
bazarbackdoor,qebeibaz.bazar
bazarbackdoor,qebeibic.bazar
bazarbackdoor,qebeibeb.bazar
bazarbackdoor,qebeelfu.bazar
bazarbackdoor,qebeelbi.bazar
bazarbackdoor,qebeelti.bazar
bazarbackdoor,qebeelaz.bazar
bazarbackdoor,qebeelic.bazar
bazarbackdoor,qebeeleb.bazar
bazarbackdoor,qebeudfu.bazar
bazarbackdoor,qebeudbi.bazar
bazarbackdoor,qebeudti.bazar
bazarbackdoor,qebeudaz.bazar
bazarbackdoor,qebeudic.bazar
bazarbackdoor,qebeudeb.bazar
bazarbackdoor,qebesofu.bazar
bazarbackdoor,qebesobi.bazar
bazarbackdoor,qebesoti.bazar
bazarbackdoor,qebesoaz.bazar
bazarbackdoor,qebesoic.bazar
bazarbackdoor,qebesoeb.bazar
bazarbackdoor,qekyonfu.bazar
bazarbackdoor,qekyonbi.bazar
bazarbackdoor,qekyonti.bazar
bazarbackdoor,qekyonaz.bazar
bazarbackdoor,qekyonic.bazar
bazarbackdoor,qekyoneb.bazar
bazarbackdoor,qekytofu.bazar
bazarbackdoor,qekytobi.bazar
bazarbackdoor,qekytoti.bazar
bazarbackdoor,qekytoaz.bazar
bazarbackdoor,qekytoic.bazar
bazarbackdoor,qekytoeb.bazar
bazarbackdoor,qekyibfu.bazar
bazarbackdoor,qekyibbi.bazar
bazarbackdoor,qekyibti.bazar
bazarbackdoor,qekyibaz.bazar
bazarbackdoor,qekyibic.bazar
bazarbackdoor,qekyibeb.bazar
bazarbackdoor,qekyelfu.bazar
bazarbackdoor,qekyelbi.bazar
bazarbackdoor,qekyelti.bazar
bazarbackdoor,qekyelaz.bazar
bazarbackdoor,qekyelic.bazar
bazarbackdoor,qekyeleb.bazar
bazarbackdoor,qekyudfu.bazar
bazarbackdoor,qekyudbi.bazar
bazarbackdoor,qekyudti.bazar
bazarbackdoor,qekyudaz.bazar
bazarbackdoor,qekyudic.bazar
bazarbackdoor,qekyudeb.bazar
bazarbackdoor,qekysofu.bazar
bazarbackdoor,qekysobi.bazar
bazarbackdoor,qekysoti.bazar
bazarbackdoor,qekysoaz.bazar
bazarbackdoor,qekysoic.bazar
bazarbackdoor,qekysoeb.bazar
bazarbackdoor,qeixonfu.bazar
bazarbackdoor,qeixonbi.bazar
bazarbackdoor,qeixonti.bazar
bazarbackdoor,qeixonaz.bazar
bazarbackdoor,qeixonic.bazar
bazarbackdoor,qeixoneb.bazar
bazarbackdoor,qeixtofu.bazar
bazarbackdoor,qeixtobi.bazar
bazarbackdoor,qeixtoti.bazar
bazarbackdoor,qeixtoaz.bazar
bazarbackdoor,qeixtoic.bazar
bazarbackdoor,qeixtoeb.bazar
bazarbackdoor,qeixibfu.bazar
bazarbackdoor,qeixibbi.bazar
bazarbackdoor,qeixibti.bazar
bazarbackdoor,qeixibaz.bazar
bazarbackdoor,qeixibic.bazar
bazarbackdoor,qeixibeb.bazar
bazarbackdoor,qeixelfu.bazar
bazarbackdoor,qeixelbi.bazar
bazarbackdoor,qeixelti.bazar
bazarbackdoor,qeixelaz.bazar
bazarbackdoor,qeixelic.bazar
bazarbackdoor,qeixeleb.bazar
bazarbackdoor,qeixudfu.bazar
bazarbackdoor,qeixudbi.bazar
bazarbackdoor,qeixudti.bazar
bazarbackdoor,qeixudaz.bazar
bazarbackdoor,qeixudic.bazar
bazarbackdoor,qeixudeb.bazar
bazarbackdoor,qeixsofu.bazar
bazarbackdoor,qeixsobi.bazar
bazarbackdoor,qeixsoti.bazar
bazarbackdoor,qeixsoaz.bazar
bazarbackdoor,qeixsoic.bazar
bazarbackdoor,qeixsoeb.bazar
bazarbackdoor,qexionfu.bazar
bazarbackdoor,qexionbi.bazar
bazarbackdoor,qexionti.bazar
bazarbackdoor,qexionaz.bazar
bazarbackdoor,qexionic.bazar
bazarbackdoor,qexioneb.bazar
bazarbackdoor,qexitofu.bazar
bazarbackdoor,qexitobi.bazar
bazarbackdoor,qexitoti.bazar
bazarbackdoor,qexitoaz.bazar
bazarbackdoor,qexitoic.bazar
bazarbackdoor,qexitoeb.bazar
bazarbackdoor,qexiibfu.bazar
bazarbackdoor,qexiibbi.bazar
bazarbackdoor,qexiibti.bazar
bazarbackdoor,qexiibaz.bazar
bazarbackdoor,qexiibic.bazar
bazarbackdoor,qexiibeb.bazar
bazarbackdoor,qexielfu.bazar
bazarbackdoor,qexielbi.bazar
bazarbackdoor,qexielti.bazar
bazarbackdoor,qexielaz.bazar
bazarbackdoor,qexielic.bazar
bazarbackdoor,qexieleb.bazar
bazarbackdoor,qexiudfu.bazar
bazarbackdoor,qexiudbi.bazar
bazarbackdoor,qexiudti.bazar
bazarbackdoor,qexiudaz.bazar
bazarbackdoor,qexiudic.bazar
bazarbackdoor,qexiudeb.bazar
bazarbackdoor,qexisofu.bazar
bazarbackdoor,qexisobi.bazar
bazarbackdoor,qexisoti.bazar
bazarbackdoor,qexisoaz.bazar
bazarbackdoor,qexisoic.bazar
bazarbackdoor,qexisoeb.bazar
bazarbackdoor,qeuqonfu.bazar
bazarbackdoor,qeuqonbi.bazar
bazarbackdoor,qeuqonti.bazar
bazarbackdoor,qeuqonaz.bazar
bazarbackdoor,qeuqonic.bazar
bazarbackdoor,qeuqoneb.bazar
bazarbackdoor,qeuqtofu.bazar
bazarbackdoor,qeuqtobi.bazar
bazarbackdoor,qeuqtoti.bazar
bazarbackdoor,qeuqtoaz.bazar
bazarbackdoor,qeuqtoic.bazar
bazarbackdoor,qeuqtoeb.bazar
bazarbackdoor,qeuqibfu.bazar
bazarbackdoor,qeuqibbi.bazar
bazarbackdoor,qeuqibti.bazar
bazarbackdoor,qeuqibaz.bazar
bazarbackdoor,qeuqibic.bazar
bazarbackdoor,qeuqibeb.bazar
bazarbackdoor,qeuqelfu.bazar
bazarbackdoor,qeuqelbi.bazar
bazarbackdoor,qeuqelti.bazar
bazarbackdoor,qeuqelaz.bazar
bazarbackdoor,qeuqelic.bazar
bazarbackdoor,qeuqeleb.bazar
bazarbackdoor,qeuqudfu.bazar
bazarbackdoor,qeuqudbi.bazar
bazarbackdoor,qeuqudti.bazar
bazarbackdoor,qeuqudaz.bazar
bazarbackdoor,qeuqudic.bazar
bazarbackdoor,qeuqudeb.bazar
bazarbackdoor,qeuqsofu.bazar
bazarbackdoor,qeuqsobi.bazar
bazarbackdoor,qeuqsoti.bazar
bazarbackdoor,qeuqsoaz.bazar
bazarbackdoor,qeuqsoic.bazar
bazarbackdoor,qeuqsoeb.bazar
bazarbackdoor,ewfeonfu.bazar
bazarbackdoor,ewfeonbi.bazar
bazarbackdoor,ewfeonti.bazar
bazarbackdoor,ewfeonaz.bazar
bazarbackdoor,ewfeonic.bazar
bazarbackdoor,ewfeoneb.bazar
bazarbackdoor,ewfetofu.bazar
bazarbackdoor,ewfetobi.bazar
bazarbackdoor,ewfetoti.bazar
bazarbackdoor,ewfetoaz.bazar
bazarbackdoor,ewfetoic.bazar
bazarbackdoor,ewfetoeb.bazar
bazarbackdoor,ewfeibfu.bazar
bazarbackdoor,ewfeibbi.bazar
bazarbackdoor,ewfeibti.bazar
bazarbackdoor,ewfeibaz.bazar
bazarbackdoor,ewfeibic.bazar
bazarbackdoor,ewfeibeb.bazar
bazarbackdoor,ewfeelfu.bazar
bazarbackdoor,ewfeelbi.bazar
bazarbackdoor,ewfeelti.bazar
bazarbackdoor,ewfeelaz.bazar
bazarbackdoor,ewfeelic.bazar
bazarbackdoor,ewfeeleb.bazar
bazarbackdoor,ewfeudfu.bazar
bazarbackdoor,ewfeudbi.bazar
bazarbackdoor,ewfeudti.bazar
bazarbackdoor,ewfeudaz.bazar
bazarbackdoor,ewfeudic.bazar
bazarbackdoor,ewfeudeb.bazar
bazarbackdoor,ewfesofu.bazar
bazarbackdoor,ewfesobi.bazar
bazarbackdoor,ewfesoti.bazar
bazarbackdoor,ewfesoaz.bazar
bazarbackdoor,ewfesoic.bazar
bazarbackdoor,ewfesoeb.bazar
bazarbackdoor,ewxuonfu.bazar
bazarbackdoor,ewxuonbi.bazar
bazarbackdoor,ewxuonti.bazar
bazarbackdoor,ewxuonaz.bazar
bazarbackdoor,ewxuonic.bazar
bazarbackdoor,ewxuoneb.bazar
bazarbackdoor,ewxutofu.bazar
bazarbackdoor,ewxutobi.bazar
bazarbackdoor,ewxutoti.bazar
bazarbackdoor,ewxutoaz.bazar
bazarbackdoor,ewxutoic.bazar
bazarbackdoor,ewxutoeb.bazar
bazarbackdoor,ewxuibfu.bazar
bazarbackdoor,ewxuibbi.bazar
bazarbackdoor,ewxuibti.bazar
bazarbackdoor,ewxuibaz.bazar
bazarbackdoor,ewxuibic.bazar
bazarbackdoor,ewxuibeb.bazar
bazarbackdoor,ewxuelfu.bazar
bazarbackdoor,ewxuelbi.bazar
bazarbackdoor,ewxuelti.bazar
bazarbackdoor,ewxuelaz.bazar
bazarbackdoor,ewxuelic.bazar
bazarbackdoor,ewxueleb.bazar
bazarbackdoor,ewxuudfu.bazar
bazarbackdoor,ewxuudbi.bazar
bazarbackdoor,ewxuudti.bazar
bazarbackdoor,ewxuudaz.bazar
bazarbackdoor,ewxuudic.bazar
bazarbackdoor,ewxuudeb.bazar
bazarbackdoor,ewxusofu.bazar
bazarbackdoor,ewxusobi.bazar
bazarbackdoor,ewxusoti.bazar
bazarbackdoor,ewxusoaz.bazar
bazarbackdoor,ewxusoic.bazar
bazarbackdoor,ewxusoeb.bazar
bazarbackdoor,ewefonfu.bazar
bazarbackdoor,ewefonbi.bazar
bazarbackdoor,ewefonti.bazar
bazarbackdoor,ewefonaz.bazar
bazarbackdoor,ewefonic.bazar
bazarbackdoor,ewefoneb.bazar
bazarbackdoor,eweftofu.bazar
bazarbackdoor,eweftobi.bazar
bazarbackdoor,eweftoti.bazar
bazarbackdoor,eweftoaz.bazar
bazarbackdoor,eweftoic.bazar
bazarbackdoor,eweftoeb.bazar
bazarbackdoor,ewefibfu.bazar
bazarbackdoor,ewefibbi.bazar
bazarbackdoor,ewefibti.bazar
bazarbackdoor,ewefibaz.bazar
bazarbackdoor,ewefibic.bazar
bazarbackdoor,ewefibeb.bazar
bazarbackdoor,ewefelfu.bazar
bazarbackdoor,ewefelbi.bazar
bazarbackdoor,ewefelti.bazar
bazarbackdoor,ewefelaz.bazar
bazarbackdoor,ewefelic.bazar
bazarbackdoor,ewefeleb.bazar
bazarbackdoor,ewefudfu.bazar
bazarbackdoor,ewefudbi.bazar
bazarbackdoor,ewefudti.bazar
bazarbackdoor,ewefudaz.bazar
bazarbackdoor,ewefudic.bazar
bazarbackdoor,ewefudeb.bazar
bazarbackdoor,ewefsofu.bazar
bazarbackdoor,ewefsobi.bazar
bazarbackdoor,ewefsoti.bazar
bazarbackdoor,ewefsoaz.bazar
bazarbackdoor,ewefsoic.bazar
bazarbackdoor,ewefsoeb.bazar
bazarbackdoor,ewgoonfu.bazar
bazarbackdoor,ewgoonbi.bazar
bazarbackdoor,ewgoonti.bazar
bazarbackdoor,ewgoonaz.bazar
bazarbackdoor,ewgoonic.bazar
bazarbackdoor,ewgooneb.bazar
bazarbackdoor,ewgotofu.bazar
bazarbackdoor,ewgotobi.bazar
bazarbackdoor,ewgototi.bazar
bazarbackdoor,ewgotoaz.bazar
bazarbackdoor,ewgotoic.bazar
bazarbackdoor,ewgotoeb.bazar
bazarbackdoor,ewgoibfu.bazar
bazarbackdoor,ewgoibbi.bazar
bazarbackdoor,ewgoibti.bazar
bazarbackdoor,ewgoibaz.bazar
bazarbackdoor,ewgoibic.bazar
bazarbackdoor,ewgoibeb.bazar
bazarbackdoor,ewgoelfu.bazar
bazarbackdoor,ewgoelbi.bazar
bazarbackdoor,ewgoelti.bazar
bazarbackdoor,ewgoelaz.bazar
bazarbackdoor,ewgoelic.bazar
bazarbackdoor,ewgoeleb.bazar
bazarbackdoor,ewgoudfu.bazar
bazarbackdoor,ewgoudbi.bazar
bazarbackdoor,ewgoudti.bazar
bazarbackdoor,ewgoudaz.bazar
bazarbackdoor,ewgoudic.bazar
bazarbackdoor,ewgoudeb.bazar
bazarbackdoor,ewgosofu.bazar
bazarbackdoor,ewgosobi.bazar
bazarbackdoor,ewgosoti.bazar
bazarbackdoor,ewgosoaz.bazar
bazarbackdoor,ewgosoic.bazar
bazarbackdoor,ewgosoeb.bazar
bazarbackdoor,ewyconfu.bazar
bazarbackdoor,ewyconbi.bazar
bazarbackdoor,ewyconti.bazar
bazarbackdoor,ewyconaz.bazar
bazarbackdoor,ewyconic.bazar
bazarbackdoor,ewyconeb.bazar
bazarbackdoor,ewyctofu.bazar
bazarbackdoor,ewyctobi.bazar
bazarbackdoor,ewyctoti.bazar
bazarbackdoor,ewyctoaz.bazar
bazarbackdoor,ewyctoic.bazar
bazarbackdoor,ewyctoeb.bazar
bazarbackdoor,ewycibfu.bazar
bazarbackdoor,ewycibbi.bazar
bazarbackdoor,ewycibti.bazar
bazarbackdoor,ewycibaz.bazar
bazarbackdoor,ewycibic.bazar
bazarbackdoor,ewycibeb.bazar
bazarbackdoor,ewycelfu.bazar
bazarbackdoor,ewycelbi.bazar
bazarbackdoor,ewycelti.bazar
bazarbackdoor,ewycelaz.bazar
bazarbackdoor,ewycelic.bazar
bazarbackdoor,ewyceleb.bazar
bazarbackdoor,ewycudfu.bazar
bazarbackdoor,ewycudbi.bazar
bazarbackdoor,ewycudti.bazar
bazarbackdoor,ewycudaz.bazar
bazarbackdoor,ewycudic.bazar
bazarbackdoor,ewycudeb.bazar
bazarbackdoor,ewycsofu.bazar
bazarbackdoor,ewycsobi.bazar
bazarbackdoor,ewycsoti.bazar
bazarbackdoor,ewycsoaz.bazar
bazarbackdoor,ewycsoic.bazar
bazarbackdoor,ewycsoeb.bazar
bazarbackdoor,ewwionfu.bazar
bazarbackdoor,ewwionbi.bazar
bazarbackdoor,ewwionti.bazar
bazarbackdoor,ewwionaz.bazar
bazarbackdoor,ewwionic.bazar
bazarbackdoor,ewwioneb.bazar
bazarbackdoor,ewwitofu.bazar
bazarbackdoor,ewwitobi.bazar
bazarbackdoor,ewwitoti.bazar
bazarbackdoor,ewwitoaz.bazar
bazarbackdoor,ewwitoic.bazar
bazarbackdoor,ewwitoeb.bazar
bazarbackdoor,ewwiibfu.bazar
bazarbackdoor,ewwiibbi.bazar
bazarbackdoor,ewwiibti.bazar
bazarbackdoor,ewwiibaz.bazar
bazarbackdoor,ewwiibic.bazar
bazarbackdoor,ewwiibeb.bazar
bazarbackdoor,ewwielfu.bazar
bazarbackdoor,ewwielbi.bazar
bazarbackdoor,ewwielti.bazar
bazarbackdoor,ewwielaz.bazar
bazarbackdoor,ewwielic.bazar
bazarbackdoor,ewwieleb.bazar
bazarbackdoor,ewwiudfu.bazar
bazarbackdoor,ewwiudbi.bazar
bazarbackdoor,ewwiudti.bazar
bazarbackdoor,ewwiudaz.bazar
bazarbackdoor,ewwiudic.bazar
bazarbackdoor,ewwiudeb.bazar
bazarbackdoor,ewwisofu.bazar
bazarbackdoor,ewwisobi.bazar
bazarbackdoor,ewwisoti.bazar
bazarbackdoor,ewwisoaz.bazar
bazarbackdoor,ewwisoic.bazar
bazarbackdoor,ewwisoeb.bazar
bazarbackdoor,ewokonfu.bazar
bazarbackdoor,ewokonbi.bazar
bazarbackdoor,ewokonti.bazar
bazarbackdoor,ewokonaz.bazar
bazarbackdoor,ewokonic.bazar
bazarbackdoor,ewokoneb.bazar
bazarbackdoor,ewoktofu.bazar
bazarbackdoor,ewoktobi.bazar
bazarbackdoor,ewoktoti.bazar
bazarbackdoor,ewoktoaz.bazar
bazarbackdoor,ewoktoic.bazar
bazarbackdoor,ewoktoeb.bazar
bazarbackdoor,ewokibfu.bazar
bazarbackdoor,ewokibbi.bazar
bazarbackdoor,ewokibti.bazar
bazarbackdoor,ewokibaz.bazar
bazarbackdoor,ewokibic.bazar
bazarbackdoor,ewokibeb.bazar
bazarbackdoor,ewokelfu.bazar
bazarbackdoor,ewokelbi.bazar
bazarbackdoor,ewokelti.bazar
bazarbackdoor,ewokelaz.bazar
bazarbackdoor,ewokelic.bazar
bazarbackdoor,ewokeleb.bazar
bazarbackdoor,ewokudfu.bazar
bazarbackdoor,ewokudbi.bazar
bazarbackdoor,ewokudti.bazar
bazarbackdoor,ewokudaz.bazar
bazarbackdoor,ewokudic.bazar
bazarbackdoor,ewokudeb.bazar
bazarbackdoor,ewoksofu.bazar
bazarbackdoor,ewoksobi.bazar
bazarbackdoor,ewoksoti.bazar
bazarbackdoor,ewoksoaz.bazar
bazarbackdoor,ewoksoic.bazar
bazarbackdoor,ewoksoeb.bazar
bazarbackdoor,ewitonfu.bazar
bazarbackdoor,ewitonbi.bazar
bazarbackdoor,ewitonti.bazar
bazarbackdoor,ewitonaz.bazar
bazarbackdoor,ewitonic.bazar
bazarbackdoor,ewitoneb.bazar
bazarbackdoor,ewittofu.bazar
bazarbackdoor,ewittobi.bazar
bazarbackdoor,ewittoti.bazar
bazarbackdoor,ewittoaz.bazar
bazarbackdoor,ewittoic.bazar
bazarbackdoor,ewittoeb.bazar
bazarbackdoor,ewitibfu.bazar
bazarbackdoor,ewitibbi.bazar
bazarbackdoor,ewitibti.bazar
bazarbackdoor,ewitibaz.bazar
bazarbackdoor,ewitibic.bazar
bazarbackdoor,ewitibeb.bazar
bazarbackdoor,ewitelfu.bazar
bazarbackdoor,ewitelbi.bazar
bazarbackdoor,ewitelti.bazar
bazarbackdoor,ewitelaz.bazar
bazarbackdoor,ewitelic.bazar
bazarbackdoor,ewiteleb.bazar
bazarbackdoor,ewitudfu.bazar
bazarbackdoor,ewitudbi.bazar
bazarbackdoor,ewitudti.bazar
bazarbackdoor,ewitudaz.bazar
bazarbackdoor,ewitudic.bazar
bazarbackdoor,ewitudeb.bazar
bazarbackdoor,ewitsofu.bazar
bazarbackdoor,ewitsobi.bazar
bazarbackdoor,ewitsoti.bazar
bazarbackdoor,ewitsoaz.bazar
bazarbackdoor,ewitsoic.bazar
bazarbackdoor,ewitsoeb.bazar
bazarbackdoor,ewnuonfu.bazar
bazarbackdoor,ewnuonbi.bazar
bazarbackdoor,ewnuonti.bazar
bazarbackdoor,ewnuonaz.bazar
bazarbackdoor,ewnuonic.bazar
bazarbackdoor,ewnuoneb.bazar
bazarbackdoor,ewnutofu.bazar
bazarbackdoor,ewnutobi.bazar
bazarbackdoor,ewnutoti.bazar
bazarbackdoor,ewnutoaz.bazar
bazarbackdoor,ewnutoic.bazar
bazarbackdoor,ewnutoeb.bazar
bazarbackdoor,ewnuibfu.bazar
bazarbackdoor,ewnuibbi.bazar
bazarbackdoor,ewnuibti.bazar
bazarbackdoor,ewnuibaz.bazar
bazarbackdoor,ewnuibic.bazar
bazarbackdoor,ewnuibeb.bazar
bazarbackdoor,ewnuelfu.bazar
bazarbackdoor,ewnuelbi.bazar
bazarbackdoor,ewnuelti.bazar
bazarbackdoor,ewnuelaz.bazar
bazarbackdoor,ewnuelic.bazar
bazarbackdoor,ewnueleb.bazar
bazarbackdoor,ewnuudfu.bazar
bazarbackdoor,ewnuudbi.bazar
bazarbackdoor,ewnuudti.bazar
bazarbackdoor,ewnuudaz.bazar
bazarbackdoor,ewnuudic.bazar
bazarbackdoor,ewnuudeb.bazar
bazarbackdoor,ewnusofu.bazar
bazarbackdoor,ewnusobi.bazar
bazarbackdoor,ewnusoti.bazar
bazarbackdoor,ewnusoaz.bazar
bazarbackdoor,ewnusoic.bazar
bazarbackdoor,ewnusoeb.bazar
bazarbackdoor,ewneonfu.bazar
bazarbackdoor,ewneonbi.bazar
bazarbackdoor,ewneonti.bazar
bazarbackdoor,ewneonaz.bazar
bazarbackdoor,ewneonic.bazar
bazarbackdoor,ewneoneb.bazar
bazarbackdoor,ewnetofu.bazar
bazarbackdoor,ewnetobi.bazar
bazarbackdoor,ewnetoti.bazar
bazarbackdoor,ewnetoaz.bazar
bazarbackdoor,ewnetoic.bazar
bazarbackdoor,ewnetoeb.bazar
bazarbackdoor,ewneibfu.bazar
bazarbackdoor,ewneibbi.bazar
bazarbackdoor,ewneibti.bazar
bazarbackdoor,ewneibaz.bazar
bazarbackdoor,ewneibic.bazar
bazarbackdoor,ewneibeb.bazar
bazarbackdoor,ewneelfu.bazar
bazarbackdoor,ewneelbi.bazar
bazarbackdoor,ewneelti.bazar
bazarbackdoor,ewneelaz.bazar
bazarbackdoor,ewneelic.bazar
bazarbackdoor,ewneeleb.bazar
bazarbackdoor,ewneudfu.bazar
bazarbackdoor,ewneudbi.bazar
bazarbackdoor,ewneudti.bazar
bazarbackdoor,ewneudaz.bazar
bazarbackdoor,ewneudic.bazar
bazarbackdoor,ewneudeb.bazar
bazarbackdoor,ewnesofu.bazar
bazarbackdoor,ewnesobi.bazar
bazarbackdoor,ewnesoti.bazar
bazarbackdoor,ewnesoaz.bazar
bazarbackdoor,ewnesoic.bazar
bazarbackdoor,ewnesoeb.bazar
bazarbackdoor,ewroonfu.bazar
bazarbackdoor,ewroonbi.bazar
bazarbackdoor,ewroonti.bazar
bazarbackdoor,ewroonaz.bazar
bazarbackdoor,ewroonic.bazar
bazarbackdoor,ewrooneb.bazar
bazarbackdoor,ewrotofu.bazar
bazarbackdoor,ewrotobi.bazar
bazarbackdoor,ewrototi.bazar
bazarbackdoor,ewrotoaz.bazar
bazarbackdoor,ewrotoic.bazar
bazarbackdoor,ewrotoeb.bazar
bazarbackdoor,ewroibfu.bazar
bazarbackdoor,ewroibbi.bazar
bazarbackdoor,ewroibti.bazar
bazarbackdoor,ewroibaz.bazar
bazarbackdoor,ewroibic.bazar
bazarbackdoor,ewroibeb.bazar
bazarbackdoor,ewroelfu.bazar
bazarbackdoor,ewroelbi.bazar
bazarbackdoor,ewroelti.bazar
bazarbackdoor,ewroelaz.bazar
bazarbackdoor,ewroelic.bazar
bazarbackdoor,ewroeleb.bazar
bazarbackdoor,ewroudfu.bazar
bazarbackdoor,ewroudbi.bazar
bazarbackdoor,ewroudti.bazar
bazarbackdoor,ewroudaz.bazar
bazarbackdoor,ewroudic.bazar
bazarbackdoor,ewroudeb.bazar
bazarbackdoor,ewrosofu.bazar
bazarbackdoor,ewrosobi.bazar
bazarbackdoor,ewrosoti.bazar
bazarbackdoor,ewrosoaz.bazar
bazarbackdoor,ewrosoic.bazar
bazarbackdoor,ewrosoeb.bazar
bazarbackdoor,ewxeonfu.bazar
bazarbackdoor,ewxeonbi.bazar
bazarbackdoor,ewxeonti.bazar
bazarbackdoor,ewxeonaz.bazar
bazarbackdoor,ewxeonic.bazar
bazarbackdoor,ewxeoneb.bazar
bazarbackdoor,ewxetofu.bazar
bazarbackdoor,ewxetobi.bazar
bazarbackdoor,ewxetoti.bazar
bazarbackdoor,ewxetoaz.bazar
bazarbackdoor,ewxetoic.bazar
bazarbackdoor,ewxetoeb.bazar
bazarbackdoor,ewxeibfu.bazar
bazarbackdoor,ewxeibbi.bazar
bazarbackdoor,ewxeibti.bazar
bazarbackdoor,ewxeibaz.bazar
bazarbackdoor,ewxeibic.bazar
bazarbackdoor,ewxeibeb.bazar
bazarbackdoor,ewxeelfu.bazar
bazarbackdoor,ewxeelbi.bazar
bazarbackdoor,ewxeelti.bazar
bazarbackdoor,ewxeelaz.bazar
bazarbackdoor,ewxeelic.bazar
bazarbackdoor,ewxeeleb.bazar
bazarbackdoor,ewxeudfu.bazar
bazarbackdoor,ewxeudbi.bazar
bazarbackdoor,ewxeudti.bazar
bazarbackdoor,ewxeudaz.bazar
bazarbackdoor,ewxeudic.bazar
bazarbackdoor,ewxeudeb.bazar
bazarbackdoor,ewxesofu.bazar
bazarbackdoor,ewxesobi.bazar
bazarbackdoor,ewxesoti.bazar
bazarbackdoor,ewxesoaz.bazar
bazarbackdoor,ewxesoic.bazar
bazarbackdoor,ewxesoeb.bazar
bazarbackdoor,ewpyonfu.bazar
bazarbackdoor,ewpyonbi.bazar
bazarbackdoor,ewpyonti.bazar
bazarbackdoor,ewpyonaz.bazar
bazarbackdoor,ewpyonic.bazar
bazarbackdoor,ewpyoneb.bazar
bazarbackdoor,ewpytofu.bazar
bazarbackdoor,ewpytobi.bazar
bazarbackdoor,ewpytoti.bazar
bazarbackdoor,ewpytoaz.bazar
bazarbackdoor,ewpytoic.bazar
bazarbackdoor,ewpytoeb.bazar
bazarbackdoor,ewpyibfu.bazar
bazarbackdoor,ewpyibbi.bazar
bazarbackdoor,ewpyibti.bazar
bazarbackdoor,ewpyibaz.bazar
bazarbackdoor,ewpyibic.bazar
bazarbackdoor,ewpyibeb.bazar
bazarbackdoor,ewpyelfu.bazar
bazarbackdoor,ewpyelbi.bazar
bazarbackdoor,ewpyelti.bazar
bazarbackdoor,ewpyelaz.bazar
bazarbackdoor,ewpyelic.bazar
bazarbackdoor,ewpyeleb.bazar
bazarbackdoor,ewpyudfu.bazar
bazarbackdoor,ewpyudbi.bazar
bazarbackdoor,ewpyudti.bazar
bazarbackdoor,ewpyudaz.bazar
bazarbackdoor,ewpyudic.bazar
bazarbackdoor,ewpyudeb.bazar
bazarbackdoor,ewpysofu.bazar
bazarbackdoor,ewpysobi.bazar
bazarbackdoor,ewpysoti.bazar
bazarbackdoor,ewpysoaz.bazar
bazarbackdoor,ewpysoic.bazar
bazarbackdoor,ewpysoeb.bazar
bazarbackdoor,ewanonfu.bazar
bazarbackdoor,ewanonbi.bazar
bazarbackdoor,ewanonti.bazar
bazarbackdoor,ewanonaz.bazar
bazarbackdoor,ewanonic.bazar
bazarbackdoor,ewanoneb.bazar
bazarbackdoor,ewantofu.bazar
bazarbackdoor,ewantobi.bazar
bazarbackdoor,ewantoti.bazar
bazarbackdoor,ewantoaz.bazar
bazarbackdoor,ewantoic.bazar
bazarbackdoor,ewantoeb.bazar
bazarbackdoor,ewanibfu.bazar
bazarbackdoor,ewanibbi.bazar
bazarbackdoor,ewanibti.bazar
bazarbackdoor,ewanibaz.bazar
bazarbackdoor,ewanibic.bazar
bazarbackdoor,ewanibeb.bazar
bazarbackdoor,ewanelfu.bazar
bazarbackdoor,ewanelbi.bazar
bazarbackdoor,ewanelti.bazar
bazarbackdoor,ewanelaz.bazar
bazarbackdoor,ewanelic.bazar
bazarbackdoor,ewaneleb.bazar
bazarbackdoor,ewanudfu.bazar
bazarbackdoor,ewanudbi.bazar
bazarbackdoor,ewanudti.bazar
bazarbackdoor,ewanudaz.bazar
bazarbackdoor,ewanudic.bazar
bazarbackdoor,ewanudeb.bazar
bazarbackdoor,ewansofu.bazar
bazarbackdoor,ewansobi.bazar
bazarbackdoor,ewansoti.bazar
bazarbackdoor,ewansoaz.bazar
bazarbackdoor,ewansoic.bazar
bazarbackdoor,ewansoeb.bazar
bazarbackdoor,ewbeonfu.bazar
bazarbackdoor,ewbeonbi.bazar
bazarbackdoor,ewbeonti.bazar
bazarbackdoor,ewbeonaz.bazar
bazarbackdoor,ewbeonic.bazar
bazarbackdoor,ewbeoneb.bazar
bazarbackdoor,ewbetofu.bazar
bazarbackdoor,ewbetobi.bazar
bazarbackdoor,ewbetoti.bazar
bazarbackdoor,ewbetoaz.bazar
bazarbackdoor,ewbetoic.bazar
bazarbackdoor,ewbetoeb.bazar
bazarbackdoor,ewbeibfu.bazar
bazarbackdoor,ewbeibbi.bazar
bazarbackdoor,ewbeibti.bazar
bazarbackdoor,ewbeibaz.bazar
bazarbackdoor,ewbeibic.bazar
bazarbackdoor,ewbeibeb.bazar
bazarbackdoor,ewbeelfu.bazar
bazarbackdoor,ewbeelbi.bazar
bazarbackdoor,ewbeelti.bazar
bazarbackdoor,ewbeelaz.bazar
bazarbackdoor,ewbeelic.bazar
bazarbackdoor,ewbeeleb.bazar
bazarbackdoor,ewbeudfu.bazar
bazarbackdoor,ewbeudbi.bazar
bazarbackdoor,ewbeudti.bazar
bazarbackdoor,ewbeudaz.bazar
bazarbackdoor,ewbeudic.bazar
bazarbackdoor,ewbeudeb.bazar
bazarbackdoor,ewbesofu.bazar
bazarbackdoor,ewbesobi.bazar
bazarbackdoor,ewbesoti.bazar
bazarbackdoor,ewbesoaz.bazar
bazarbackdoor,ewbesoic.bazar
bazarbackdoor,ewbesoeb.bazar
bazarbackdoor,ewkyonfu.bazar
bazarbackdoor,ewkyonbi.bazar
bazarbackdoor,ewkyonti.bazar
bazarbackdoor,ewkyonaz.bazar
bazarbackdoor,ewkyonic.bazar
bazarbackdoor,ewkyoneb.bazar
bazarbackdoor,ewkytofu.bazar
bazarbackdoor,ewkytobi.bazar
bazarbackdoor,ewkytoti.bazar
bazarbackdoor,ewkytoaz.bazar
bazarbackdoor,ewkytoic.bazar
bazarbackdoor,ewkytoeb.bazar
bazarbackdoor,ewkyibfu.bazar
bazarbackdoor,ewkyibbi.bazar
bazarbackdoor,ewkyibti.bazar
bazarbackdoor,ewkyibaz.bazar
bazarbackdoor,ewkyibic.bazar
bazarbackdoor,ewkyibeb.bazar
bazarbackdoor,ewkyelfu.bazar
bazarbackdoor,ewkyelbi.bazar
bazarbackdoor,ewkyelti.bazar
bazarbackdoor,ewkyelaz.bazar
bazarbackdoor,ewkyelic.bazar
bazarbackdoor,ewkyeleb.bazar
bazarbackdoor,ewkyudfu.bazar
bazarbackdoor,ewkyudbi.bazar
bazarbackdoor,ewkyudti.bazar
bazarbackdoor,ewkyudaz.bazar
bazarbackdoor,ewkyudic.bazar
bazarbackdoor,ewkyudeb.bazar
bazarbackdoor,ewkysofu.bazar
bazarbackdoor,ewkysobi.bazar
bazarbackdoor,ewkysoti.bazar
bazarbackdoor,ewkysoaz.bazar
bazarbackdoor,ewkysoic.bazar
bazarbackdoor,ewkysoeb.bazar
bazarbackdoor,ewixonfu.bazar
bazarbackdoor,ewixonbi.bazar
bazarbackdoor,ewixonti.bazar
bazarbackdoor,ewixonaz.bazar
bazarbackdoor,ewixonic.bazar
bazarbackdoor,ewixoneb.bazar
bazarbackdoor,ewixtofu.bazar
bazarbackdoor,ewixtobi.bazar
bazarbackdoor,ewixtoti.bazar
bazarbackdoor,ewixtoaz.bazar
bazarbackdoor,ewixtoic.bazar
bazarbackdoor,ewixtoeb.bazar
bazarbackdoor,ewixibfu.bazar
bazarbackdoor,ewixibbi.bazar
bazarbackdoor,ewixibti.bazar
bazarbackdoor,ewixibaz.bazar
bazarbackdoor,ewixibic.bazar
bazarbackdoor,ewixibeb.bazar
bazarbackdoor,ewixelfu.bazar
bazarbackdoor,ewixelbi.bazar
bazarbackdoor,ewixelti.bazar
bazarbackdoor,ewixelaz.bazar
bazarbackdoor,ewixelic.bazar
bazarbackdoor,ewixeleb.bazar
bazarbackdoor,ewixudfu.bazar
bazarbackdoor,ewixudbi.bazar
bazarbackdoor,ewixudti.bazar
bazarbackdoor,ewixudaz.bazar
bazarbackdoor,ewixudic.bazar
bazarbackdoor,ewixudeb.bazar
bazarbackdoor,ewixsofu.bazar
bazarbackdoor,ewixsobi.bazar
bazarbackdoor,ewixsoti.bazar
bazarbackdoor,ewixsoaz.bazar
bazarbackdoor,ewixsoic.bazar
bazarbackdoor,ewixsoeb.bazar
bazarbackdoor,ewxionfu.bazar
bazarbackdoor,ewxionbi.bazar
bazarbackdoor,ewxionti.bazar
bazarbackdoor,ewxionaz.bazar
bazarbackdoor,ewxionic.bazar
bazarbackdoor,ewxioneb.bazar
bazarbackdoor,ewxitofu.bazar
bazarbackdoor,ewxitobi.bazar
bazarbackdoor,ewxitoti.bazar
bazarbackdoor,ewxitoaz.bazar
bazarbackdoor,ewxitoic.bazar
bazarbackdoor,ewxitoeb.bazar
bazarbackdoor,ewxiibfu.bazar
bazarbackdoor,ewxiibbi.bazar
bazarbackdoor,ewxiibti.bazar
bazarbackdoor,ewxiibaz.bazar
bazarbackdoor,ewxiibic.bazar
bazarbackdoor,ewxiibeb.bazar
bazarbackdoor,ewxielfu.bazar
bazarbackdoor,ewxielbi.bazar
bazarbackdoor,ewxielti.bazar
bazarbackdoor,ewxielaz.bazar
bazarbackdoor,ewxielic.bazar
bazarbackdoor,ewxieleb.bazar
bazarbackdoor,ewxiudfu.bazar
bazarbackdoor,ewxiudbi.bazar
bazarbackdoor,ewxiudti.bazar
bazarbackdoor,ewxiudaz.bazar
bazarbackdoor,ewxiudic.bazar
bazarbackdoor,ewxiudeb.bazar
bazarbackdoor,ewxisofu.bazar
bazarbackdoor,ewxisobi.bazar
bazarbackdoor,ewxisoti.bazar
bazarbackdoor,ewxisoaz.bazar
bazarbackdoor,ewxisoic.bazar
bazarbackdoor,ewxisoeb.bazar
bazarbackdoor,ewuqonfu.bazar
bazarbackdoor,ewuqonbi.bazar
bazarbackdoor,ewuqonti.bazar
bazarbackdoor,ewuqonaz.bazar
bazarbackdoor,ewuqonic.bazar
bazarbackdoor,ewuqoneb.bazar
bazarbackdoor,ewuqtofu.bazar
bazarbackdoor,ewuqtobi.bazar
bazarbackdoor,ewuqtoti.bazar
bazarbackdoor,ewuqtoaz.bazar
bazarbackdoor,ewuqtoic.bazar
bazarbackdoor,ewuqtoeb.bazar
bazarbackdoor,ewuqibfu.bazar
bazarbackdoor,ewuqibbi.bazar
bazarbackdoor,ewuqibti.bazar
bazarbackdoor,ewuqibaz.bazar
bazarbackdoor,ewuqibic.bazar
bazarbackdoor,ewuqibeb.bazar
bazarbackdoor,ewuqelfu.bazar
bazarbackdoor,ewuqelbi.bazar
bazarbackdoor,ewuqelti.bazar
bazarbackdoor,ewuqelaz.bazar
bazarbackdoor,ewuqelic.bazar
bazarbackdoor,ewuqeleb.bazar
bazarbackdoor,ewuqudfu.bazar
bazarbackdoor,ewuqudbi.bazar
bazarbackdoor,ewuqudti.bazar
bazarbackdoor,ewuqudaz.bazar
bazarbackdoor,ewuqudic.bazar
bazarbackdoor,ewuqudeb.bazar
bazarbackdoor,ewuqsofu.bazar
bazarbackdoor,ewuqsobi.bazar
bazarbackdoor,ewuqsoti.bazar
bazarbackdoor,ewuqsoaz.bazar
bazarbackdoor,ewuqsoic.bazar
bazarbackdoor,ewuqsoeb.bazar
bazarbackdoor,cafeonfu.bazar
bazarbackdoor,cafeonbi.bazar
bazarbackdoor,cafeonti.bazar
bazarbackdoor,cafeonaz.bazar
bazarbackdoor,cafeonic.bazar
bazarbackdoor,cafeoneb.bazar
bazarbackdoor,cafetofu.bazar
bazarbackdoor,cafetobi.bazar
bazarbackdoor,cafetoti.bazar
bazarbackdoor,cafetoaz.bazar
bazarbackdoor,cafetoic.bazar
bazarbackdoor,cafetoeb.bazar
bazarbackdoor,cafeibfu.bazar
bazarbackdoor,cafeibbi.bazar
bazarbackdoor,cafeibti.bazar
bazarbackdoor,cafeibaz.bazar
bazarbackdoor,cafeibic.bazar
bazarbackdoor,cafeibeb.bazar
bazarbackdoor,cafeelfu.bazar
bazarbackdoor,cafeelbi.bazar
bazarbackdoor,cafeelti.bazar
bazarbackdoor,cafeelaz.bazar
bazarbackdoor,cafeelic.bazar
bazarbackdoor,cafeeleb.bazar
bazarbackdoor,cafeudfu.bazar
bazarbackdoor,cafeudbi.bazar
bazarbackdoor,cafeudti.bazar
bazarbackdoor,cafeudaz.bazar
bazarbackdoor,cafeudic.bazar
bazarbackdoor,cafeudeb.bazar
bazarbackdoor,cafesofu.bazar
bazarbackdoor,cafesobi.bazar
bazarbackdoor,cafesoti.bazar
bazarbackdoor,cafesoaz.bazar
bazarbackdoor,cafesoic.bazar
bazarbackdoor,cafesoeb.bazar
bazarbackdoor,caxuonfu.bazar
bazarbackdoor,caxuonbi.bazar
bazarbackdoor,caxuonti.bazar
bazarbackdoor,caxuonaz.bazar
bazarbackdoor,caxuonic.bazar
bazarbackdoor,caxuoneb.bazar
bazarbackdoor,caxutofu.bazar
bazarbackdoor,caxutobi.bazar
bazarbackdoor,caxutoti.bazar
bazarbackdoor,caxutoaz.bazar
bazarbackdoor,caxutoic.bazar
bazarbackdoor,caxutoeb.bazar
bazarbackdoor,caxuibfu.bazar
bazarbackdoor,caxuibbi.bazar
bazarbackdoor,caxuibti.bazar
bazarbackdoor,caxuibaz.bazar
bazarbackdoor,caxuibic.bazar
bazarbackdoor,caxuibeb.bazar
bazarbackdoor,caxuelfu.bazar
bazarbackdoor,caxuelbi.bazar
bazarbackdoor,caxuelti.bazar
bazarbackdoor,caxuelaz.bazar
bazarbackdoor,caxuelic.bazar
bazarbackdoor,caxueleb.bazar
bazarbackdoor,caxuudfu.bazar
bazarbackdoor,caxuudbi.bazar
bazarbackdoor,caxuudti.bazar
bazarbackdoor,caxuudaz.bazar
bazarbackdoor,caxuudic.bazar
bazarbackdoor,caxuudeb.bazar
bazarbackdoor,caxusofu.bazar
bazarbackdoor,caxusobi.bazar
bazarbackdoor,caxusoti.bazar
bazarbackdoor,caxusoaz.bazar
bazarbackdoor,caxusoic.bazar
bazarbackdoor,caxusoeb.bazar
bazarbackdoor,caefonfu.bazar
bazarbackdoor,caefonbi.bazar
bazarbackdoor,caefonti.bazar
bazarbackdoor,caefonaz.bazar
bazarbackdoor,caefonic.bazar
bazarbackdoor,caefoneb.bazar
bazarbackdoor,caeftofu.bazar
bazarbackdoor,caeftobi.bazar
bazarbackdoor,caeftoti.bazar
bazarbackdoor,caeftoaz.bazar
bazarbackdoor,caeftoic.bazar
bazarbackdoor,caeftoeb.bazar
bazarbackdoor,caefibfu.bazar
bazarbackdoor,caefibbi.bazar
bazarbackdoor,caefibti.bazar
bazarbackdoor,caefibaz.bazar
bazarbackdoor,caefibic.bazar
bazarbackdoor,caefibeb.bazar
bazarbackdoor,caefelfu.bazar
bazarbackdoor,caefelbi.bazar
bazarbackdoor,caefelti.bazar
bazarbackdoor,caefelaz.bazar
bazarbackdoor,caefelic.bazar
bazarbackdoor,caefeleb.bazar
bazarbackdoor,caefudfu.bazar
bazarbackdoor,caefudbi.bazar
bazarbackdoor,caefudti.bazar
bazarbackdoor,caefudaz.bazar
bazarbackdoor,caefudic.bazar
bazarbackdoor,caefudeb.bazar
bazarbackdoor,caefsofu.bazar
bazarbackdoor,caefsobi.bazar
bazarbackdoor,caefsoti.bazar
bazarbackdoor,caefsoaz.bazar
bazarbackdoor,caefsoic.bazar
bazarbackdoor,caefsoeb.bazar
bazarbackdoor,cagoonfu.bazar
bazarbackdoor,cagoonbi.bazar
bazarbackdoor,cagoonti.bazar
bazarbackdoor,cagoonaz.bazar
bazarbackdoor,cagoonic.bazar
bazarbackdoor,cagooneb.bazar
bazarbackdoor,cagotofu.bazar
bazarbackdoor,cagotobi.bazar
bazarbackdoor,cagototi.bazar
bazarbackdoor,cagotoaz.bazar
bazarbackdoor,cagotoic.bazar
bazarbackdoor,cagotoeb.bazar
bazarbackdoor,cagoibfu.bazar
bazarbackdoor,cagoibbi.bazar
bazarbackdoor,cagoibti.bazar
bazarbackdoor,cagoibaz.bazar
bazarbackdoor,cagoibic.bazar
bazarbackdoor,cagoibeb.bazar
bazarbackdoor,cagoelfu.bazar
bazarbackdoor,cagoelbi.bazar
bazarbackdoor,cagoelti.bazar
bazarbackdoor,cagoelaz.bazar
bazarbackdoor,cagoelic.bazar
bazarbackdoor,cagoeleb.bazar
bazarbackdoor,cagoudfu.bazar
bazarbackdoor,cagoudbi.bazar
bazarbackdoor,cagoudti.bazar
bazarbackdoor,cagoudaz.bazar
bazarbackdoor,cagoudic.bazar
bazarbackdoor,cagoudeb.bazar
bazarbackdoor,cagosofu.bazar
bazarbackdoor,cagosobi.bazar
bazarbackdoor,cagosoti.bazar
bazarbackdoor,cagosoaz.bazar
bazarbackdoor,cagosoic.bazar
bazarbackdoor,cagosoeb.bazar
bazarbackdoor,cayconfu.bazar
bazarbackdoor,cayconbi.bazar
bazarbackdoor,cayconti.bazar
bazarbackdoor,cayconaz.bazar
bazarbackdoor,cayconic.bazar
bazarbackdoor,cayconeb.bazar
bazarbackdoor,cayctofu.bazar
bazarbackdoor,cayctobi.bazar
bazarbackdoor,cayctoti.bazar
bazarbackdoor,cayctoaz.bazar
bazarbackdoor,cayctoic.bazar
bazarbackdoor,cayctoeb.bazar
bazarbackdoor,caycibfu.bazar
bazarbackdoor,caycibbi.bazar
bazarbackdoor,caycibti.bazar
bazarbackdoor,caycibaz.bazar
bazarbackdoor,caycibic.bazar
bazarbackdoor,caycibeb.bazar
bazarbackdoor,caycelfu.bazar
bazarbackdoor,caycelbi.bazar
bazarbackdoor,caycelti.bazar
bazarbackdoor,caycelaz.bazar
bazarbackdoor,caycelic.bazar
bazarbackdoor,cayceleb.bazar
bazarbackdoor,caycudfu.bazar
bazarbackdoor,caycudbi.bazar
bazarbackdoor,caycudti.bazar
bazarbackdoor,caycudaz.bazar
bazarbackdoor,caycudic.bazar
bazarbackdoor,caycudeb.bazar
bazarbackdoor,caycsofu.bazar
bazarbackdoor,caycsobi.bazar
bazarbackdoor,caycsoti.bazar
bazarbackdoor,caycsoaz.bazar
bazarbackdoor,caycsoic.bazar
bazarbackdoor,caycsoeb.bazar
bazarbackdoor,cawionfu.bazar
bazarbackdoor,cawionbi.bazar
bazarbackdoor,cawionti.bazar
bazarbackdoor,cawionaz.bazar
bazarbackdoor,cawionic.bazar
bazarbackdoor,cawioneb.bazar
bazarbackdoor,cawitofu.bazar
bazarbackdoor,cawitobi.bazar
bazarbackdoor,cawitoti.bazar
bazarbackdoor,cawitoaz.bazar
bazarbackdoor,cawitoic.bazar
bazarbackdoor,cawitoeb.bazar
bazarbackdoor,cawiibfu.bazar
bazarbackdoor,cawiibbi.bazar
bazarbackdoor,cawiibti.bazar
bazarbackdoor,cawiibaz.bazar
bazarbackdoor,cawiibic.bazar
bazarbackdoor,cawiibeb.bazar
bazarbackdoor,cawielfu.bazar
bazarbackdoor,cawielbi.bazar
bazarbackdoor,cawielti.bazar
bazarbackdoor,cawielaz.bazar
bazarbackdoor,cawielic.bazar
bazarbackdoor,cawieleb.bazar
bazarbackdoor,cawiudfu.bazar
bazarbackdoor,cawiudbi.bazar
bazarbackdoor,cawiudti.bazar
bazarbackdoor,cawiudaz.bazar
bazarbackdoor,cawiudic.bazar
bazarbackdoor,cawiudeb.bazar
bazarbackdoor,cawisofu.bazar
bazarbackdoor,cawisobi.bazar
bazarbackdoor,cawisoti.bazar
bazarbackdoor,cawisoaz.bazar
bazarbackdoor,cawisoic.bazar
bazarbackdoor,cawisoeb.bazar
bazarbackdoor,caokonfu.bazar
bazarbackdoor,caokonbi.bazar
bazarbackdoor,caokonti.bazar
bazarbackdoor,caokonaz.bazar
bazarbackdoor,caokonic.bazar
bazarbackdoor,caokoneb.bazar
bazarbackdoor,caoktofu.bazar
bazarbackdoor,caoktobi.bazar
bazarbackdoor,caoktoti.bazar
bazarbackdoor,caoktoaz.bazar
bazarbackdoor,caoktoic.bazar
bazarbackdoor,caoktoeb.bazar
bazarbackdoor,caokibfu.bazar
bazarbackdoor,caokibbi.bazar
bazarbackdoor,caokibti.bazar
bazarbackdoor,caokibaz.bazar
bazarbackdoor,caokibic.bazar
bazarbackdoor,caokibeb.bazar
bazarbackdoor,caokelfu.bazar
bazarbackdoor,caokelbi.bazar
bazarbackdoor,caokelti.bazar
bazarbackdoor,caokelaz.bazar
bazarbackdoor,caokelic.bazar
bazarbackdoor,caokeleb.bazar
bazarbackdoor,caokudfu.bazar
bazarbackdoor,caokudbi.bazar
bazarbackdoor,caokudti.bazar
bazarbackdoor,caokudaz.bazar
bazarbackdoor,caokudic.bazar
bazarbackdoor,caokudeb.bazar
bazarbackdoor,caoksofu.bazar
bazarbackdoor,caoksobi.bazar
bazarbackdoor,caoksoti.bazar
bazarbackdoor,caoksoaz.bazar
bazarbackdoor,caoksoic.bazar
bazarbackdoor,caoksoeb.bazar
bazarbackdoor,caitonfu.bazar
bazarbackdoor,caitonbi.bazar
bazarbackdoor,caitonti.bazar
bazarbackdoor,caitonaz.bazar
bazarbackdoor,caitonic.bazar
bazarbackdoor,caitoneb.bazar
bazarbackdoor,caittofu.bazar
bazarbackdoor,caittobi.bazar
bazarbackdoor,caittoti.bazar
bazarbackdoor,caittoaz.bazar
bazarbackdoor,caittoic.bazar
bazarbackdoor,caittoeb.bazar
bazarbackdoor,caitibfu.bazar
bazarbackdoor,caitibbi.bazar
bazarbackdoor,caitibti.bazar
bazarbackdoor,caitibaz.bazar
bazarbackdoor,caitibic.bazar
bazarbackdoor,caitibeb.bazar
bazarbackdoor,caitelfu.bazar
bazarbackdoor,caitelbi.bazar
bazarbackdoor,caitelti.bazar
bazarbackdoor,caitelaz.bazar
bazarbackdoor,caitelic.bazar
bazarbackdoor,caiteleb.bazar
bazarbackdoor,caitudfu.bazar
bazarbackdoor,caitudbi.bazar
bazarbackdoor,caitudti.bazar
bazarbackdoor,caitudaz.bazar
bazarbackdoor,caitudic.bazar
bazarbackdoor,caitudeb.bazar
bazarbackdoor,caitsofu.bazar
bazarbackdoor,caitsobi.bazar
bazarbackdoor,caitsoti.bazar
bazarbackdoor,caitsoaz.bazar
bazarbackdoor,caitsoic.bazar
bazarbackdoor,caitsoeb.bazar
bazarbackdoor,canuonfu.bazar
bazarbackdoor,canuonbi.bazar
bazarbackdoor,canuonti.bazar
bazarbackdoor,canuonaz.bazar
bazarbackdoor,canuonic.bazar
bazarbackdoor,canuoneb.bazar
bazarbackdoor,canutofu.bazar
bazarbackdoor,canutobi.bazar
bazarbackdoor,canutoti.bazar
bazarbackdoor,canutoaz.bazar
bazarbackdoor,canutoic.bazar
bazarbackdoor,canutoeb.bazar
bazarbackdoor,canuibfu.bazar
bazarbackdoor,canuibbi.bazar
bazarbackdoor,canuibti.bazar
bazarbackdoor,canuibaz.bazar
bazarbackdoor,canuibic.bazar
bazarbackdoor,canuibeb.bazar
bazarbackdoor,canuelfu.bazar
bazarbackdoor,canuelbi.bazar
bazarbackdoor,canuelti.bazar
bazarbackdoor,canuelaz.bazar
bazarbackdoor,canuelic.bazar
bazarbackdoor,canueleb.bazar
bazarbackdoor,canuudfu.bazar
bazarbackdoor,canuudbi.bazar
bazarbackdoor,canuudti.bazar
bazarbackdoor,canuudaz.bazar
bazarbackdoor,canuudic.bazar
bazarbackdoor,canuudeb.bazar
bazarbackdoor,canusofu.bazar
bazarbackdoor,canusobi.bazar
bazarbackdoor,canusoti.bazar
bazarbackdoor,canusoaz.bazar
bazarbackdoor,canusoic.bazar
bazarbackdoor,canusoeb.bazar
bazarbackdoor,caneonfu.bazar
bazarbackdoor,caneonbi.bazar
bazarbackdoor,caneonti.bazar
bazarbackdoor,caneonaz.bazar
bazarbackdoor,caneonic.bazar
bazarbackdoor,caneoneb.bazar
bazarbackdoor,canetofu.bazar
bazarbackdoor,canetobi.bazar
bazarbackdoor,canetoti.bazar
bazarbackdoor,canetoaz.bazar
bazarbackdoor,canetoic.bazar
bazarbackdoor,canetoeb.bazar
bazarbackdoor,caneibfu.bazar
bazarbackdoor,caneibbi.bazar
bazarbackdoor,caneibti.bazar
bazarbackdoor,caneibaz.bazar
bazarbackdoor,caneibic.bazar
bazarbackdoor,caneibeb.bazar
bazarbackdoor,caneelfu.bazar
bazarbackdoor,caneelbi.bazar
bazarbackdoor,caneelti.bazar
bazarbackdoor,caneelaz.bazar
bazarbackdoor,caneelic.bazar
bazarbackdoor,caneeleb.bazar
bazarbackdoor,caneudfu.bazar
bazarbackdoor,caneudbi.bazar
bazarbackdoor,caneudti.bazar
bazarbackdoor,caneudaz.bazar
bazarbackdoor,caneudic.bazar
bazarbackdoor,caneudeb.bazar
bazarbackdoor,canesofu.bazar
bazarbackdoor,canesobi.bazar
bazarbackdoor,canesoti.bazar
bazarbackdoor,canesoaz.bazar
bazarbackdoor,canesoic.bazar
bazarbackdoor,canesoeb.bazar
bazarbackdoor,caroonfu.bazar
bazarbackdoor,caroonbi.bazar
bazarbackdoor,caroonti.bazar
bazarbackdoor,caroonaz.bazar
bazarbackdoor,caroonic.bazar
bazarbackdoor,carooneb.bazar
bazarbackdoor,carotofu.bazar
bazarbackdoor,carotobi.bazar
bazarbackdoor,carototi.bazar
bazarbackdoor,carotoaz.bazar
bazarbackdoor,carotoic.bazar
bazarbackdoor,carotoeb.bazar
bazarbackdoor,caroibfu.bazar
bazarbackdoor,caroibbi.bazar
bazarbackdoor,caroibti.bazar
bazarbackdoor,caroibaz.bazar
bazarbackdoor,caroibic.bazar
bazarbackdoor,caroibeb.bazar
bazarbackdoor,caroelfu.bazar
bazarbackdoor,caroelbi.bazar
bazarbackdoor,caroelti.bazar
bazarbackdoor,caroelaz.bazar
bazarbackdoor,caroelic.bazar
bazarbackdoor,caroeleb.bazar
bazarbackdoor,caroudfu.bazar
bazarbackdoor,caroudbi.bazar
bazarbackdoor,caroudti.bazar
bazarbackdoor,caroudaz.bazar
bazarbackdoor,caroudic.bazar
bazarbackdoor,caroudeb.bazar
bazarbackdoor,carosofu.bazar
bazarbackdoor,carosobi.bazar
bazarbackdoor,carosoti.bazar
bazarbackdoor,carosoaz.bazar
bazarbackdoor,carosoic.bazar
bazarbackdoor,carosoeb.bazar
bazarbackdoor,caxeonfu.bazar
bazarbackdoor,caxeonbi.bazar
bazarbackdoor,caxeonti.bazar
bazarbackdoor,caxeonaz.bazar
bazarbackdoor,caxeonic.bazar
bazarbackdoor,caxeoneb.bazar
bazarbackdoor,caxetofu.bazar
bazarbackdoor,caxetobi.bazar
bazarbackdoor,caxetoti.bazar
bazarbackdoor,caxetoaz.bazar
bazarbackdoor,caxetoic.bazar
bazarbackdoor,caxetoeb.bazar
bazarbackdoor,caxeibfu.bazar
bazarbackdoor,caxeibbi.bazar
bazarbackdoor,caxeibti.bazar
bazarbackdoor,caxeibaz.bazar
bazarbackdoor,caxeibic.bazar
bazarbackdoor,caxeibeb.bazar
bazarbackdoor,caxeelfu.bazar
bazarbackdoor,caxeelbi.bazar
bazarbackdoor,caxeelti.bazar
bazarbackdoor,caxeelaz.bazar
bazarbackdoor,caxeelic.bazar
bazarbackdoor,caxeeleb.bazar
bazarbackdoor,caxeudfu.bazar
bazarbackdoor,caxeudbi.bazar
bazarbackdoor,caxeudti.bazar
bazarbackdoor,caxeudaz.bazar
bazarbackdoor,caxeudic.bazar
bazarbackdoor,caxeudeb.bazar
bazarbackdoor,caxesofu.bazar
bazarbackdoor,caxesobi.bazar
bazarbackdoor,caxesoti.bazar
bazarbackdoor,caxesoaz.bazar
bazarbackdoor,caxesoic.bazar
bazarbackdoor,caxesoeb.bazar
bazarbackdoor,capyonfu.bazar
bazarbackdoor,capyonbi.bazar
bazarbackdoor,capyonti.bazar
bazarbackdoor,capyonaz.bazar
bazarbackdoor,capyonic.bazar
bazarbackdoor,capyoneb.bazar
bazarbackdoor,capytofu.bazar
bazarbackdoor,capytobi.bazar
bazarbackdoor,capytoti.bazar
bazarbackdoor,capytoaz.bazar
bazarbackdoor,capytoic.bazar
bazarbackdoor,capytoeb.bazar
bazarbackdoor,capyibfu.bazar
bazarbackdoor,capyibbi.bazar
bazarbackdoor,capyibti.bazar
bazarbackdoor,capyibaz.bazar
bazarbackdoor,capyibic.bazar
bazarbackdoor,capyibeb.bazar
bazarbackdoor,capyelfu.bazar
bazarbackdoor,capyelbi.bazar
bazarbackdoor,capyelti.bazar
bazarbackdoor,capyelaz.bazar
bazarbackdoor,capyelic.bazar
bazarbackdoor,capyeleb.bazar
bazarbackdoor,capyudfu.bazar
bazarbackdoor,capyudbi.bazar
bazarbackdoor,capyudti.bazar
bazarbackdoor,capyudaz.bazar
bazarbackdoor,capyudic.bazar
bazarbackdoor,capyudeb.bazar
bazarbackdoor,capysofu.bazar
bazarbackdoor,capysobi.bazar
bazarbackdoor,capysoti.bazar
bazarbackdoor,capysoaz.bazar
bazarbackdoor,capysoic.bazar
bazarbackdoor,capysoeb.bazar
bazarbackdoor,caanonfu.bazar
bazarbackdoor,caanonbi.bazar
bazarbackdoor,caanonti.bazar
bazarbackdoor,caanonaz.bazar
bazarbackdoor,caanonic.bazar
bazarbackdoor,caanoneb.bazar
bazarbackdoor,caantofu.bazar
bazarbackdoor,caantobi.bazar
bazarbackdoor,caantoti.bazar
bazarbackdoor,caantoaz.bazar
bazarbackdoor,caantoic.bazar
bazarbackdoor,caantoeb.bazar
bazarbackdoor,caanibfu.bazar
bazarbackdoor,caanibbi.bazar
bazarbackdoor,caanibti.bazar
bazarbackdoor,caanibaz.bazar
bazarbackdoor,caanibic.bazar
bazarbackdoor,caanibeb.bazar
bazarbackdoor,caanelfu.bazar
bazarbackdoor,caanelbi.bazar
bazarbackdoor,caanelti.bazar
bazarbackdoor,caanelaz.bazar
bazarbackdoor,caanelic.bazar
bazarbackdoor,caaneleb.bazar
bazarbackdoor,caanudfu.bazar
bazarbackdoor,caanudbi.bazar
bazarbackdoor,caanudti.bazar
bazarbackdoor,caanudaz.bazar
bazarbackdoor,caanudic.bazar
bazarbackdoor,caanudeb.bazar
bazarbackdoor,caansofu.bazar
bazarbackdoor,caansobi.bazar
bazarbackdoor,caansoti.bazar
bazarbackdoor,caansoaz.bazar
bazarbackdoor,caansoic.bazar
bazarbackdoor,caansoeb.bazar
bazarbackdoor,cabeonfu.bazar
bazarbackdoor,cabeonbi.bazar
bazarbackdoor,cabeonti.bazar
bazarbackdoor,cabeonaz.bazar
bazarbackdoor,cabeonic.bazar
bazarbackdoor,cabeoneb.bazar
bazarbackdoor,cabetofu.bazar
bazarbackdoor,cabetobi.bazar
bazarbackdoor,cabetoti.bazar
bazarbackdoor,cabetoaz.bazar
bazarbackdoor,cabetoic.bazar
bazarbackdoor,cabetoeb.bazar
bazarbackdoor,cabeibfu.bazar
bazarbackdoor,cabeibbi.bazar
bazarbackdoor,cabeibti.bazar
bazarbackdoor,cabeibaz.bazar
bazarbackdoor,cabeibic.bazar
bazarbackdoor,cabeibeb.bazar
bazarbackdoor,cabeelfu.bazar
bazarbackdoor,cabeelbi.bazar
bazarbackdoor,cabeelti.bazar
bazarbackdoor,cabeelaz.bazar
bazarbackdoor,cabeelic.bazar
bazarbackdoor,cabeeleb.bazar
bazarbackdoor,cabeudfu.bazar
bazarbackdoor,cabeudbi.bazar
bazarbackdoor,cabeudti.bazar
bazarbackdoor,cabeudaz.bazar
bazarbackdoor,cabeudic.bazar
bazarbackdoor,cabeudeb.bazar
bazarbackdoor,cabesofu.bazar
bazarbackdoor,cabesobi.bazar
bazarbackdoor,cabesoti.bazar
bazarbackdoor,cabesoaz.bazar
bazarbackdoor,cabesoic.bazar
bazarbackdoor,cabesoeb.bazar
bazarbackdoor,cakyonfu.bazar
bazarbackdoor,cakyonbi.bazar
bazarbackdoor,cakyonti.bazar
bazarbackdoor,cakyonaz.bazar
bazarbackdoor,cakyonic.bazar
bazarbackdoor,cakyoneb.bazar
bazarbackdoor,cakytofu.bazar
bazarbackdoor,cakytobi.bazar
bazarbackdoor,cakytoti.bazar
bazarbackdoor,cakytoaz.bazar
bazarbackdoor,cakytoic.bazar
bazarbackdoor,cakytoeb.bazar
bazarbackdoor,cakyibfu.bazar
bazarbackdoor,cakyibbi.bazar
bazarbackdoor,cakyibti.bazar
bazarbackdoor,cakyibaz.bazar
bazarbackdoor,cakyibic.bazar
bazarbackdoor,cakyibeb.bazar
bazarbackdoor,cakyelfu.bazar
bazarbackdoor,cakyelbi.bazar
bazarbackdoor,cakyelti.bazar
bazarbackdoor,cakyelaz.bazar
bazarbackdoor,cakyelic.bazar
bazarbackdoor,cakyeleb.bazar
bazarbackdoor,cakyudfu.bazar
bazarbackdoor,cakyudbi.bazar
bazarbackdoor,cakyudti.bazar
bazarbackdoor,cakyudaz.bazar
bazarbackdoor,cakyudic.bazar
bazarbackdoor,cakyudeb.bazar
bazarbackdoor,cakysofu.bazar
bazarbackdoor,cakysobi.bazar
bazarbackdoor,cakysoti.bazar
bazarbackdoor,cakysoaz.bazar
bazarbackdoor,cakysoic.bazar
bazarbackdoor,cakysoeb.bazar
bazarbackdoor,caixonfu.bazar
bazarbackdoor,caixonbi.bazar
bazarbackdoor,caixonti.bazar
bazarbackdoor,caixonaz.bazar
bazarbackdoor,caixonic.bazar
bazarbackdoor,caixoneb.bazar
bazarbackdoor,caixtofu.bazar
bazarbackdoor,caixtobi.bazar
bazarbackdoor,caixtoti.bazar
bazarbackdoor,caixtoaz.bazar
bazarbackdoor,caixtoic.bazar
bazarbackdoor,caixtoeb.bazar
bazarbackdoor,caixibfu.bazar
bazarbackdoor,caixibbi.bazar
bazarbackdoor,caixibti.bazar
bazarbackdoor,caixibaz.bazar
bazarbackdoor,caixibic.bazar
bazarbackdoor,caixibeb.bazar
bazarbackdoor,caixelfu.bazar
bazarbackdoor,caixelbi.bazar
bazarbackdoor,caixelti.bazar
bazarbackdoor,caixelaz.bazar
bazarbackdoor,caixelic.bazar
bazarbackdoor,caixeleb.bazar
bazarbackdoor,caixudfu.bazar
bazarbackdoor,caixudbi.bazar
bazarbackdoor,caixudti.bazar
bazarbackdoor,caixudaz.bazar
bazarbackdoor,caixudic.bazar
bazarbackdoor,caixudeb.bazar
bazarbackdoor,caixsofu.bazar
bazarbackdoor,caixsobi.bazar
bazarbackdoor,caixsoti.bazar
bazarbackdoor,caixsoaz.bazar
bazarbackdoor,caixsoic.bazar
bazarbackdoor,caixsoeb.bazar
bazarbackdoor,caxionfu.bazar
bazarbackdoor,caxionbi.bazar
bazarbackdoor,caxionti.bazar
bazarbackdoor,caxionaz.bazar
bazarbackdoor,caxionic.bazar
bazarbackdoor,caxioneb.bazar
bazarbackdoor,caxitofu.bazar
bazarbackdoor,caxitobi.bazar
bazarbackdoor,caxitoti.bazar
bazarbackdoor,caxitoaz.bazar
bazarbackdoor,caxitoic.bazar
bazarbackdoor,caxitoeb.bazar
bazarbackdoor,caxiibfu.bazar
bazarbackdoor,caxiibbi.bazar
bazarbackdoor,caxiibti.bazar
bazarbackdoor,caxiibaz.bazar
bazarbackdoor,caxiibic.bazar
bazarbackdoor,caxiibeb.bazar
bazarbackdoor,caxielfu.bazar
bazarbackdoor,caxielbi.bazar
bumblebee,cmid1s1zeiu.life
bumblebee,itszko2ot5u.life
bumblebee,3v1n35i5kwx.life
bumblebee,newdnq1xnl9.life
bumblebee,jkyj6awt1ao.life
bumblebee,ddrjv6y42b8.life
bumblebee,1pnhp5o5za1.life
bumblebee,y13iqvlfjl5.life
bumblebee,xp0btfgegbo.life
bumblebee,gpv3uw5tmy4.life
bumblebee,5d7rdf3layn.life
bumblebee,2aed6bvquxs.life
bumblebee,5t9oknzu433.life
bumblebee,sy53gmpuq1i.life
bumblebee,09cwff8wgdh.life
bumblebee,4elhq2521mw.life
bumblebee,b4arp834sch.life
bumblebee,s3iug4uiy7t.life
bumblebee,q1cvhi9onpu.life
bumblebee,m3j4htyodnu.life
bumblebee,dzzrhn9rvqa.life
bumblebee,uriqas6zede.life
bumblebee,tv45x1ukt9w.life
bumblebee,9dnuk0xl7yc.life
bumblebee,zro95b8zb3r.life
bumblebee,9da1kshoyuq.life
bumblebee,zph13yx1leo.life
bumblebee,0q6mvuo4wl6.life
bumblebee,nyoqtkpub9x.life
bumblebee,l1bnym8lg65.life
bumblebee,d63hq5crsun.life
bumblebee,f4te7v7fi28.life
bumblebee,oi27t509pny.life
bumblebee,xg2mddk9qrj.life
bumblebee,9uknixukwim.life
bumblebee,5ejt5qpx2oh.life
bumblebee,v9y5rypfhdj.life
bumblebee,aq59tsppo18.life
bumblebee,vdnizm8lcke.life
bumblebee,knof8y1kufn.life
bumblebee,mhwv3bpckbi.life
bumblebee,b4ycw3b0ztx.life
bumblebee,tu0t62osn5m.life
bumblebee,pkgbfa9ati6.life
bumblebee,wd60v3x8mun.life
bumblebee,qpgomg0nfob.life
bumblebee,9619skmuswk.life
bumblebee,10fa4glizbq.life
bumblebee,h9cgsquxt5t.life
bumblebee,cpjeg06jqj7.life
bumblebee,tuaksrh3m4v.life
bumblebee,pnkk456mk55.life
bumblebee,bryfg80da8m.life
bumblebee,4c9takty1zx.life
bumblebee,17afrof66rf.life
bumblebee,keoauupcj2n.life
bumblebee,okxar0c3d29.life
bumblebee,759lhww6ixh.life
bumblebee,br40ztd8bya.life
bumblebee,vdug3t5r2cz.life
bumblebee,6j0uqybrqj4.life
bumblebee,km87l2nqldk.life
bumblebee,d421obfpnmh.life
bumblebee,hsk3pjutatd.life
bumblebee,iudmgiv2ndb.life
bumblebee,vf9bknmns0b.life
bumblebee,325g1cipn4m.life
bumblebee,g3z3h2xzdfv.life
bumblebee,i4hmyqc1p69.life
bumblebee,r967duebyji.life
bumblebee,f83jeqe01vd.life
bumblebee,sbprbiukvhf.life
bumblebee,lc2q21q7nd4.life
bumblebee,co7hu2019oy.life
bumblebee,ue9panfagh0.life
bumblebee,fby66hp7jm0.life
bumblebee,njg6qfp2lfa.life
bumblebee,mb1hy4vi0q7.life
bumblebee,7jemrghylwb.life
bumblebee,yxz60ai05jv.life
bumblebee,v68i3v975xq.life
bumblebee,67xsof7l8ak.life
bumblebee,q886dsegew3.life
bumblebee,16nqnk7hvgs.life
bumblebee,we5x2dfevhn.life
bumblebee,88kwlc3k73o.life
bumblebee,p2xo397h86f.life
bumblebee,njljnzf5c20.life
bumblebee,2g6py8d93tm.life
bumblebee,dz8bw5q6jy2.life
bumblebee,gflfug3a9lb.life
bumblebee,rssaelatar7.life
bumblebee,35l9tvici4l.life
bumblebee,lqhjkq5lfiu.life
bumblebee,3t3qouhmhww.life
bumblebee,fuwisezq1sl.life
bumblebee,ibm2bld58ah.life
bumblebee,h02pknjmc6v.life
bumblebee,enenfxgn3fh.life
bumblebee,zcf8nrpzrqk.life
chinad,fn9ukxizbrd4nn92.com
chinad,tt0nu8fh3xdluid7.cn
chinad,0yj1jbbcoqe4al12.ru
chinad,2aklc6tql5lsa8c0.net
chinad,3km7gl79mgeuzp49.org
chinad,c062cnqqgz7ncl66.biz
chinad,8hb3b7be5tjruyhw.info
chinad,honnc29t0myqgvss.info
chinad,6j76vj8jigu7wwz3.info
chinad,hxntf8qxeaadbfd1.biz
chinad,s7wdp7k6jc8ud5dl.info
chinad,6zkhrz070h19t71x.biz
chinad,fvu0cf6646r0x3li.info
chinad,d0225hcgrz2r8529.info
chinad,s13qy7w069tp56ys.net
chinad,6m2b6fs3r2wkj4bj.com
chinad,jlel4mvt5n2jgbba.ru
chinad,xkl77xh2xvbbuk9k.ru
chinad,zpb99q0dkg0kqg5y.com
chinad,0fx1evhs1pu3ztiz.ru
chinad,ofen8ul79d4ao7ie.cn
chinad,kj7fmgdq71f3mbbv.net
chinad,r3uxhadwgt8587w3.cn
chinad,r6xfo8klbjv54otj.info
chinad,bfkbswyp5ylebur4.biz
chinad,32dziuoixyb4nyuq.biz
chinad,ijesbmc78nah2ny1.com
chinad,ocrfspt8ls29dduu.cn
chinad,q4v5zlad3pgse216.com
chinad,ghufm6cnq12hvd8g.ru
chinad,ocsu92xf8l4a9n22.info
chinad,zgq9n16dt3i1ay1l.cn
chinad,5mmu0lviyokhvmc7.cn
chinad,pfeabbvbf19drebh.biz
chinad,lnvj95al5ztcxxqn.cn
chinad,jy90iqv03ht2pq0q.com
chinad,gz2xm8g0crqhkujj.cn
chinad,d64qxk0yf65azodo.info
chinad,pb3l87qd0hatw6o8.ru
chinad,q50jtlhvqzyblclk.biz
chinad,pz46rxu1r9a29m8u.com
chinad,jtef4w8e0j77bdfl.net
chinad,pwxo35802dlqhwaq.com
chinad,j057m9hkyfcbtjai.net
chinad,g4ko0p4rr3m4jde5.info
chinad,n0wjwe0bt0wzwtxo.net
chinad,3q8tzbuy523vm32b.biz
chinad,mqu23di44ovpekv1.biz
chinad,8jus1vj9dgsl75kn.ru
chinad,irepd2rdclx582dg.biz
chinad,yjtj83y8e2fb3vls.info
chinad,5sughk6w3xtbak4y.net
chinad,x0d4jfzse08by0o8.ru
chinad,2ndm7oaxdd079zua.org
chinad,jlx3chx04btwbz10.com
chinad,o386h26i272id1lt.ru
chinad,vh4tgk6f43czy6ol.cn
chinad,mw2lwtvk27h35k5e.ru
chinad,kpf77pep9zn5ndfz.biz
chinad,3preacwygihw6qag.org
chinad,up2keadbp68shnam.org
chinad,f79v6n3j0lfaqik8.net
chinad,eha9nrh1ckbgfqqr.cn
chinad,foofqjrxg76vhduk.org
chinad,dkzr5odocjr6qokv.org
chinad,zec3k2t75eftl9f9.cn
chinad,7f9yigtrj58p45et.cn
chinad,s1y286kajvbqima6.info
chinad,n14qwifoalvsg2eh.cn
chinad,3fdwnyx2dvmfstop.cn
chinad,f2z0txsl9euhfvs5.com
chinad,u3dagjla7vx5depx.biz
chinad,72euzyxdra9c2o07.com
chinad,dcb9eebdevr18r8z.biz
chinad,f4sgubc28cqizr6r.info
chinad,576z67dw34xvslvd.cn
chinad,5kcalymrxbz7tn8v.biz
chinad,v3cssk934lmr2edp.biz
chinad,mtxgzaomxgbpw8o8.biz
chinad,akh792jd22edixky.ru
chinad,96uz466erf2ggbh0.org
chinad,plm565lawes7inhy.info
chinad,hyw2bjszlrcnodru.com
chinad,dcjvy7gy02t17ld0.net
chinad,wnsdk5s3ou7y4nld.cn
chinad,4jrdfk4y6nz7dqco.com
chinad,ab07ty1dtbqrkaff.com
chinad,e0pa2kf6yrhqol2q.biz
chinad,dlkj7kv4mzb0ovcg.biz
chinad,00bkvtvk0tx2pxwk.biz
chinad,jxs8vp8lof71r0qk.cn
chinad,uzrtcfyodfr981rk.com
chinad,1bg0untjp8fivcmz.ru
chinad,ntd18nuf4izhkgtd.net
chinad,zadweae0rzydf84f.info
chinad,gimk2b1w66g4v7h9.info
chinad,595i5fq5amu0s1h3.ru
chinad,8zvw12vuozk7fja7.org
chinad,bpmcxmqo6aafdlmo.com
chinad,p31a5xtptup5jgbz.cn
chinad,jbvvwut430p35ddl.com
chinad,wbffhp8j0h30gttr.biz
chinad,fe7gjsr0esotne3t.net
chinad,n25x0w3nxrzlqq9b.biz
chinad,8rhjo5mssg57ktq8.net
chinad,bfl4hx9k27tkkhuq.biz
chinad,ekxapund75h3w6e0.biz
chinad,gkokcfuiob4grxs3.biz
chinad,1uza0i5kcnlpnlue.net
chinad,mn4rnddkvpzwraq9.info
chinad,s4ctq2jyncea4xyt.net
chinad,cj5sv35sji2rcors.biz
chinad,dak87265t3micsci.biz
chinad,qzy44krlp0s8zwig.info
chinad,md7igbisy5lo6334.ru
chinad,odst5mkiap11t1yn.net
chinad,yh81i2tr5vrgdnl5.com
chinad,2ckvp64m96rata5m.cn
chinad,8aosx59ej1l4akk0.cn
chinad,1v0jqqfv3jwd5uyb.com
chinad,twxd5rayr5t4f6id.org
chinad,6cz4rdzj8ueba1gj.net
chinad,okl9kkgneafopxao.net
chinad,m32mtt8n4r7zrcr2.cn
chinad,6ia4m095bekk4rfa.cn
chinad,dbc8jeha5xp1fqtt.ru
chinad,mzihob4gf8ja672a.com
chinad,fw5xmc591hnsmhxn.org
chinad,jylcwgfjqht4ah80.cn
chinad,qf9l7vdfs2bmsuw5.org
chinad,sbl9cbb83fkyabbj.ru
chinad,xt3sxqi6au3o0j23.org
chinad,uz60az3nobhi4onu.info
chinad,c89dqr55tt843gsj.ru
chinad,z6fmpaljdluevetz.biz
chinad,cb14vrea43a1uvq2.org
chinad,hgbxk697p3lapohw.ru
chinad,dd5tfl64mtq00bz0.info
chinad,rxdwzmh6aa7fu6li.org
chinad,311kdwg6gepn5rme.info
chinad,w9mgokgzqpj93t2u.net
chinad,xgaqe1pzzrw4ieih.org
chinad,feycdaabdgt6tgtp.biz
chinad,6j3km7gitw49xrfa.ru
chinad,ke15qdthb0k6bcm7.com
chinad,as1gslbp7l7e31po.cn
chinad,kkofyo2zcdaf329d.com
chinad,ff5r6uqadj20td0b.info
chinad,88ii7a2z3cx572ak.org
chinad,dkbrrbt2hepn1mlv.biz
chinad,9zubq6pnil6dfyft.net
chinad,jhwoqhkjyfshfrba.org
chinad,4o957rjerl1sbjro.cn
chinad,ird3pa31y0h92460.info
chinad,h3zwu4fb24ukqc9e.net
chinad,0ly0m42bwfifhn0t.info
chinad,k7n290dgghvcdlax.cn
chinad,khklvksab7y56xz8.info
chinad,sqnp2fthc99jlso7.net
chinad,oo2r0jg0levq569u.cn
chinad,eku1vk1wdmkhlsf9.cn
chinad,5fcat96wwrmqpkb4.info
chinad,wb5vuw2p4091f2ey.com
chinad,925azdqlnszoclj5.cn
chinad,11y0wad09eliqsjn.info
chinad,k8cu8rnfvsbegoo6.com
chinad,v62bmrl5u9ey0op0.cn
chinad,2ib99dwybm6vvlgi.com
chinad,ivjw32ql25tmc2nb.ru
chinad,ur0crjdcis8cad58.biz
chinad,ss2had2p809e9x9r.cn
chinad,ysq8f3anzml4molp.biz
chinad,t3ww3orjfm9j6k5o.cn
chinad,3g0bg12qdtobgjai.org
chinad,obid3qq1dfkmy9y9.net
chinad,48m7t54i7ob3gtpr.info
chinad,e8mom08cfhcvuua9.ru
chinad,fpc3effrd18tyai0.net
chinad,3m2i17wfq71q955v.info
chinad,bcqwd8gxajrzpyp2.biz
chinad,bjiawn4us7z0s4b7.net
chinad,j9kwchphv80i76sl.info
chinad,vocoaz040el6j5jb.org
chinad,mvt8poprje56fyun.org
chinad,he2l01f5o5pz3d9z.ru
chinad,7u6aaz6rhaedqdwb.info
chinad,c1qoqlkd433ycu3v.ru
chinad,fqcycwyza6amboxa.biz
chinad,xj1tercn3g7vhffu.net
chinad,p0fbo3i9qgwbydvp.ru
chinad,c3g563cj03bg7dq7.cn
chinad,95d0fgmqaw7qajgg.com
chinad,ap5i9k9yp432x1ec.ru
chinad,0i5lv4e6n763y7j5.net
chinad,t9nbu9z3sgnkk5j8.com
chinad,r98t8s0g4c3964fr.org
chinad,vijov4w3qax7901y.org
chinad,dlhtv0exqcnkf6a7.net
chinad,gncrsysbkz9s3w7v.net
chinad,s1nnevhxh3anrnme.net
chinad,e7mhufhwaoxfjedb.org
chinad,j0y5po3v1h1rfang.biz
chinad,40w0smurnizsikh5.biz
chinad,g9qimijtek5t67uo.cn
chinad,tnh3pbpn5oa7rixe.biz
chinad,mhdgx7apselpd2w5.info
chinad,qs0wjczyrym1m9z3.ru
chinad,subhfesd7f1y2nqg.cn
chinad,9lj2ka5okfv6e87r.cn
chinad,g5wtjnno1zuyukuv.info
chinad,xtoo4b9enmptiv1b.net
chinad,hauoacx9x12ihsnb.ru
chinad,25ffka9dzawbog87.net
chinad,shcqfctszca0t48r.ru
chinad,ct5xr3cmjpopl9y9.biz
chinad,m1ow812k93q2nt7y.org
chinad,4dfxl0au6xlchpcc.cn
chinad,s03gubxpq9sfu6ql.net
chinad,e4xtq4ltqo5jh2yt.org
chinad,b50jm4taw99d8mqx.org
chinad,cnqh3kmlsa0h2ixx.ru
chinad,82lwhdfi7rhyaod9.org
chinad,2pcpwt07rd89ojqr.org
chinad,4ka06am0l5n2moic.ru
chinad,lo74kkca25ohlyvi.cn
chinad,n3abjgdw0wgvmik6.cn
chinad,qy7a68e9ecrm21dh.info
chinad,a9jzr2hq965a2iyc.net
chinad,670lube2c737w1o5.biz
chinad,36p1p3svyqokn0rz.biz
chinad,8wsjzxxno67xkbkh.biz
chinad,adqd0awoa9ho3dir.net
chinad,82frdbx6zlq2kv5z.org
chinad,zvufbff48qcc6bkl.net
chinad,qzae811am3jdeb34.com
chinad,xbmmm5gtxyyl5qcd.net
chinad,2x2s0x86kd5n9e8o.com
chinad,85cd2lvw4pu1f44k.biz
chinad,vtp4zdfs9oyksqf8.cn
chinad,vr8i0mzg1spzeaws.net
chinad,4d6jvy0qkxp985yx.biz
chinad,txpvr9f5fjavqikq.cn
chinad,6lbsmudy80riicv9.ru
chinad,f4m6c1yz9z6cqiyg.ru
chinad,a1n1bdu1y81g039f.com
chinad,r7rjkshybvxx9jzx.ru
chinad,ytneczqcvuaxda5d.ru
chinad,g892x2rn0jj7wi4x.org
chinad,2d6gap8i91kp6w05.ru
chinad,chludvxgasr8thc8.ru
chinad,te1o9k7sd2w9rg60.cn
chinad,9xj8dxlkayqroglg.info
chinad,n5qfymt7s3fdj03q.net
chinad,h6rrjmm772k07q15.com
chinad,gpi458dfpkjhb75e.net
chinad,jru1d4il3udha7k7.net
chinad,14klvwxq11msk7we.ru
chinad,hsq6ewv2iff9iebe.cn
chinad,fyd80hr3sk729o77.net
chinad,1twyvy76m7xwqv0d.cn
chinad,w7p7xukqggal6sgf.biz
chinad,s7lkmb05ctqgcr1u.info
chinad,s303kltja6s2wbp2.info
chinad,fzg026hh5it7gaij.cn
chinad,738mzwew6bq6m08i.org
chinad,momjyvpcwyjpvea7.net
chinad,6o3vs59y0cxkrivu.cn
chinad,7uzh6fi2ux6dq50u.cn
chinad,2stijk7xmsc2wveh.com
chinad,4bc2oaejh3qlgujg.net
chinad,3lbcab79141qu5ny.info
chinad,r1odeo4pzqlgbiux.info
chinad,g0jt5te0cqy3mamh.cn
chinad,29w1smmjlytzgr0r.com
chinad,o4p3y3vuvfckeagf.biz
chinad,jrar9q5z73icb8se.com
chinad,uo1fcmc4swwsedri.cn
chinad,nwowwe1ws8vi7k4w.cn
chinad,e37n6svll7mn2pmk.org
chinad,av458piqckm3r4nx.cn
chinad,nby1th3lk1xgkfsu.biz
chinad,0fxfdp3i0ye57ujh.biz
chinad,303vcx7fcrr3caxr.biz
chinad,mdgyekz3k9pkbhtj.org
chinad,qv3b9b2kzaeseutr.ru
chinad,l1bdmi5b8wm4uf2e.info
chinad,zykx3xyl2rueva2x.org
chinad,cwl83506s0ggrme9.org
chinad,wgv6btjmsgwtkbmc.biz
chinad,yu5jjqmdvykrzyge.info
chinad,f6rfbjcxdugd1o5l.com
chinad,5w37gh1qqrc8utq0.org
chinad,3a6cxa3sxx7cotw2.ru
chinad,p0lavfnn2srk4owt.net
chinad,fi8k0ejoibb989at.info
chinad,rtcxp5eq395p71gg.biz
chinad,081rj7j2nwvakax2.info
chinad,tkt13fd8970e17mh.org
chinad,mjxe0zepb76nof2p.biz
chinad,mz3mpewz08qd6o7e.info
chinad,mcw9wy8wg2ay1c3m.info
chinad,e4zm6r4pia83xj6i.org
chinad,a2ybhhrbeyvsmyls.com
chinad,0dtz0rz0dft4j9kt.cn
chinad,vry4cq15ikog5lxp.cn
chinad,oj7soklhdhscgxae.cn
chinad,ucyue1ho158cmsan.info
chinad,5h3pbbno1nrp2uyc.com
chinad,7lpjrvhw6zkiqn3u.net
chinad,17id400c20ccpnc4.net
chinad,ofe5hncfsit0uuao.info
chinad,cq1daxb0tk43balo.net
chinad,p7hmkxj4p4c3w5cd.biz
chinad,6adx0v88du1smirj.info
chinad,iptuduqnjpcmjtbj.org
chinad,x5sd2lcv3xys5ip0.org
chinad,s26s2e1jwdrbh3mc.net
chinad,4vbz3jmezvhm17pm.ru
chinad,07gq0y7qr1pbwv5f.com
chinad,sm1tvun7ao957gqk.ru
chinad,w2x215l1yzacu9fb.net
chinad,rdbxo4giajg2jg5n.info
chinad,3madshgbi4n5wkc2.org
chinad,zl3c6ahh3us9lowl.biz
chinad,7srafvyw3gosa2ln.ru
chinad,c7k3imzfip0qd6tw.net
chinad,r87g1a5p5xdopmgg.info
chinad,t3wltw2xt37k4qr2.net
chinad,1sc0vv7vj48nbazm.net
chinad,ona04oaymfs5ucop.net
chinad,c57pcvbkm6gxyvqs.com
chinad,mrhdb3xypa9b2tpp.info
chinad,xu9assjef7aluaua.biz
chinad,qylvtxwqk2co3ze1.cn
chinad,1b3d7bnusj73lyxf.info
chinad,ovu2s32tjae6keap.ru
chinad,01d2y5zhjrezokui.info
chinad,5s3bafyv5wna8iyt.info
chinad,ej1b35vhugo7akvh.cn
chinad,c8v2h64qe4zfplqq.ru
chinad,mk9asct0e5tyrkrb.biz
chinad,zq49qs1vg1qh7nqg.biz
chinad,thqvq2by1kmb4cfx.net
chinad,xe9atsndp6cq54wf.com
chinad,qodfz1q49u0t35ib.ru
chinad,05h3j2e8drx8kf15.info
chinad,pwbf3o1xafnapaqc.info
chinad,a87mpmt9pnqv90nn.com
chinad,2z2weanpo7jvo1s9.cn
chinad,jm7e7m0y4spgwzrl.com
chinad,7xb1n4dcq51yadp9.info
chinad,oew4pab5b0ouy8dh.cn
chinad,7mfo564yomdfctjj.com
chinad,fvb9jcds800afifv.com
chinad,qfudi5sylc2tde5h.cn
chinad,4c8svyuzgiqohuqc.org
chinad,kqx5xv7k2jji02wn.com
chinad,ddov3sth6l178ssq.net
chinad,dea1gfdd2rabh4qs.net
chinad,8gmhtu30ez3ixc6k.com
chinad,qnuunlghxjvev7h8.cn
chinad,mkxo2871w64dmvm9.net
chinad,7a68yyx5r5n19tvl.com
chinad,phlewgnbem7bst6w.info
chinad,dhc1izjbs0w8bsa6.net
chinad,7ktnb2in7vdacx46.info
chinad,hjnr9h192gxmexlo.org
chinad,0iiutrihtolpoq7u.biz
chinad,prsodhshr3w9r0xf.net
chinad,272444uixsfy76ug.ru
chinad,r3vismsxigug81ou.org
chinad,bw4nuc7782ulkq71.net
chinad,hjt0t9mgjixe81on.net
chinad,00btgxqbf7v6px7v.info
chinad,otscndt8i787obkz.org
chinad,dbsx2ikdz5jxxr0p.info
chinad,s28pklkbq5aywzfr.ru
chinad,r5khwtiryrattfdb.net
chinad,cihtoex8shr829xr.info
chinad,stx8967ozsov34ex.ru
chinad,g4z8n62lr5yil3b4.com
chinad,d2s6b1vi7bm970gl.ru
chinad,khs5uardwug21vua.biz
chinad,3hgf89o0trbbiids.ru
chinad,vy8wz8hercp2njev.ru
chinad,bsza18ppv5dfylbv.biz
chinad,db9ibeefal30vy08.cn
chinad,1m9ottiq762pyy4f.org
chinad,jr0h9m1m7t6hnjko.biz
chinad,xtcxkbs0i3fovfav.net
chinad,ujs8g1jaux7f74ie.org
chinad,8mvt0437zmat8c98.biz
chinad,nz1vu9ytkx8ldw61.net
chinad,y6iqvcd9sf9ttikd.info
chinad,nuu2sa8tsjp2e2zd.org
chinad,b0fh1g0nq0gugh4o.biz
chinad,o7uk7iyhgzaxszod.cn
chinad,4t042u66by8ogvwr.cn
chinad,4km6ev6ge5uvdevh.ru
chinad,xltmg58s899iesun.biz
chinad,4fz65wcj8b0qpom8.com
chinad,s5u0x10lahijerbt.ru
chinad,cr0ztg1vihomu41k.com
chinad,o2mf8pba23ag2y45.cn
chinad,xoswxfso233ho6fs.info
chinad,7j04bs4o5xful6oo.info
chinad,cahdrttq9t58mjit.com
chinad,zx8840xdn6ib80ei.biz
chinad,6a0ztk8updkswwb1.net
chinad,ziyldfgbc2blccck.cn
chinad,r6deog7iw7j4vcat.info
chinad,2bg33g7be4w8bb2f.com
chinad,tizxcsptqpfns8d3.ru
chinad,ohflaa3u0hmw2g6e.org
chinad,t4qdjw99gqti14pu.biz
chinad,u1xzowcmvakv6rrk.ru
chinad,w7pg9xi059pv9wo2.com
chinad,9c801vacqoky6e45.org
chinad,ftrvx5cyu5mssw6n.cn
chinad,csstb86qxy6on3fg.net
chinad,l1tkrs7zn5tc9pm6.ru
chinad,935czimr51kxw87h.biz
chinad,08g39br0ubcwa6zt.ru
chinad,sdgqs26fq7f9dc7f.com
chinad,dd7dz2nrlppohrn2.ru
chinad,35bkoqe3zizatdi8.net
chinad,x9sc1kr3hujp7yot.net
chinad,x8abmqou9hop0w7r.ru
chinad,36i5xj5g5m1mb8xc.org
chinad,ww5anbefxf95uu5t.com
chinad,3jakb27mchhawyy2.com
chinad,xvzlzrecesjj03d5.biz
chinad,ds8cdo36urd3izsc.ru
chinad,c7v4dmxeibdw313i.org
chinad,qo7816xvafdok5fs.org
chinad,v8eb1i3kobjd4lo2.net
chinad,xu9adgg7u0qmvho4.org
chinad,htoe228wu2rf2sia.net
chinad,scepvzyxiqyzavdq.org
chinad,axpe7suqj4qly2zc.biz
chinad,0fclau3rrigpf1hh.net
chinad,crvpjmqxkifr3x0u.ru
chinad,8xbcch4lsttwwnbh.net
chinad,k5sx92ghg62bo4b0.org
chinad,oxasmstyyuzv1dt8.ru
chinad,dgwog9jac7conuhz.cn
chinad,kazlv6twerrebaz5.com
chinad,0t1nhc7mvlq7rrmm.biz
chinad,t5coih8iifryk0do.ru
chinad,c9ucv5mc848si2l8.biz
chinad,m92px9sasu5t8swo.cn
chinad,bmy07yyg5ax32coh.org
chinad,vpip1ox2m4bxdh9n.net
chinad,towatkbktcp9u1l6.net
chinad,8ndky2nzy7vdds68.org
chinad,af1zq33s2ezlfwv8.org
chinad,b9ga6k6x3sx6d4xz.info
chinad,z6ftq7ilpe9an7fu.com
chinad,5n0mvprat21ja5xc.org
chinad,vc0vsag8q21b362s.cn
chinad,dlss210a8a4pag1e.org
chinad,8099c9ohh2texssv.biz
chinad,8rfbpvlmhp333n7x.org
chinad,oqx4fpva07dca32a.org
chinad,xol8nq8ggdm889oo.com
chinad,ubk8dbtmjr3m6gv3.cn
chinad,xaep7ldqbqqsa7ah.ru
chinad,2dg9ouxzwcecpx6q.info
chinad,8rod4nkuhn6k40yr.biz
chinad,repz251jidsxt6yt.net
chinad,fo6l2j76qyk50gmc.cn
chinad,nwdz8ogaqeb5549h.info
chinad,pqgzyntafzxmisap.info
chinad,zg2ztkd004gi8fvi.ru
chinad,x5ixywh780ecuxh5.org
chinad,klko73r6qhbsw526.org
chinad,uej9xlg097o3z805.net
chinad,bvjq0d9hi49k7c88.biz
chinad,hg55ee3ssq3yjbnd.biz
chinad,pq7xwqg22z7xb3nt.cn
chinad,u2clgg2l7qulioc8.biz
chinad,28nhuhgsmpgztq3v.biz
chinad,sap49ricsyk5bvoo.org
chinad,2su3ztmtpxbx0m9z.biz
chinad,9qyhfzsqh3yu9suv.com
chinad,t619xxmew2bfr2w2.net
chinad,l77bkyy9etrwt1ti.cn
chinad,qmnoskz5ri5arhsz.ru
chinad,9cythfgh8f7shvqo.org
chinad,lp5lzjll3kj2a7hg.ru
chinad,ei9n7rei878rartr.net
chinad,v2mocpc2ocyhuxre.biz
chinad,eekmspx70i0kl2mp.com
chinad,o993ryms6kmp45p5.info
chinad,30si5z9wogqj7im7.ru
chinad,gcssdb23ykbfpqk6.net
chinad,yi4k4vzv21nipgvt.info
chinad,u0lmie7dfbo40xd9.net
chinad,rinran54ceplge54.biz
chinad,upd7435iid877vs1.info
chinad,np50xijsdzwaxpxt.ru
chinad,vt5awpcxn0poruft.net
chinad,nr1qwin8462vngq9.biz
chinad,fwxo78ktosydf8n4.info
chinad,9aw0ip3fjhyazkkd.net
chinad,f5fm5wiwzid2d4c4.com
chinad,vd3d09jlaqtwids1.biz
chinad,yiro5mtn0g44awb4.com
chinad,ppl3yr577v6j72b6.net
chinad,ulzc1to6u8oc12tj.net
chinad,2h2gs3y2fwr8w9gu.org
chinad,myrbo9yvx1fyjydm.com
chinad,y3ugkpch3wutyym6.cn
chinad,2e5ashgbgkd0u3oo.cn
chinad,v4u1tcghmau0n0fr.org
chinad,jrresc3n9ddzcdqa.ru
chinad,mpt15509q9s6anxg.org
chinad,oscbmr3zlqq1hu4o.ru
chinad,yyhqq5nc90rhv1v3.ru
chinad,w6n9k4cl1057gt5q.org
chinad,rpb0lyet55azo06d.ru
chinad,9f8hxkwlk0uwzhyq.biz
chinad,8vxc4xsn0j9xml4m.ru
chinad,lya3dqaayi3ec3o4.ru
chinad,4hqpwaus9f06wo7y.cn
chinad,o781410gjgmymu8v.ru
chinad,rd5itpg9ihscrd71.ru
chinad,yat67bfiquvq17zc.cn
chinad,3xnjkm76m5ru0yp0.net
chinad,7cmn6q70kv7myq2h.cn
chinad,9a7mk4mhjzoyjpij.net
chinad,r8di2merdhrfxcc0.net
chinad,dcuwhi66065n9npm.info
chinad,4vl91kjlyr4thilm.biz
chinad,dp9397kh9fnat4ku.info
chinad,34fq124mnx3nwh50.com
chinad,hfjbl0wzmm5vns3f.cn
chinad,j2yts4nahvirjdyx.com
chinad,wgcils676o7rcxz7.com
chinad,8m4e7y41hwjx3ygd.org
chinad,4pl6n8z31cm610an.com
chinad,jgt0y00yn1tdoebm.net
chinad,on4l6jwygd81ltw6.com
chinad,j0xpnthp0408kbvx.net
chinad,hpmwuudhybasobvj.net
chinad,ukcylubbt9u9ihde.ru
chinad,fbuuqrcjy15962ue.org
chinad,t9ybiv7jjud1ubi3.net
chinad,c2w3gffw7gf61aun.cn
chinad,op8mbuyzbxzc0spi.ru
chinad,dqs9tccsmqlh0zuo.info
chinad,a3nfsjoy7nv1nf1q.ru
chinad,4111yi3ume0a27ux.info
chinad,rw8hlgy0sm23zc3w.net
chinad,cm5a4kcetn44sew2.org
chinad,mt4iafbqjgh693eq.org
chinad,kwdxbas0du0tm5rq.biz
chinad,8d3g4scr0jb5bjop.biz
chinad,0sozhlpa72pernaq.org
chinad,j0mnxbp365swllpj.ru
chinad,66h6ajod5e4odnrj.cn
chinad,icxw44ud7ue1khg7.org
chinad,dblm3u8rxk6atcxz.org
chinad,4gkc2nqg9drk50he.org
chinad,et29gn3kbv8npvw2.cn
chinad,nvatksyamawy6423.ru
chinad,m2o3qwxabpk8rb7z.biz
chinad,ys66uf8cnnodjutx.com
chinad,3jg8l83bizvkshng.biz
chinad,iiks1wgc0udkc23h.biz
chinad,jhwml38685fh5swj.com
chinad,4x8jr2g8u7lqzafr.ru
chinad,knqup7oull2xzkiq.com
chinad,vydde2fo5rub44io.info
chinad,tms89kkyjeeivm9f.ru
chinad,vlxsax6fm5o6vs37.com
chinad,8j7igw0lo19s5xzj.com
chinad,lgabbyrr25rrp36i.net
chinad,cvmbm2o882vzygl1.com
chinad,nwg2fifp3rndq61o.com
chinad,53hdz9zqb734su0a.info
chinad,5pza8aywmmp0hcce.biz
chinad,kdzlb4if95anstly.biz
chinad,yt2up991t7ky0r0o.ru
chinad,g42lvni8qavpyho9.com
chinad,vc27d02ayjb18ypt.info
chinad,btx7zlqnpdtjdlfx.net
chinad,7c4ah1mr1g1mes72.org
chinad,86x53xuciap7yhha.org
chinad,3cagp2ff0ogsuibw.cn
chinad,nvqxbdpv2stnj95h.cn
chinad,he3k850mpe1xvpk0.net
chinad,w4ugq8yhxrysfza7.org
chinad,oqt7tdlz4tspl3yj.biz
chinad,r6c253v2fhqkc07x.ru
chinad,8y4xn433ihstcmpa.info
chinad,tf1cwa1efcg8sg37.net
chinad,ddvzat4sgrvdpd1b.ru
chinad,u7za08561pzbd9e2.com
chinad,5cc5dgbjzda4nb0u.org
chinad,wh18oy4h1camogud.net
chinad,lbk7907qi1ah4d4s.info
chinad,rbzwuml1fyrzi55b.info
chinad,wz1vbno7ng33ejyx.net
chinad,koi9wrunoakxf8v0.net
chinad,dsswmg5rksdsfzdc.info
chinad,3vvb1upcqt6ikfso.com
chinad,rcj86qspy32xa3hn.org
chinad,y72a8ss7laa5er10.cn
chinad,bwgugwv5uqxu7uda.cn
chinad,8bb2v75lg1duioik.ru
chinad,1m60e2bs991icld8.com
chinad,rvfej6w6izpx3yka.biz
chinad,k4lhukcqa89zr4d7.net
chinad,q1al3ox15vgj34bq.cn
chinad,zyoynmlv9sgnlyyo.com
chinad,47fssbehkjmpydiv.biz
chinad,1ko9h0c6l3gd6bcd.info
chinad,111pq0pka95omatr.cn
chinad,k7l731txzp03yi4i.info
chinad,bfudjhvz1vzh0kp0.ru
chinad,o70wwl0k3rnesdox.net
chinad,bwmb3q12fwv4q8ws.cn
chinad,vog4vy1jjlxte3y4.com
chinad,w1cljia5sxfuh2iw.ru
chinad,id1666exwjfpoxo4.net
chinad,zb61xhy0y188ag6x.info
chinad,luxh9s7hf91r8l7o.info
chinad,eegj5kgxq3oimfpm.cn
chinad,0wnya2j84dtvnpb8.info
chinad,bqpg38kgc8g11687.cn
chinad,589d9kgtzzhhtf17.org
chinad,8krlbzxsg3zxyzay.cn
chinad,36d35wkhx9daqmau.biz
chinad,dpy1edcj9qtp67bk.org
chinad,izbm4767pcwymv7t.com
chinad,9wwb7x1g0g1cwmhq.cn
chinad,zoib1sj8fnemtcg0.com
chinad,tnjfy3jrj55a30ss.ru
chinad,wrqvhfdbk7fwe8go.ru
chinad,0ugtq6aoni3v2l5g.info
chinad,0vm97vet1d9akc09.info
chinad,wyplvx9s62ywrpzv.info
chinad,oiujutqmszdizcsg.ru
chinad,kcbj9bnxrrt1tv8g.info
chinad,zb6n5jvqto2uwioz.info
chinad,epvptcesag8dh65v.info
chinad,czlwqe3hdkjaney5.org
chinad,64ow9llrsne57zpn.biz
chinad,rgojzz6fwqahu8zp.biz
chinad,x9fv0ooixlyv0oy6.biz
chinad,sj6vvw5kab48xf1g.com
chinad,5qoxf3pvwsu1cnqp.info
chinad,twyjvq2jfypaqrrc.ru
chinad,3f0f4r8bkzdobmlc.org
chinad,39g7ywwlyoydyce1.biz
chinad,rrcdn97mghu0kvxb.org
chinad,6ts5xcca1lpy6d34.ru
chinad,jcfvrcbv35ak1hrd.net
chinad,gy2ur7ltq71vcrcr.cn
chinad,rhw4emcadrxm86xm.cn
chinad,vznv60z6780z7vy0.info
chinad,lds41y08udxgjtbq.net
chinad,im1simy1u8hlsfhl.biz
chinad,6fa8ngp79uwq4cut.info
chinad,24k3d1ysoqhh8v7v.org
chinad,uof8n8jbar36gsl1.org
chinad,4xlr2u7imnkx74s1.biz
chinad,mjhjwzkncthav30j.ru
chinad,ondqloekoh1vv56y.net
chinad,zdp1hyse8hthbn26.ru
chinad,3rfxumizfgqf8lxo.com
chinad,busqaklzrlmx7qy2.net
chinad,fck17tooimsevfgx.org
chinad,sht3spuno61oevol.ru
chinad,gpj6vfxajuw56uzl.info
chinad,71k30irv2dtl206w.info
chinad,4bo779f3zrf7crkd.info
chinad,39xldb36tyg8xev7.com
chinad,59h97hdo4k66b20d.info
chinad,2384uwlnq619y4cj.biz
chinad,2fomu2szo67a9x3o.info
chinad,lkpqw23zanhcx0m2.info
chinad,by556n1ppe5090if.cn
chinad,zpxu6x7hp0538dv3.org
chinad,9d5xyzlyw0zcx1ad.com
chinad,c8gso77vt7jllif3.net
chinad,kwawprhgyroo7csk.info
chinad,axkpv88t97u04r73.ru
chinad,h5hw8bsz25uc1d8x.info
chinad,sfkdhj94s453ro2m.com
chinad,95rugzjg2wtoocwz.ru
chinad,pa4wks86rei0igxk.net
chinad,eeqif0gnxcjov1bs.biz
chinad,vfw8515dcvili4ql.com
chinad,4w5uheu0qik2x1t8.ru
chinad,4azrr66ze4gr5ad8.info
chinad,vi3qagnh8oqrkat4.org
chinad,soxvlrfzmuazoavs.cn
chinad,fnvqiuh0rhfos3yi.org
chinad,h1it947htmsigv8y.net
chinad,ksz44v50xg21vcbd.net
chinad,tals33f6syfq8y11.com
chinad,d09hn1wfby39pgoc.info
chinad,g7idql4r10nswcc3.com
chinad,ik8453t39es96bwj.cn
chinad,j281bcacwop4twhn.org
chinad,z26wnxo33l15aztp.org
chinad,bkuj4dmxjrjb8jeh.com
chinad,uct73milhdiipl0g.com
chinad,iht9zdilcrm4hzui.cn
chinad,snjxqpe8kakq6mvy.cn
chinad,5xumnzzxzndob54t.com
chinad,43tpln33otmn3vvk.net
chinad,7wjobckda184c248.biz
chinad,d10f6yw2s2xuz4ru.biz
chinad,rn3rzv45c3uyy6hs.biz
chinad,au77l2k7c4tdm3f7.biz
chinad,nojj9e40pk9y6111.info
chinad,dvzlx7ws8hgqf0cm.com
chinad,cw5uj257urbizkyc.info
chinad,rjwf1k3x6nu3h260.biz
chinad,5gaxuxmh9sy8drx5.org
chinad,kc4ux5oqcrnswrgg.ru
chinad,d5ub9q3nljx083ak.biz
chinad,e1s4zt7cj7j5a2f4.info
chinad,31a9r4by8ivrj1my.info
chinad,e20dqosqs2zjw5ce.cn
chinad,tcr1axkypqzj636a.net
chinad,q8v86f7eenrimigo.cn
chinad,daranrk2f0clvg8v.org
chinad,h5smpbo9d38lrlh4.cn
chinad,bh3a80zcd1eeei4t.ru
chinad,ihntodiwjnckkflx.net
chinad,01mj145oq5380av6.info
chinad,wwrujafy67hg2sjy.ru
chinad,q18ouez9hakylq1r.com
chinad,5cagosackda9udd9.info
chinad,lmz8qumfszeldkba.biz
chinad,b49bntalawi6uoag.net
chinad,o9eeau9ass92facp.biz
chinad,irvrqguz3y9dq2x7.cn
chinad,b4ooxu69mqsrlmed.cn
chinad,ps9cf2vts4cibzo6.biz
chinad,d46vbp1s7cwvibed.com
chinad,sfrfs6e1l2a9g70r.com
chinad,1exs7bvvdii7ornx.cn
chinad,1o3oxp9fu1w7i0hd.net
chinad,e8n982mkv72thrx7.biz
chinad,rhdj0fuq21b6q0ny.ru
chinad,pk3dghjjhzxg9r2v.com
chinad,jvl5sn3nz3qconfi.net
chinad,qcfglvqy7fuu0xu2.org
chinad,c6mfb9zmofikzhus.ru
chinad,1i1gph4fi2b0y9px.net
chinad,j7uumim6rgf7bm9u.org
chinad,l8omr417yk5fh7ut.biz
chinad,dmf0ydf4j785bi8e.org
chinad,c51ihb5asg5v1tfl.biz
chinad,3kars59u7s4iiejj.info
chinad,ffnxn567k690xorr.net
chinad,bi2z3g21831fg7ej.info
chinad,r9tcp6xgzd0v886a.ru
chinad,iag1k394k7eau82j.cn
chinad,95j9jfz8g62fk4yr.ru
chinad,0o3zxwm9anq8bezh.cn
chinad,a2z1cwkos6daz55y.org
chinad,oa2vygxpba0ouyf0.biz
chinad,clijzzrbs8r7sf1c.net
chinad,4q8o7cwj1rjwmjl2.info
chinad,cmpbu6gk8hbp0ncv.info
chinad,d5m7pntrcpvdlbm1.net
chinad,w7ioc350tczkafje.ru
chinad,7hgscb7q29037njf.net
chinad,9b0nx0hn43vbyrs1.ru
chinad,joz0sr816glvdy60.net
chinad,ffctq77eatrdrlwd.ru
chinad,kt2bc3rn1xwlpeck.biz
chinad,3moior9lh5j699hj.ru
chinad,wfaw5f16yu213m0o.ru
chinad,h93w4634dz38ezp3.com
chinad,k3m2tk4652qv3jpn.org
chinad,kh7rhupwi049s4le.net
chinad,az2lib1849hiaga6.cn
chinad,0zfkrqye7696fknp.biz
chinad,ed2vkij3qlghtf2z.com
chinad,65zxfa7zqc611sbd.biz
chinad,mrvqh5e4nxnylb45.cn
chinad,rrje1r1ntzzo9une.com
chinad,7k5dy4zibt2il7td.ru
chinad,5eduwulsww7astd7.ru
chinad,spzdz8rtl3ijvsel.info
chinad,m0y7gcqrwo8dae7b.net
chinad,x6vgstbnma0ueagq.info
chinad,np3buqk1z8iqd1ia.info
chinad,j71cjsiabnb63sw1.biz
chinad,iq4989vrpcubadin.biz
chinad,kt7g3lz903btremq.org
chinad,p827btojmhfuysfa.cn
chinad,faclzw2gdj3qg9id.biz
chinad,13adrbmgpq0kyk9f.com
chinad,626x63gx71a01o3a.ru
chinad,lnsi0yca6jb275oq.com
chinad,npa657ucjt0s3wmv.biz
chinad,36xrg2tx8sizzfgp.org
chinad,2dabmbkxr3j3lrgw.info
chinad,0461cvuzfusjxyqh.ru
chinad,umhtx8y0r07q5fwx.cn
chinad,6ox6a0rr2odt1mcq.cn
chinad,yka8iigxzutj0kfd.cn
chinad,xl29xv7s9tfz8m47.cn
chinad,o7cs2bylnydyejek.cn
chinad,x3guq87hzeh8r38t.net
chinad,vyc1alk2r4063anx.com
chinad,z56400qt3y535tih.net
chinad,h3xv4rr4sg2ib50k.com
chinad,t16z96rlz1085fp3.cn
chinad,br8aobjg6w4v1sko.org
chinad,el0vgilmopouze54.net
chinad,9fvwyzz2hr3684iz.net
chinad,hgni382ixactn95f.biz
chinad,2iiuetd8c2oh2ile.ru
chinad,tvn3nlto65nsxd1b.info
chinad,ebg1tt7mxgcdzlvp.com
chinad,f7zkbyqrnytdc3sj.info
chinad,liwdzr61qh82byh4.org
chinad,uyr5bhfrl7j7q5bp.org
chinad,9998u3ri88sr3qwi.biz
chinad,sucoejtjv5pfslf7.ru
chinad,aeyqotmrq557vqv5.info
chinad,2wfaf7r2um0x2zi3.org
chinad,niyxtknmm5ofrr8a.info
chinad,axtrhyp41dbp1apk.net
chinad,91kwdax2ch1h9nka.net
chinad,ws4g5vrgtcdusxvd.net
chinad,t8jwzrgy05uh0vfn.biz
chinad,9jhhuyjrb0w855tt.cn
chinad,54e9qagpeaoy1nux.biz
chinad,iveafr8gspwma8hp.cn
chinad,yv4px9t2i38apqa9.com
chinad,d14ldtkbj6r4wu4e.net
chinad,uc9ux63m5k43sor4.net
chinad,tnfmaafjpsncenfj.info
chinad,vxx472cmzyiu4zoa.cn
chinad,omofdj1zlfra3ej8.com
chinad,wcrtc7g9ko9tv0di.biz
chinad,gflt1n8lb1qoif4o.cn
chinad,z4ioqnbxlyd2a7a9.org
chinad,bxetdrm6lud80hzi.info
chinad,6jvk13q4wqwsu7vr.net
chinad,68uko08qhiqgye3l.ru
chinad,7zpa5s432oh6rqty.net
chinad,88wdeft6n8vdrb9d.cn
chinad,06hofl1x8r7s2yjp.com
chinad,l1kuhqvzrnc50e8m.org
chinad,ujyonx7ovk9eydc6.info
chinad,i49dnlmaoy9jx6vj.com
chinad,kmizlbxr4i4tuyfb.net
chinad,4fvq68i1maxzb7i4.org
chinad,1kysd7k4b669t6lx.ru
chinad,9i3q5us2u4c3rxcn.info
chinad,242jop127z4ku6kd.cn
chinad,0p3zoki5oay7czc1.cn
chinad,ns8ta0ur5yfy5w3r.org
chinad,g01ppnutqyqlxe74.biz
chinad,e71s24hrcudvygvl.com
chinad,8l21pc5xg69erfoh.info
chinad,beov1eme3rc14he9.info
chinad,gnozw5wzaewij7bz.com
chinad,sgs7tpg4brsfdswa.ru
chinad,sd944h1yyvxcgn3b.ru
chinad,aka0yctwpb85t79b.info
chinad,32r4x1p32km5ey7a.biz
chinad,rd4b83ivoy7soqap.ru
chinad,b6t7287t7kebq6dw.com
chinad,4bwvlqk1p10vs1do.ru
chinad,52vfchslqrziqb6l.biz
chinad,u1ntb31vpfq0l5va.org
chinad,z0kodaiaae7xegxi.net
chinad,madfdmbs4gij86gv.cn
chinad,91ewg60kye1lseqn.ru
chinad,v803kcuic3fsxlpb.cn
chinad,4cqalv5nm5ty83qv.net
chinad,0h3xg6s7ejdcydap.net
chinad,jr7x91aa8lp3kcj1.net
chinad,yzsk52covnuolfwz.cn
chinad,uc7gmksha2grweaq.ru
chinad,tv8906n7k13okflx.com
chinad,hgmzvd913umxv6je.biz
chinad,upwsuaey0n2hkcb8.com
chinad,0lmxd65f1sy6erz8.biz
chinad,7olyc68ghbhm4s0z.info
chinad,4qwtjneue0r7m015.ru
chinad,vhft12momc8ml0rh.net
chinad,8lo37r2nerelp8iz.ru
chinad,l94g3sqtzjjubyev.net
chinad,z74lzr04hgcfv801.net
chinad,io79h93fz0q8op77.info
chinad,8d3jjrktzj0fs21v.org
chinad,z2rr29nei3u47btq.ru
chinad,6i97hlerv77ui0ya.biz
chinad,bvkzyxqjzvebqgxo.ru
chinad,tdk0y7asz4r9v6gh.com
chinad,l9yuhy3xui5jt5id.com
chinad,byk2rn065nonu8fj.net
chinad,vbk3mkz1uddre6rs.net
chinad,dhtmp108ese7lqog.net
chinad,h9y4arvde1uuweut.ru
chinad,q4vbxmhijs6os1w6.biz
chinad,b7q1lzoc2adqlvy7.cn
chinad,rsjl4we72oqwt277.biz
chinad,br6b4itd0oumxjke.ru
chinad,oe3qwvsn8ysy9v6p.org
chinad,28xmtne0y6ehnza0.com
chinad,latsdarembbcsepx.info
chinad,zv45iihtgo546yds.ru
chinad,8jkyucraqtl2klia.info
chinad,gah1bu5jllf3408i.biz
chinad,n0va2jqeizgb2xv0.net
chinad,b29rs81a6lfmnnu4.cn
chinad,47wvyy53ra1tpta0.com
chinad,3lv8a9prrunmvhyn.ru
chinad,ob7a52o0cqb8xz86.biz
chinad,l9zq022bfvzjwg27.cn
chinad,qxwpf80xnhkdn9zr.cn
chinad,1u1g47m4js1n49x3.com
chinad,lcc6refs9azcm5ti.org
chinad,2ron3d57er3hjk7m.org
chinad,nywyhiyd1rxkeech.com
chinad,klrf6g8fpkp6kem1.ru
chinad,5c7p3ta9l7j1dhtk.com
chinad,3rhj7s0agkyhqx28.cn
chinad,r207cjtpit8jwi13.net
chinad,ww1ewbvqyt6njzh5.info
chinad,njd4gjtay2ar6gzi.com
chinad,h3w2u9n44quempze.cn
chinad,cxb1vb0aobtp1c4d.net
chinad,647os69stx3igfzj.com
chinad,x0ittpu4gh6ogchy.com
chinad,64d04hm15eb8bagf.info
chinad,5cxy4hdp1b59zyw8.net
chinad,hwbps53xp9ujihna.biz
chinad,t0reqa2acvum5wkx.org
chinad,i0khxv8jg738c58c.info
chinad,p7jf9yzu1jvxy84x.ru
chinad,51erg7r88928xyfc.org
chinad,gb8x8spyspn1v4m2.org
chinad,wf738b7tca476usc.cn
chinad,li1cf4884l9tnqxq.ru
chinad,52bfrcwj05thbhpg.info
chinad,weyvm38jwsae7nbe.com
chinad,99vxxs8zgkl2rz55.org
chinad,m2m113jximq66p0g.org
chinad,ijke4jkpapob2abv.net
chinad,ri3lq1ld37gi8uaf.com
chinad,r11gmc691t9c9hj5.com
chinad,eopo9ywz2h50s3ui.ru
chinad,doowahymoojljosh.org
chinad,21cvhf5v6mqi6l3k.ru
chinad,329l5ryuot50o7dh.org
chinad,7vbncy7ap1w9q91k.com
chinad,yw2xk2ikvfox5707.ru
chinad,e7vzfxhja9tyi7kx.net
chinad,4e58set7m84txzvb.cn
chinad,s42sjz519lo4aeb6.net
chinad,zu2tgfpisxmjd5yq.org
chinad,ozkyqeytvxpv96tl.cn
chinad,q2g7gzv7rnka7yhk.org
chinad,bo9v83z2ouk2ycus.org
chinad,11plco6ydjwm8vwe.org
chinad,f1na2sxzjldgfasl.info
chinad,e36w2i59dkwbfpcj.org
chinad,9wp422pw3xyse6f6.net
chinad,dlko2hzekma6opfq.info
chinad,onoq6pu3jp0gf59s.info
chinad,sykqtie5ghc3dkar.biz
chinad,gvzc66zxr44t66w9.net
chinad,qd8184pbanstnxgi.cn
chinad,fjm2mqgo52tmvie9.com
chinad,ysju89bsbrrl5n0y.org
chinad,mfdfe5m7d98pb3xd.cn
chinad,j81wxemp9srl3vqa.biz
chinad,4j1rhy2ur1s40dlp.cn
chinad,1q6o1yf15bo9edg8.net
chinad,i6g1oltdmhbksu3z.info
chinad,by9bvwhbebcsubl7.net
chinad,ay6qyz6nfl5vdohc.info
chinad,tygmgvsi3xkbwm1m.biz
chinad,fbncmib1gpvlv2dc.org
chinad,3qg4oyi6at6bqdoy.org
chinad,da6vggsk0s5yo696.info
chinad,7pcem0rpoee3vyv1.biz
chinad,m4lcov6c74jt3gl6.ru
chinad,fawluj987znhw201.org
chinad,ulcrm69nhbqv0nl5.net
chinad,82f07sxof7vedqxs.biz
chinad,0x0pzkm4ypgdookd.com
chinad,fbwdedw1yvoeirgq.cn
chinad,hvfqedef3tnkq3tc.net
chinad,nhzpcw9tlhyntap3.net
chinad,6i1qpi5zpa0vr8zu.info
chinad,i8aj4804ru4jl1ic.ru
chinad,o4q6m56etl4zah07.org
chinad,gx1rbsdadvhkwrtn.cn
chinad,lvu66w0mfnk43hcj.com
chinad,numngr03i7orcrb9.cn
chinad,rzajxxyqvmpt58w7.ru
chinad,gf13wl4wc4h4o3s9.ru
chinad,mumt42ci1wm0usre.biz
chinad,rv11p9df1itdmdnz.ru
chinad,8ldfs39kilb1yvz6.com
chinad,wej0m93axui3l49o.cn
chinad,gvnwxix23a1n59oh.ru
chinad,s9a5lfrq323x6d52.info
chinad,jrspfid2wtuch0i6.biz
chinad,0crkuijrmujfmsrw.info
chinad,blmwmvmesoj219yh.biz
chinad,yw7ya0vd10fe16z1.info
chinad,pnhhqh6zxgszdm24.ru
chinad,n66hkyxm6ki2oiqy.cn
chinad,l2g4wob00iu97uql.com
chinad,8ci0s9ola9aqkihn.info
chinad,lcgoj1v0krvgxp8o.org
chinad,869fl9ih8khsz6k2.net
corebot,pgl103ncpolyvq.ddns.net
corebot,1vwd507til5xo0q.ddns.net
corebot,5lilslo6up3076g.ddns.net
corebot,58yhgrefo0krur30cfi.ddns.net
corebot,5ladyx56ifw8avmvyda.ddns.net
corebot,q0y45l3834g4oxk6w8wdwfy.ddns.net
corebot,w2mvcvinoj1xetyx1t5.ddns.net
corebot,s6wx5tyvgtgxijo8whylkfm.ddns.net
corebot,inwpovcpkdynqhm.ddns.net
corebot,m2k8uvojcfaj7h3tyjyjepy.ddns.net
corebot,yl12ermhkvkv7by.ddns.net
corebot,kf7x1fwrq6shyjwp54o.ddns.net
corebot,yredcbmr54onavs.ddns.net
corebot,3v72q6uj56chk4mpihe.ddns.net
corebot,1nerahshw6sf3xk61xo.ddns.net
corebot,y6a6yxu65bqfu4ytw23.ddns.net
corebot,a836w4qrm4qli8kfuvy.ddns.net
corebot,7lk2y4g8ytalc2e.ddns.net
corebot,1t3236glk8w6ivg05l3.ddns.net
corebot,ixsx3da2wpi65xy.ddns.net
corebot,if58irctydsjm2o.ddns.net
corebot,qn1bgxex1bi23bg.ddns.net
corebot,gxq0y272kdutslq.ddns.net
corebot,e4m4i2u83h7pq21d1nidkjo.ddns.net
corebot,ef52orqxohgr7b3dmhk2afw.ddns.net
corebot,gpobsrcnc6upq2s.ddns.net
corebot,g8e4ejg232cbwfebun1.ddns.net
corebot,i4181tyfqxkxypaxo83032e.ddns.net
corebot,k4q0wrq6i0gjw2k4i8sp3fe.ddns.net
corebot,al1n3vuvahwde6wji25.ddns.net
corebot,56khkpu4obivmhk.ddns.net
corebot,afkbqbwlit78in18qji.ddns.net
corebot,i4o83jcnmfe0m63.ddns.net
corebot,cxehifo8kravuh5ho2ad741.ddns.net
corebot,m4yjep7414gfohcxi2w.ddns.net
corebot,30i61n7tidq6s07.ddns.net
corebot,34cjy0ehed7r5xu.ddns.net
corebot,7la2mdojev1jana.ddns.net
corebot,k2ofynkbwno4mfc2qte274i.ddns.net
corebot,u410ib58c8mtyng.ddns.net
corebot,6grujmrmjodwfg.ddns.net
corebot,58upo238mdwdufy2knu.ddns.net
corebot,18cfe2a8krapud18s4k.ddns.net
corebot,32325hw8oju0qdinyxadcpg.ddns.net
corebot,w0o6sbw2g6q2uju6iry0kdc.ddns.net
corebot,5xq0alsduvmdc6u.ddns.net
corebot,56mbuf1f30y6ubonuvahu25.ddns.net
corebot,3by0afq8svybibkjij3tapo.ddns.net
corebot,mh5b5hqtybop7b5p74a.ddns.net
corebot,s4kjmtcl7poh7bojanah7l3.ddns.net
corebot,5jgta2gton5x72i.ddns.net
corebot,ujodyfqvq2gfwjsj70k.ddns.net
corebot,kv3j5xsbi4s0ovg.ddns.net
corebot,wtcpq4glmpspglstanc.ddns.net
corebot,ovklk0a8wlgp7hyvefs.ddns.net
corebot,atehi81fsvwtc6evwvq.ddns.net
corebot,kxcv56ejufmj5dqbyfylm0o.ddns.net
corebot,m8o4ypw0edy4qpstuvw.ddns.net
corebot,yvshmpglgvil5fctyjatgti.ddns.net
corebot,kr10kf7te6w6181t1tw61ro.ddns.net
corebot,mlq6kd5tu0yj7dw4e87xyni.ddns.net
corebot,uji6ep1jiryluhifk05.ddns.net
corebot,3dwten745nun16e8cf5.ddns.net
corebot,581jobadqp5bif587rq.ddns.net
corebot,ejsdstu8kfq8erq.ddns.net
corebot,72cb1l5f7te812wtulq.ddns.net
corebot,kjq4sj1t1tupsxe6uhupkng.ddns.net
corebot,irsxyrcfepyx7t54a0e.ddns.net
corebot,7ran76o4wt383p5.ddns.net
corebot,yxudypkvkro45pq8ut1lod1.ddns.net
corebot,5hid7f74snw05v3p32q.ddns.net
corebot,ovk41jip5pefo6e.ddns.net
corebot,o4g0qvqbgxav58ct78y0od5.ddns.net
corebot,yreve6ed7p7vsbsbg2ufy4w.ddns.net
corebot,k4cf5bm4cl7na4krub56aja.ddns.net
corebot,ib7hyviruluryvwfejm.ddns.net
corebot,afyv5lcj7rkd1pqrgfy.ddns.net
corebot,7d3bi8kv30i0eb5fylk2iba.ddns.net
corebot,mpi8s0o6kdyns2ytyba.ddns.net
corebot,5r3n5dknah72i8mdwp1xa45.ddns.net
corebot,sncpo4kbqhel5d1d3n3b7.ddns.net
corebot,5r3ry23vsj3h1r7.ddns.net
corebot,u0ov7jgv3jgtopafov3tyv7.ddns.net
corebot,cvyvaf7x7nkjub5.ddns.net
corebot,grw054gxehy4qhwlu8q.ddns.net
corebot,1pujiv5lqtmhaj3.ddns.net
corebot,ibi4ubq018glk4yfmpk4cdw.ddns.net
corebot,ab5bmjch1xa6ejghqxwj54m.ddns.net
corebot,1lifejcpe8kby4e.ddns.net
corebot,qveleban3lin32ypk2y.ddns.net
corebot,ivg8kxk47tuhgho2e4g8i2a.ddns.net
corebot,ux32sv18aty4a2ctkt3.ddns.net
corebot,q450mjs4cxcvsxy.ddns.net
corebot,3dyvan34103j72u.ddns.net
corebot,ib3nwda8y8mf5fuh1dqjc47.ddns.net
corebot,u0edq2qvc0gfs0cnup5.ddns.net
corebot,ifwrktilevqnc2utkl5.ddns.net
corebot,odchw632wduvy41hu87832m.ddns.net
corebot,12ijklsloho8k4q.ddns.net
corebot,ml5pwh3ts4wfmn1dklcjy6c.ddns.net
corebot,cj1d7f1bg2epo0ml52gpg63.ddns.net
corebot,kncfy4mdcb78wna2gru0iho.ddns.net
corebot,epul30385xwpmvw27jq.ddns.net
corebot,yrgbmhut1typaru.ddns.net
corebot,qxw4ilyhu4u07lslqpkrk8m.ddns.net
corebot,a67rchgr7rwjuvup16s8efu.ddns.net
corebot,at7vc0ul5tslwn7.ddns.net
corebot,k4odw0che23rkx1tav3nkfq.ddns.net
corebot,y8mnknkhenc0wh7.ddns.net
corebot,kxavc6ohk2ypuhe6ylq.ddns.net
corebot,mf30yfijm0745psbk6u.ddns.net
corebot,507re0ebsno0av3.ddns.net
corebot,atinup101vgjw4u.ddns.net
corebot,5rsrc4q8w0q4el16edqnexs.ddns.net
corebot,k6sjsn50uv7nep16ab3p54o.ddns.net
corebot,ir3xmx5f12sle0wn7pm0sh5.ddns.net
corebot,ofoni4wdkd52un5vilad5hm.ddns.net
corebot,s472sh3vufunoberkb1.ddns.net
corebot,yvsd30sdcvcrcfa.ddns.net
corebot,507de0srody2o8g2gr5rorc.ddns.net
corebot,cpcjujopy2k4a4i.ddns.net
corebot,m012cjybwlyxqjqdilq.ddns.net
corebot,otelqhi2y01vgpgxedm.ddns.net
corebot,ir1tip58qbin38e4507rcpm.ddns.net
corebot,mbgrqti2m6c4kbmvuru234i.ddns.net
corebot,g4kni4spup5hwrklang.ddns.net
corebot,m03f761xk0ed3b3tc25pwno.ddns.net
corebot,gpyholmtg0klq27lsn1.ddns.net
corebot,cl16c8uf3ni8obs.ddns.net
corebot,cfwryt5punib1fctole.ddns.net
corebot,mdodojm4evwtk4gpsh1.ddns.net
corebot,i41duvetyhcbixipkx12al1.ddns.net
corebot,et7j7fyv5dujads.ddns.net
corebot,qf7jy2q8kt3xu2qt5lq.ddns.net
corebot,khcpsly4mpuhu67.ddns.net
corebot,16wbkx76o8eby4gvuhk2gde.ddns.net
corebot,slq4g4kny4ofyt74k6qlqls.ddns.net
corebot,ul7dohi0wt1xu4c0oropqte.ddns.net
corebot,anulktm8ujup12q.ddns.net
corebot,3t1ls2a2obqfani.ddns.net
corebot,y4mjw4uvudqp3lyhsbg4oxa.ddns.net
corebot,5f7d3paxapa0yv58y25.ddns.net
corebot,iriry2sxqtkvgpk0obux36e.ddns.net
corebot,7jwtilwlu65vuny.ddns.net
corebot,gbg2ipuhkhwfs2etela.ddns.net
corebot,ut1tcnmlo8ovkhi.ddns.net
corebot,iv5xan185hy61lypm2k4mtm.ddns.net
corebot,ypw6ml3no4qre0srcrsnwn3.ddns.net
corebot,1j3pwpcxqlklwvmvype.ddns.net
corebot,i07reh763fuxgdexy2e.ddns.net
corebot,e6et16eryxy8qhq2ary.ddns.net
corebot,g458w67bifuv5tu.ddns.net
corebot,cdarw0y4qhehs2ofk07.ddns.net
corebot,3hifs6crq6elgte.ddns.net
corebot,mxgb5xyrsfsdufc.ddns.net
corebot,spojo2at7hohaj3h5dk.ddns.net
corebot,52gruji8gpmdibufyh58knc.ddns.net
corebot,y2yx5ni8yv381dy.ddns.net
corebot,sdunchmlyrg45f58yxalgb5.ddns.net
corebot,u6oxs03tmb1610a.ddns.net
darkcracks,stcrugoagjl.com
darkcracks,avcfugoagjl.com
darkcracks,ktdvugoagjl.com
darkcracks,ytcrugoagjl.com
fosniw,app2.winsoft0.com
fosniw,app2.winsoft1.com
fosniw,app2.winsoft2.com
fosniw,app2.winsoft3.com
fosniw,app2.winsoft4.com
fosniw,app2.winsoft5.com
fosniw,app2.winsoft6.com
fosniw,app2.winsoft7.com
fosniw,app2.winsoft8.com
fosniw,app2.winsoft9.com
fosniw,app2.winsoft10.com
fosniw,app2.winsoft11.com
fosniw,app2.winsoft12.com
fosniw,app2.winsoft13.com
fosniw,app2.winsoft14.com
fosniw,app2.winsoft15.com
fosniw,app2.winsoft16.com
fosniw,app2.winsoft17.com
fosniw,app2.winsoft18.com
fosniw,app2.winsoft19.com
fosniw,app2.winsoft20.com
fosniw,app2.winsoft21.com
fosniw,app2.winsoft22.com
fosniw,app2.winsoft23.com
fosniw,app2.winsoft24.com
fosniw,app2.winsoft25.com
fosniw,app2.winsoft26.com
fosniw,app2.winsoft27.com
fosniw,app2.winsoft28.com
fosniw,app2.winsoft29.com
fosniw,app2.winsoft30.com
fosniw,app2.winsoft31.com
fosniw,app2.winsoft32.com
fosniw,app2.winsoft33.com
fosniw,app2.winsoft34.com
fosniw,app2.winsoft35.com
fosniw,app2.winsoft36.com
fosniw,app2.winsoft37.com
fosniw,app2.winsoft38.com
fosniw,app2.winsoft39.com
fosniw,app2.winsoft40.com
fosniw,app2.winsoft41.com
fosniw,app2.winsoft42.com
fosniw,app2.winsoft43.com
fosniw,app2.winsoft44.com
fosniw,app2.winsoft45.com
fosniw,app2.winsoft46.com
fosniw,app2.winsoft47.com
fosniw,app2.winsoft48.com
fosniw,app2.winsoft49.com
fosniw,app2.winsoft50.com
fosniw,app2.winsoft51.com
fosniw,app2.winsoft52.com
fosniw,app2.winsoft53.com
fosniw,app2.winsoft54.com
fosniw,app2.winsoft55.com
fosniw,app2.winsoft56.com
fosniw,app2.winsoft57.com
fosniw,app2.winsoft58.com
fosniw,app2.winsoft59.com
fosniw,app2.winsoft60.com
fosniw,app2.winsoft61.com
fosniw,app2.winsoft62.com
fosniw,app2.winsoft63.com
fosniw,app2.winsoft64.com
fosniw,app2.winsoft65.com
fosniw,app2.winsoft66.com
fosniw,app2.winsoft67.com
fosniw,app2.winsoft68.com
fosniw,app2.winsoft69.com
fosniw,app2.winsoft70.com
fosniw,app2.winsoft71.com
fosniw,app2.winsoft72.com
fosniw,app2.winsoft73.com
fosniw,app2.winsoft74.com
fosniw,app2.winsoft75.com
fosniw,app2.winsoft76.com
fosniw,app2.winsoft77.com
fosniw,app2.winsoft78.com
fosniw,app2.winsoft79.com
fosniw,app2.winsoft80.com
fosniw,app2.winsoft81.com
fosniw,app2.winsoft82.com
fosniw,app2.winsoft83.com
fosniw,app2.winsoft84.com
fosniw,app2.winsoft85.com
fosniw,app2.winsoft86.com
fosniw,app2.winsoft87.com
fosniw,app2.winsoft88.com
fosniw,app2.winsoft89.com
fosniw,app2.winsoft90.com
fosniw,app2.winsoft91.com
fosniw,app2.winsoft92.com
fosniw,app2.winsoft93.com
fosniw,app2.winsoft94.com
fosniw,app2.winsoft95.com
fosniw,app2.winsoft96.com
fosniw,app2.winsoft97.com
fosniw,app2.winsoft98.com
fosniw,app2.winsoft99.com
fosniw,app2.winsoft100.com
gozi,solaitanisanitas.com
gozi,necesseominiuria.com
gozi,christiopqucrestaugende.com
gozi,prsicutpcontunisve.com
gozi,prefillisdveldonechnobi.com
gozi,remittitmortes.com
gozi,annivedicerepa.com
gozi,participationem.com
gozi,omninteriorisomnibus.com
gozi,estiusteindulgentias.com
gozi,episcopiaugeri.com
gozi,donareecclesienecessario.com
gozi,sitdeipenasanimabus.com
gozi,predicatorumamicam.com
gozi,morituriquipoptalescoqes.com
gozi,lutiusticuratiintroitum.com
gozi,quisicutagvirtutis.com
gozi,animascommiequivalere.com
gozi,resourcestribulationes.com
gozi,mordocendisoewittenberge.com
gozi,efficacesomnes.com
gozi,plenomecclesieclarumest.com
gozi,eilleconciosecumsecuros.com
gozi,dsinebasilicamhotenta.com
gozi,remissecundum.com
gozi,ompapapapecutac.com
gozi,quodpenvelintredimere.com
gozi,exponerephessemalesaltem.com
gozi,gratiaschrisnostripape.com
gozi,essehostibusdominus.com
gozi,aliissanctorumexe.com
gozi,quareipsegedicsiterectam.com
gozi,pecuniamcertistruitveni.com
gozi,compescerepapa.com
gozi,desperatioctsfwnonpotest.com
gozi,pecuniampotest.com
gozi,remisremissionempape.com
gozi,sithabetsecuritatemsine.com
gozi,potestindulgentiarum.com
gozi,christianipiscantursini.com
gozi,facitesttemporalescre.com
gozi,immoimcontemnenda.com
gozi,siquodiosiproaddeliteris.com
gozi,levissimamnoncharitatis.com
gozi,ninetstatumremissionis.com
gozi,estadmiretinerequibusloc.com
gozi,literisnecopulentissimis.com
gozi,hachabcineresifacereda.com
locky,jehmbkdavrtx.eu
locky,lfilocyvmr.tf
locky,gomwrsl.in
locky,ipuue.in
locky,dyydbasdpcbrf.yt
locky,mwmtkchanmx.eu
locky,oqtcvadfp.tf
locky,jactrp.uk
locky,iviqmypheloiq.pw
locky,kwqhcomniyc.us
locky,fguwajmk.yt
locky,oematw.eu
locky,qfubaobsqvmfjvh.ru
locky,loynljfpgdnh.uk
locky,umuloqxdjv.nl
locky,irefhjb.eu
locky,amrocsegb.pm
locky,uvortc.in
locky,wpvohlnklcuwlva.ru
locky,gurlqikvhenui.uk
locky,bwuwuijbtc.us
locky,dxvlyhol.be
locky,mvqpag.pm
locky,hfygcgbkjckqgb.in
locky,tcloxt.tf
locky,olpydbooqaopvg.de
locky,qfwcyikcgwap.ru
locky,lobfypolu.tf
locky,npgnpry.pw
locky,wnbru.pw
locky,rwfvkvtrlanfa.de
locky,txoerxphlus.uk
locky,fhfafwulpwibchrq.work
locky,xugttmgwwvnkx.xyz
locky,radtiupexhdvmpnh.su
locky,nchqodojfxr.su
locky,todrsww.info
locky,sftnjrvetblc.work
locky,ksjsrubhagutxer.biz
locky,cbgffwefig.pl
locky,kwyxvqrijaphyrg.ru
locky,atpbtsn.ru
locky,gqrdwietaj.su
locky,mlcxggy.org
locky,nrbkmrnfhv.xyz
locky,auevtiermkytr.pl
locky,egjxpfphicmwjyeof.org
locky,dlhxeeiesjphj.click
locky,pxdusciaomkn.click
locky,hlftlxdqjr.org
locky,buydoopc.biz
locky,ochopmuo.pl
locky,fwyciajlxt.work
locky,rekcycsyhboth.su
locky,ywlegyknhlb.ru
locky,nfcuefybkco.su
locky,wjgteabpoqcccuk.pl
locky,nwsghupr.ru
locky,urkvybqqyckoqhuyw.ru
locky,cshjuvolv.pl
locky,hkluemsndaftudah.work
locky,mibwxquujxlt.pl
locky,ugkfrfeuqn.xyz
locky,prioliropduvhwqi.work
locky,dcisddqkiqamtn.work
locky,rbkyxevk.xyz
locky,hwdbnoqbrjiripvqu.xyz
locky,jrygbpqkkylvto.xyz
locky,iyobkbgxstkcthh.xyz
locky,dhayslma.biz
locky,hmskwpslxtukpfmc.pl
locky,sworjteyc.su
locky,kxvfofyagylb.xyz
locky,bguafhgtsgcjksc.xyz
locky,idmjedfltbej.xyz
locky,sctudmiewlnjr.pl
locky,xivnthnl.xyz
locky,xlojxfsoohspq.org
locky,luxkoblpgmnjighfq.click
locky,ueavvqgxbualodjnq.info
m0yv,xbwgbjhqu.biz
m0yv,hvczccs.biz
m0yv,keediyl.biz
m0yv,uhrwar.biz
m0yv,xitagv.biz
m0yv,zkylhobte.biz
m0yv,cmbpfkveg.biz
m0yv,mogifdfy.biz
m0yv,ppqmdarj.biz
m0yv,asvees.biz
m0yv,ctxjkp.biz
m0yv,fvdtchghq.biz
m0yv,ifnyi.biz
m0yv,szsqjwlm.biz
m0yv,viuuhbfx.biz
m0yv,fczfit.biz
m0yv,imjjfqj.biz
m0yv,kgpcg.biz
m0yv,nqrge.biz
m0yv,ykwzfxzb.biz
m0yv,atydkukmv.biz
m0yv,lnlolnv.biz
m0yv,oxosjjp.biz
m0yv,qrtkk.biz
m0yv,tbvpi.biz
m0yv,ddihirepf.biz
m0yv,geklgvyah.biz
m0yv,qgqwhoj.biz
m0yv,tisanld.biz
m0yv,wkftnd.biz
m0yv,ymhxla.biz
m0yv,jomqmskes.biz
m0yv,mpomkpepu.biz
m0yv,wrcfkhoi.biz
m0yv,zbejimiu.biz
m0yv,bvjbjw.biz
m0yv,eflgpb.biz
m0yv,ozqqq.biz
m0yv,riavn.biz
m0yv,bcgnoicx.biz
m0yv,emirmfwi.biz
m0yv,hgnkny.biz
m0yv,jqxokus.biz
m0yv,ukdzl.biz
m0yv,xtfdr.biz
m0yv,hnkwkcil.biz
m0yv,kxuapgcwr.biz
m0yv,mzztqzm.biz
m0yv,pabpowg.biz
m0yv,zdhhp.biz
m0yv,cejmnl.biz
m0yv,ngwendvat.biz
m0yv,piyjtahlv.biz
m0yv,skdtmsa.biz
m0yv,vlfxspm.biz
m0yv,fotqsh.biz
m0yv,ixvuqm.biz
m0yv,sranrebof.biz
m0yv,nbcrpbvzi.biz
m0yv,xvqcptgt.biz
m0yv,aesgvqze.biz
m0yv,lzxzoj.biz
m0yv,nizduf.biz
m0yv,qcmvv.biz
m0yv,tmoas.biz
m0yv,dguktnlh.biz
m0yv,gpwprrft.biz
m0yv,qkjhscq.biz
m0yv,ttllpgk.biz
m0yv,vvqwq.biz
m0yv,yxsaw.biz
m0yv,izytxozwu.biz
m0yv,laixulthf.biz
m0yv,wdnqvdd.biz
m0yv,yeputap.biz
m0yv,bgveu.biz
m0yv,eifjsx.biz
m0yv,okkbshekh.biz
m0yv,rtmgymywr.biz
m0yv,boryzej.biz
m0yv,exbcxbda.biz
m0yv,grhnxu.biz
m0yv,jbjrvq.biz
m0yv,uvokwjszt.biz
m0yv,weqou.biz
m0yv,hydhuyxe.biz
m0yv,kifdauip.biz
m0yv,mclwbn.biz
m0yv,pmnazr.biz
m0yv,zgasa.biz
m0yv,cpcxx.biz
m0yv,mrhhyzcs.biz
m0yv,ptkmwwwd.biz
m0yv,svxexoh.biz
m0yv,uxziclb.biz
m0yv,fzebv.biz
m0yv,hagfb.biz
m0yv,scuqcsqhi.biz
m0yv,vewuaxcss.biz
m0yv,xgbnapn.biz
m0yv,aqdrymg.biz
m0yv,kkikzf.biz
m0yv,ntsgfb.biz
m0yv,xnyyxuwvv.biz
m0yv,axaddqpgf.biz
m0yv,drfveja.biz
m0yv,fbpacful.biz
m0yv,qvukcy.biz
m0yv,texoac.biz
m0yv,dychbnjjh.biz
m0yv,gimlh.biz
m0yv,icrezkgo.biz
m0yv,lmtifhaa.biz
m0yv,voztgz.biz
m0yv,ypbxewe.biz
m0yv,jroqf.biz
m0yv,ltquc.biz
m0yv,ovvmddtd.biz
m0yv,rwxrbino.biz
m0yv,bzlbcsy.biz
m0yv,eanfhxk.biz
m0yv,ocsyi.biz
m0yv,jmucg.biz
m0yv,tghnhfzze.biz
m0yv,wpkrfbtcg.biz
m0yv,hkpkfue.biz
m0yv,jtrodqx.biz
m0yv,mnehej.biz
m0yv,juojp.biz
m0yv,toutqgtk.biz
m0yv,wywyodeo.biz
m0yv,zsjqpvp.biz
m0yv,bclvusj.biz
m0yv,mwqnv.biz
m0yv,pfsjt.biz
m0yv,zzgcuzyzo.biz
m0yv,qyvdnx.biz
m0yv,baawoqars.biz
m0yv,dbkammuuc.biz
m0yv,odplmffw.biz
m0yv,rfspskzz.biz
m0yv,thxitu.biz
m0yv,wjhmrz.biz
m0yv,glmfr.biz
m0yv,gjbglhf.biz
m0yv,idprm.biz
m0yv,lnrvre.biz
m0yv,vhwokwvdf.biz
m0yv,yqysqtpgp.biz
m0yv,ildcrmz.biz
m0yv,lunhpill.biz
m0yv,nwtzpb.biz
m0yv,nmibjzvd.biz
m0yv,xpvtjrg.biz
m0yv,ayxypos.biz
m0yv,csdii.biz
m0yv,fcfmo.biz
m0yv,qwsfpvho.biz
m0yv,sfujmsbrd.biz
m0yv,dazcnkm.biz
m0yv,uywvhidko.biz
m0yv,eacohbol.biz
m0yv,hbesnxio.biz
m0yv,sejlgq.biz
m0yv,uflpmm.biz
m0yv,xhyam.biz
m0yv,ajaek.biz
m0yv,klgwluba.biz
m0yv,jjdye.biz
m0yv,mdiqfkesr.biz
m0yv,onkvlhxvc.biz
m0yv,zhqfmzi.biz
m0yv,cqakkec.biz
m0yv,mlfcko.biz
m0yv,puhgit.biz
m0yv,romzjlrge.biz
m0yv,rnjscbj.biz
m0yv,bppld.biz
m0yv,eqrpj.biz
m0yv,gswikjyd.biz
m0yv,jcgmhokhp.biz
m0yv,twlxigv.biz
m0yv,wfnbgdo.biz
m0yv,hatuh.biz
m0yv,yyqvatqe.biz
m0yv,isvobl.biz
m0yv,lcxshi.biz
m0yv,velchbgkc.biz
m0yv,yfnhf.biz
m0yv,bhszgqkp.biz
m0yv,djueemes.biz
m0yv,olhwef.biz
m0yv,njwqgdgko.biz
m0yv,xdcizvr.biz
m0yv,anenesl.biz
m0yv,dhrffk.biz
m0yv,frtjdh.biz
m0yv,qlyuezawq.biz
m0yv,tuaycwuzs.biz
m0yv,doorcofb.biz
m0yv,undse.biz
m0yv,fpilxfht.biz
m0yv,hqspcbbw.biz
m0yv,ssyadul.biz
m0yv,vuaebqf.biz
m0yv,xwfxc.biz
m0yv,agpbz.biz
m0yv,kaulagmhe.biz
m0yv,kyjncw.biz
m0yv,msxfuoxap.biz
m0yv,pczka.biz
m0yv,zwecbdbe.biz
m0yv,cfghzini.biz
m0yv,mhlrza.biz
m0yv,pjwvxxs.biz
m0yv,slboy.biz
m0yv,rjqpznu.biz
m0yv,bediay.biz
m0yv,enfeyc.biz
m0yv,ghlxzvjlc.biz
m0yv,jrnbxsdoe.biz
m0yv,ulauxko.biz
m0yv,wucyvhht.biz
m0yv,hphjwz.biz
m0yv,ynekxxjl.biz
m0yv,ipkdypu.biz
m0yv,lqmhwmo.biz
m0yv,wtrzx.biz
m0yv,yuteu.biz
m0yv,bwgovudxq.biz
m0yv,egjttqxas.biz
m0yv,oaoluji.biz
m0yv,nylnvhzsd.biz
m0yv,qsqfwzkm.biz
m0yv,scsbuwex.biz
m0yv,dwyuuo.biz
m0yv,gfiysl.biz
m0yv,qinrt.biz
m0yv,tjpvr.biz
m0yv,vlugsaqi.biz
m0yv,vjrhtq.biz
m0yv,fexaujaso.biz
m0yv,inzesfmer.biz
m0yv,khexsyw.biz
m0yv,nrobqcqi.biz
m0yv,xltmrv.biz
m0yv,auwqxs.biz
m0yv,lpbipkfhb.biz
m0yv,knykrix.biz
m0yv,mpdus.biz
m0yv,prfzp.biz
m0yv,zttrqpme.biz
m0yv,cuvwomgpe.biz
m0yv,fwaoper.biz
m0yv,hycsubl.biz
m0yv,sapdn.biz
m0yv,oxqfncbt.biz
m0yv,ysvxoul.biz
m0yv,bbxclrf.biz
m0yv,dvlum.biz
m0yv,gfnyk.biz
m0yv,qzsjlyvws.biz
m0yv,tiunrdoiu.biz
m0yv,edhgrvz.biz
m0yv,vbxhllrag.biz
m0yv,fdcalebt.biz
m0yv,iemejivf.biz
m0yv,thrpkt.biz
m0yv,vittiy.biz
m0yv,ykzmj.biz
m0yv,ambqo.biz
m0yv,looapfpi.biz
m0yv,kmdcjd.biz
m0yv,ngiujnraj.biz
m0yv,pqszhsllt.biz
m0yv,akyrilw.biz
m0yv,dtawghhq.biz
m0yv,nofgga.biz
m0yv,qxpkmw.biz
m0yv,szudnpxpv.biz
m0yv,rpkegno.biz
m0yv,csxxh.biz
m0yv,fbztf.biz
m0yv,pvemgudm.biz
m0yv,sfgqlrxxh.biz
m0yv,uzujeji.biz
m0yv,xiwnkgc.biz
m0yv,hdbyl.biz
m0yv,hbqzeweu.biz
m0yv,jddsfp.biz
m0yv,mffwdl.biz
m0yv,whloe.biz
m0yv,zintj.biz
m0yv,jkadctyx.biz
m0yv,mmciixsi.biz
m0yv,poiajq.biz
m0yv,omfccgubf.biz
m0yv,ygkudye.biz
m0yv,bqmrbvy.biz
m0yv,ekrjbn.biz
m0yv,gubnhs.biz
m0yv,rohgakoei.biz
m0yv,txjkghzps.biz
m0yv,erovgakj.biz
m0yv,vqlwa.biz
m0yv,gsqpbiub.biz
m0yv,itstymget.biz
m0yv,tvymzfz.biz
m0yv,wfiqfcl.biz
m0yv,yznbg.biz
m0yv,bjpfe.biz
m0yv,ldvxejapv.biz
m0yv,kbszyh.biz
m0yv,nvxjzzcig.biz
m0yv,qfzow.biz
m0yv,ahmgxphn.biz
m0yv,dioldlaq.biz
m0yv,nkudee.biz
m0yv,qmwhbaf.biz
m0yv,sojsc.biz
m0yv,kaiyencri.biz
m0yv,udnixfnl.biz
m0yv,xmpndczw.biz
m0yv,zgdfdu.biz
m0yv,cqfkbz.biz
m0yv,mkkcc.biz
m0yv,ptmya.biz
m0yv,aozrbhtz.biz
m0yv,rmotc.biz
m0yv,bouldpvsu.biz
m0yv,epepbupdw.biz
m0yv,osjabez.biz
m0yv,rtlezjt.biz
m0yv,uvrxab.biz
m0yv,wxtbyy.biz
m0yv,hzguyqjgg.biz
m0yv,gxvvaoa.biz
m0yv,jragb.biz
m0yv,lbkky.biz
m0yv,wvqdzwpd.biz
m0yv,zeshxsjok.biz
m0yv,jzxrylu.biz
m0yv,mihwvhg.biz
m0yv,ocmow.biz
m0yv,nbbqyyql.biz
m0yv,ydpiyq.biz
m0yv,bernwn.biz
m0yv,lgwxxffkx.biz
m0yv,oqybv.biz
m0yv,qkmuwucp.biz
m0yv,ttoytrva.biz
m0yv,dotruj.biz
m0yv,dmikwhysi.biz
m0yv,fgvdwaq.biz
m0yv,iqxhuwc.biz
m0yv,ssdavp.biz
m0yv,vtfetm.biz
m0yv,fvsptervs.biz
m0yv,ixutrjlhv.biz
m0yv,lzzlsbw.biz
m0yv,kxxnt.biz
m0yv,urcfujys.biz
m0yv,xbeksose.biz
m0yv,avjutyd.biz
m0yv,cftzqdw.biz
m0yv,nzzrr.biz
m0yv,pibvx.biz
m0yv,acgoqlmhg.biz
m0yv,rbdhrj.biz
m0yv,cdiasbozj.biz
m0yv,eekeq.biz
m0yv,pgqxqqse.biz
m0yv,siabonmp.biz
m0yv,ukfmpf.biz
m0yv,xuhqvc.biz
m0yv,homjo.biz
m0yv,gmkkpst.biz
m0yv,jgpdq.biz
m0yv,mqrhoh.biz
m0yv,wkesoailx.biz
m0yv,ztgwmwuwh.biz
m0yv,jvmonpf.biz
m0yv,mxottlzb.biz
m0yv,ozblle.biz
m0yv,tnoueltjk.biz
m0yv,dhtmede.biz
m0yv,nkyffw.biz
m0yv,qempgozgi.biz
m0yv,ayrihhk.biz
m0yv,lawah.biz
m0yv,nuctisfvy.biz
m0yv,ywpejky.biz
m0yv,iruwb.biz
m0yv,ktapcvtr.biz
m0yv,vnfzdfe.biz
m0yv,fpsse.biz
m0yv,ijyleqag.biz
m0yv,sldvfj.biz
m0yv,cgiog.biz
m0yv,favghugd.biz
m0yv,wqtwisn.biz
m0yv,htgpj.biz
m0yv,rnlijdrr.biz
m0yv,tprakvc.biz
m0yv,ejell.biz
m0yv,oljdmyxo.biz
m0yv,zgpwmq.biz
m0yv,biugn.biz
m0yv,lchzgbdc.biz
m0yv,wwnshu.biz
m0yv,yyschmzyw.biz
m0yv,jsxvifjz.biz
m0yv,tvlnjx.biz
m0yv,vpqyjqnum.biz
m0yv,grvqkiy.biz
m0yv,qlajls.biz
m0yv,mroodfwk.biz
m0yv,otthwyh.biz
m0yv,zngzw.biz
m0yv,jpmkxjch.biz
m0yv,ljrcybn.biz
m0yv,weevz.biz
m0yv,ggkfzmjw.biz
m0yv,japyaf.biz
m0yv,tcurb.biz
m0yv,dwijcpxs.biz
m0yv,gynuua.biz
m0yv,qtsmvssnx.biz
m0yv,bvyfwldh.biz
m0yv,dplpwd.biz
m0yv,nrqixwycv.biz
m0yv,ylwbyoj.biz
m0yv,pcbrhm.biz
m0yv,awgja.biz
m0yv,cytcbxus.biz
m0yv,mszncp.biz
m0yv,xvefcapnj.biz
m0yv,zpjydsao.biz
m0yv,krxiel.biz
m0yv,ulcbedwky.biz
m0yv,wnhtfwg.biz
m0yv,hinmyo.biz
m0yv,rcaxzhcyw.biz
m0yv,uefpzzn.biz
m0yv,eylia.biz
m0yv,oaqsbkqvm.biz
m0yv,rudlccb.biz
m0yv,bxidc.biz
m0yv,xcwiuazl.biz
m0yv,hwbbvs.biz
m0yv,szguw.biz
m0yv,utuepdgi.biz
m0yv,evzxpw.biz
m0yv,ppepqobvj.biz
m0yv,rjkargmw.biz
m0yv,clxsrz.biz
m0yv,mgclsrhsz.biz
m0yv,oiiwtcs.biz
m0yv,zcnouu.biz
m0yv,jeahmnvgx.biz
m0yv,mygrnfg.biz
m0yv,walko.biz
m0yv,gvqcpqcdv.biz
m0yv,jxevpjm.biz
m0yv,afblzh.biz
m0yv,lioezzfzl.biz
m0yv,vctwsrp.biz
m0yv,fezhtk.biz
m0yv,iymzuutoj.biz
m0yv,sarsund.biz
m0yv,duxdv.biz
m0yv,fxcvwyzly.biz
m0yv,prpoxqk.biz
m0yv,atvyx.biz
m0yv,cnarqbfz.biz
m0yv,nhfkruq.biz
m0yv,xktcr.biz
m0yv,zeynselw.biz
m0yv,kgdftx.biz
m0yv,uajyu.biz
m0yv,qgwdmuv.biz
m0yv,sibvmn.biz
m0yv,dcponfyhl.biz
m0yv,neuyoyj.biz
m0yv,pyzrhq.biz
m0yv,abmkhiewj.biz
m0yv,kvsuibp.biz
m0yv,npxnj.biz
m0yv,xrcfkmksz.biz
m0yv,hlqqkwv.biz
m0yv,knvjl.biz
m0yv,uiabmhrh.biz
m0yv,fkgmmaj.biz
m0yv,hetef.biz
m0yv,rgyxglfe.biz
m0yv,caehhd.biz
m0yv,trjgq.biz
m0yv,eloyrtisl.biz
m0yv,gnbrrms.biz
m0yv,qhhbk.biz
m0yv,bkmulpop.biz
m0yv,dermmhh.biz
m0yv,ogfxm.biz
m0yv,yakqnscd.biz
m0yv,acpiol.biz
m0yv,lwvtp.biz
m0yv,vzilpwia.biz
m0yv,ytneqo.biz
m0yv,intojgevy.biz
m0yv,spyhkzop.biz
m0yv,vjlakj.biz
m0yv,fmrslckkw.biz
m0yv,pywolwnvd.biz
m0yv,ssbzmoy.biz
m0yv,cvgrf.biz
m0yv,npukfztj.biz
m0yv,przvgke.biz
m0yv,zlenh.biz
m0yv,knjghuig.biz
m0yv,uhxqin.biz
m0yv,anpmnmxo.biz
m0yv,lpuegx.biz
m0yv,vjaxhpbji.biz
m0yv,xlfhhhm.biz
m0yv,ifsaia.biz
m0yv,saytjshyf.biz
m0yv,vcddkls.biz
m0yv,fwiwk.biz
m0yv,tbjrpv.biz
m0yv,deoci.biz
m0yv,gytujflc.biz
m0yv,qaynky.biz
m0yv,bumxkqgxu.biz
m0yv,dwrqljrr.biz
m0yv,nqwjmb.biz
m0yv,ytctnunms.biz
m0yv,myups.biz
m0yv,oshhkdluh.biz
m0yv,yunalwv.biz
m0yv,jpskm.biz
m0yv,lrxdmhrr.biz
m0yv,wllvnzb.biz
m0yv,gnqgo.biz
m0yv,jhvzpcfg.biz
m0yv,acwjcqqv.biz
m0yv,lejtdj.biz
m0yv,vyome.biz
m0yv,yauexmxk.biz
m0yv,iuzpxe.biz
m0yv,sxmiywsfv.biz
m0yv,vrrazpdh.biz
m0yv,ftxlah.biz
m0yv,typgfhb.biz
m0yv,esuzf.biz
m0yv,gvijgjwkh.biz
m0yv,qpnczch.biz
m0yv,brsua.biz
m0yv,dlynankz.biz
m0yv,oflybfv.biz
m0yv,yhqqc.biz
m0yv,mnjmhp.biz
m0yv,opowhhece.biz
m0yv,zjbpaao.biz
m0yv,jdhhbs.biz
m0yv,mgmsclkyu.biz
m0yv,warkcdu.biz
m0yv,gcedd.biz
m0yv,jwkoeoqns.biz
m0yv,xccjj.biz
m0yv,hehckyov.biz
m0yv,rynmcq.biz
m0yv,uaafd.biz
m0yv,eufxebus.biz
m0yv,pwlqfu.biz
m0yv,rrqafepng.biz
m0yv,ctdtgwag.biz
m0yv,tnevuluw.biz
m0yv,whjovd.biz
m0yv,gjogvvpsf.biz
m0yv,reczwga.biz
m0yv,bghjpy.biz
m0yv,damcprvgv.biz
m0yv,ocsvqjg.biz
m0yv,ywffr.biz
m0yv,ecxbwt.biz
m0yv,pectx.biz
m0yv,zyiexezl.biz
m0yv,banwyw.biz
m0yv,muapr.biz
m0yv,wxgzshna.biz
m0yv,zrlssa.biz
m0yv,jlqltsjvh.biz
m0yv,xyrgy.biz
m0yv,htwqzczce.biz
m0yv,kvbjaur.biz
m0yv,uphca.biz
m0yv,fjumtfnz.biz
m0yv,hlzfuyy.biz
m0yv,rffxu.biz
m0yv,cikivjto.biz
m0yv,qncdaagct.biz
m0yv,shpwbsrw.biz
m0yv,cjvgcl.biz
m0yv,neazudmrq.biz
m0yv,pgfsvwx.biz
m0yv,aatcwo.biz
m0yv,kcyvxytog.biz
m0yv,nwdnxrd.biz
m0yv,ereplfx.biz
m0yv,ptrim.biz
m0yv,znwbniskf.biz
m0yv,cpclnad.biz
m0yv,mjheo.biz
m0yv,wluwplyh.biz
m0yv,zgapiej.biz
m0yv,jifai.biz
m0yv,xnxvnn.biz
m0yv,ihcnogskt.biz
m0yv,kkqypycm.biz
m0yv,uevrpr.biz
m0yv,fgajqjyhr.biz
m0yv,hagujcj.biz
m0yv,sctmku.biz
m0yv,cwyfknmwh.biz
m0yv,qcrsp.biz
m0yv,sewlqwcd.biz
m0yv,dyjdrp.biz
m0yv,napws.biz
m0yv,qvuhsaqa.biz
m0yv,apzzls.biz
m0yv,krnsmlmvd.biz
m0yv,nlscndwp.biz
m0yv,bzkysubds.biz
m0yv,ltpqsnu.biz
m0yv,vnvbt.biz
m0yv,ypituyqsq.biz
m0yv,ijnmvqa.biz
m0yv,tltxn.biz
m0yv,vgypotwp.biz
m0yv,giliplg.biz
monerodownloader,31b4bd31fg1x2.org
monerodownloader,31b4bd31fg1x2.tickets
monerodownloader,31b4bd31fg1x2.blackfriday
monerodownloader,31b4bd31fg1x2.hosting
monerodownloader,31b4bd31fg1x2.feedback
monerodownloader,4850af22f6ab7.org
monerodownloader,4850af22f6ab7.tickets
monerodownloader,4850af22f6ab7.blackfriday
monerodownloader,4850af22f6ab7.hosting
monerodownloader,4850af22f6ab7.feedback
monerodownloader,e060a903b5017.org
monerodownloader,e060a903b5017.tickets
monerodownloader,e060a903b5017.blackfriday
monerodownloader,e060a903b5017.hosting
monerodownloader,e060a903b5017.feedback
monerodownloader,7417fc16d6834.org
monerodownloader,7417fc16d6834.tickets
monerodownloader,7417fc16d6834.blackfriday
monerodownloader,7417fc16d6834.hosting
monerodownloader,7417fc16d6834.feedback
monerodownloader,3eb480f80b648.org
monerodownloader,3eb480f80b648.tickets
monerodownloader,3eb480f80b648.blackfriday
monerodownloader,3eb480f80b648.hosting
monerodownloader,3eb480f80b648.feedback
monerodownloader,0b929d64273b1.org
monerodownloader,0b929d64273b1.tickets
monerodownloader,0b929d64273b1.blackfriday
monerodownloader,0b929d64273b1.hosting
monerodownloader,0b929d64273b1.feedback
monerodownloader,77997213d47f6.org
monerodownloader,77997213d47f6.tickets
monerodownloader,77997213d47f6.blackfriday
monerodownloader,77997213d47f6.hosting
monerodownloader,77997213d47f6.feedback
monerodownloader,1a537f8c1e48c.org
monerodownloader,1a537f8c1e48c.tickets
monerodownloader,1a537f8c1e48c.blackfriday
monerodownloader,1a537f8c1e48c.hosting
monerodownloader,1a537f8c1e48c.feedback
monerodownloader,063d5cee7099b.org
monerodownloader,063d5cee7099b.tickets
monerodownloader,063d5cee7099b.blackfriday
monerodownloader,063d5cee7099b.hosting
monerodownloader,063d5cee7099b.feedback
monerodownloader,196754b389b7f.org
monerodownloader,196754b389b7f.tickets
monerodownloader,196754b389b7f.blackfriday
monerodownloader,196754b389b7f.hosting
monerodownloader,196754b389b7f.feedback
monerodownloader,d37d3d61c8efd.org
monerodownloader,d37d3d61c8efd.tickets
monerodownloader,d37d3d61c8efd.blackfriday
monerodownloader,d37d3d61c8efd.hosting
monerodownloader,d37d3d61c8efd.feedback
monerodownloader,889927d40175e.org
monerodownloader,889927d40175e.tickets
monerodownloader,889927d40175e.blackfriday
monerodownloader,889927d40175e.hosting
monerodownloader,889927d40175e.feedback
monerodownloader,e8d55b14a03a6.org
monerodownloader,e8d55b14a03a6.tickets
monerodownloader,e8d55b14a03a6.blackfriday
monerodownloader,e8d55b14a03a6.hosting
monerodownloader,e8d55b14a03a6.feedback
monerodownloader,cb3326bf694e4.org
monerodownloader,cb3326bf694e4.tickets
monerodownloader,cb3326bf694e4.blackfriday
monerodownloader,cb3326bf694e4.hosting
monerodownloader,cb3326bf694e4.feedback
monerodownloader,1ecf09cf056ce.org
monerodownloader,1ecf09cf056ce.tickets
monerodownloader,1ecf09cf056ce.blackfriday
monerodownloader,1ecf09cf056ce.hosting
monerodownloader,1ecf09cf056ce.feedback
monerodownloader,cd795524aad8f.org
monerodownloader,cd795524aad8f.tickets
monerodownloader,cd795524aad8f.blackfriday
monerodownloader,cd795524aad8f.hosting
monerodownloader,cd795524aad8f.feedback
monerodownloader,71b4e8fb76c52.org
monerodownloader,71b4e8fb76c52.tickets
monerodownloader,71b4e8fb76c52.blackfriday
monerodownloader,71b4e8fb76c52.hosting
monerodownloader,71b4e8fb76c52.feedback
monerodownloader,43deb21707284.org
monerodownloader,43deb21707284.tickets
monerodownloader,43deb21707284.blackfriday
monerodownloader,43deb21707284.hosting
monerodownloader,43deb21707284.feedback
monerodownloader,074d8a897d843.org
monerodownloader,074d8a897d843.tickets
monerodownloader,074d8a897d843.blackfriday
monerodownloader,074d8a897d843.hosting
monerodownloader,074d8a897d843.feedback
monerodownloader,12cf51b826699.org
monerodownloader,12cf51b826699.tickets
monerodownloader,12cf51b826699.blackfriday
monerodownloader,12cf51b826699.hosting
monerodownloader,12cf51b826699.feedback
monerodownloader,1708b4de8238e.org
monerodownloader,1708b4de8238e.tickets
monerodownloader,1708b4de8238e.blackfriday
monerodownloader,1708b4de8238e.hosting
monerodownloader,1708b4de8238e.feedback
monerodownloader,bf0ff21efbcd3.org
monerodownloader,bf0ff21efbcd3.tickets
monerodownloader,bf0ff21efbcd3.blackfriday
monerodownloader,bf0ff21efbcd3.hosting
monerodownloader,bf0ff21efbcd3.feedback
monerodownloader,c4f2cea792a4b.org
monerodownloader,c4f2cea792a4b.tickets
monerodownloader,c4f2cea792a4b.blackfriday
monerodownloader,c4f2cea792a4b.hosting
monerodownloader,c4f2cea792a4b.feedback
monerodownloader,379cc6a730a93.org
monerodownloader,379cc6a730a93.tickets
monerodownloader,379cc6a730a93.blackfriday
monerodownloader,379cc6a730a93.hosting
monerodownloader,379cc6a730a93.feedback
monerodownloader,599c25596d88d.org
monerodownloader,599c25596d88d.tickets
monerodownloader,599c25596d88d.blackfriday
monerodownloader,599c25596d88d.hosting
monerodownloader,599c25596d88d.feedback
monerodownloader,f18135c756655.org
monerodownloader,f18135c756655.tickets
monerodownloader,f18135c756655.blackfriday
monerodownloader,f18135c756655.hosting
monerodownloader,f18135c756655.feedback
monerodownloader,8ce3d89b7e246.org
monerodownloader,8ce3d89b7e246.tickets
monerodownloader,8ce3d89b7e246.blackfriday
monerodownloader,8ce3d89b7e246.hosting
monerodownloader,8ce3d89b7e246.feedback
monerodownloader,cf4039a190107.org
monerodownloader,cf4039a190107.tickets
monerodownloader,cf4039a190107.blackfriday
monerodownloader,cf4039a190107.hosting
monerodownloader,cf4039a190107.feedback
monerodownloader,cd4792dcf5e68.org
monerodownloader,cd4792dcf5e68.tickets
monerodownloader,cd4792dcf5e68.blackfriday
monerodownloader,cd4792dcf5e68.hosting
monerodownloader,cd4792dcf5e68.feedback
monerodownloader,b981ff36151c8.org
monerodownloader,b981ff36151c8.tickets
monerodownloader,b981ff36151c8.blackfriday
monerodownloader,b981ff36151c8.hosting
monerodownloader,b981ff36151c8.feedback
monerodownloader,92124c0142d89.org
monerodownloader,92124c0142d89.tickets
monerodownloader,92124c0142d89.blackfriday
monerodownloader,92124c0142d89.hosting
monerodownloader,92124c0142d89.feedback
monerodownloader,b307663261290.org
monerodownloader,b307663261290.tickets
monerodownloader,b307663261290.blackfriday
monerodownloader,b307663261290.hosting
monerodownloader,b307663261290.feedback
monerodownloader,e667c7e16779c.org
monerodownloader,e667c7e16779c.tickets
monerodownloader,e667c7e16779c.blackfriday
monerodownloader,e667c7e16779c.hosting
monerodownloader,e667c7e16779c.feedback
monerodownloader,2a1156026a704.org
monerodownloader,2a1156026a704.tickets
monerodownloader,2a1156026a704.blackfriday
monerodownloader,2a1156026a704.hosting
monerodownloader,2a1156026a704.feedback
monerodownloader,819cf243c575e.org
monerodownloader,819cf243c575e.tickets
monerodownloader,819cf243c575e.blackfriday
monerodownloader,819cf243c575e.hosting
monerodownloader,819cf243c575e.feedback
monerodownloader,56c9e1c13242f.org
monerodownloader,56c9e1c13242f.tickets
monerodownloader,56c9e1c13242f.blackfriday
monerodownloader,56c9e1c13242f.hosting
monerodownloader,56c9e1c13242f.feedback
monerodownloader,dba8004a4df1f.org
monerodownloader,dba8004a4df1f.tickets
monerodownloader,dba8004a4df1f.blackfriday
monerodownloader,dba8004a4df1f.hosting
monerodownloader,dba8004a4df1f.feedback
monerodownloader,d64fed5bf066d.org
monerodownloader,d64fed5bf066d.tickets
monerodownloader,d64fed5bf066d.blackfriday
monerodownloader,d64fed5bf066d.hosting
monerodownloader,d64fed5bf066d.feedback
monerodownloader,49caf94bbed2b.org
monerodownloader,49caf94bbed2b.tickets
monerodownloader,49caf94bbed2b.blackfriday
monerodownloader,49caf94bbed2b.hosting
monerodownloader,49caf94bbed2b.feedback
monerodownloader,07f8abff02ffd.org
monerodownloader,07f8abff02ffd.tickets
monerodownloader,07f8abff02ffd.blackfriday
monerodownloader,07f8abff02ffd.hosting
monerodownloader,07f8abff02ffd.feedback
monerodownloader,61aa15505d249.org
monerodownloader,61aa15505d249.tickets
monerodownloader,61aa15505d249.blackfriday
monerodownloader,61aa15505d249.hosting
monerodownloader,61aa15505d249.feedback
monerodownloader,9e2ae5f3e990f.org
monerodownloader,9e2ae5f3e990f.tickets
monerodownloader,9e2ae5f3e990f.blackfriday
monerodownloader,9e2ae5f3e990f.hosting
monerodownloader,9e2ae5f3e990f.feedback
monerodownloader,5f7ce058c0734.org
monerodownloader,5f7ce058c0734.tickets
monerodownloader,5f7ce058c0734.blackfriday
monerodownloader,5f7ce058c0734.hosting
monerodownloader,5f7ce058c0734.feedback
monerodownloader,713e802256def.org
monerodownloader,713e802256def.tickets
monerodownloader,713e802256def.blackfriday
monerodownloader,713e802256def.hosting
monerodownloader,713e802256def.feedback
monerodownloader,775314be55648.org
monerodownloader,775314be55648.tickets
monerodownloader,775314be55648.blackfriday
monerodownloader,775314be55648.hosting
monerodownloader,775314be55648.feedback
monerodownloader,09cc6d039aba0.org
monerodownloader,09cc6d039aba0.tickets
monerodownloader,09cc6d039aba0.blackfriday
monerodownloader,09cc6d039aba0.hosting
monerodownloader,09cc6d039aba0.feedback
monerodownloader,1a2b8d12e4088.org
monerodownloader,1a2b8d12e4088.tickets
monerodownloader,1a2b8d12e4088.blackfriday
monerodownloader,1a2b8d12e4088.hosting
monerodownloader,1a2b8d12e4088.feedback
monerodownloader,025047dcdea02.org
monerodownloader,025047dcdea02.tickets
monerodownloader,025047dcdea02.blackfriday
monerodownloader,025047dcdea02.hosting
monerodownloader,025047dcdea02.feedback
monerodownloader,db73a49a258ca.org
monerodownloader,db73a49a258ca.tickets
monerodownloader,db73a49a258ca.blackfriday
monerodownloader,db73a49a258ca.hosting
monerodownloader,db73a49a258ca.feedback
monerodownloader,ce10507296e84.org
monerodownloader,ce10507296e84.tickets
monerodownloader,ce10507296e84.blackfriday
monerodownloader,ce10507296e84.hosting
monerodownloader,ce10507296e84.feedback
monerodownloader,d9570b029f37b.org
monerodownloader,d9570b029f37b.tickets
monerodownloader,d9570b029f37b.blackfriday
monerodownloader,d9570b029f37b.hosting
monerodownloader,d9570b029f37b.feedback
monerodownloader,571d5d4c5c670.org
monerodownloader,571d5d4c5c670.tickets
monerodownloader,571d5d4c5c670.blackfriday
monerodownloader,571d5d4c5c670.hosting
monerodownloader,571d5d4c5c670.feedback
monerodownloader,732da4542bbb6.org
monerodownloader,732da4542bbb6.tickets
monerodownloader,732da4542bbb6.blackfriday
monerodownloader,732da4542bbb6.hosting
monerodownloader,732da4542bbb6.feedback
monerodownloader,362e7f4002df6.org
monerodownloader,362e7f4002df6.tickets
monerodownloader,362e7f4002df6.blackfriday
monerodownloader,362e7f4002df6.hosting
monerodownloader,362e7f4002df6.feedback
monerodownloader,520657eff5ab5.org
monerodownloader,520657eff5ab5.tickets
monerodownloader,520657eff5ab5.blackfriday
monerodownloader,520657eff5ab5.hosting
monerodownloader,520657eff5ab5.feedback
monerodownloader,6bf4011c4efc5.org
monerodownloader,6bf4011c4efc5.tickets
monerodownloader,6bf4011c4efc5.blackfriday
monerodownloader,6bf4011c4efc5.hosting
monerodownloader,6bf4011c4efc5.feedback
monerodownloader,e75840a40f4dd.org
monerodownloader,e75840a40f4dd.tickets
monerodownloader,e75840a40f4dd.blackfriday
monerodownloader,e75840a40f4dd.hosting
monerodownloader,e75840a40f4dd.feedback
monerodownloader,396a723393aa8.org
monerodownloader,396a723393aa8.tickets
monerodownloader,396a723393aa8.blackfriday
monerodownloader,396a723393aa8.hosting
monerodownloader,396a723393aa8.feedback
monerodownloader,b7170c5adfc44.org
monerodownloader,b7170c5adfc44.tickets
monerodownloader,b7170c5adfc44.blackfriday
monerodownloader,b7170c5adfc44.hosting
monerodownloader,b7170c5adfc44.feedback
monerodownloader,1cec74a2d8587.org
monerodownloader,1cec74a2d8587.tickets
monerodownloader,1cec74a2d8587.blackfriday
monerodownloader,1cec74a2d8587.hosting
monerodownloader,1cec74a2d8587.feedback
monerodownloader,d3f920cfe9346.org
monerodownloader,d3f920cfe9346.tickets
monerodownloader,d3f920cfe9346.blackfriday
monerodownloader,d3f920cfe9346.hosting
monerodownloader,d3f920cfe9346.feedback
monerodownloader,fff6d2623bfdd.org
monerodownloader,fff6d2623bfdd.tickets
monerodownloader,fff6d2623bfdd.blackfriday
monerodownloader,fff6d2623bfdd.hosting
monerodownloader,fff6d2623bfdd.feedback
monerodownloader,6bf10c28ec264.org
monerodownloader,6bf10c28ec264.tickets
monerodownloader,6bf10c28ec264.blackfriday
monerodownloader,6bf10c28ec264.hosting
monerodownloader,6bf10c28ec264.feedback
monerodownloader,6cb13f3d34e38.org
monerodownloader,6cb13f3d34e38.tickets
monerodownloader,6cb13f3d34e38.blackfriday
monerodownloader,6cb13f3d34e38.hosting
monerodownloader,6cb13f3d34e38.feedback
monerodownloader,093fea10c7b95.org
monerodownloader,093fea10c7b95.tickets
monerodownloader,093fea10c7b95.blackfriday
monerodownloader,093fea10c7b95.hosting
monerodownloader,093fea10c7b95.feedback
monerodownloader,a586f92690471.org
monerodownloader,a586f92690471.tickets
monerodownloader,a586f92690471.blackfriday
monerodownloader,a586f92690471.hosting
monerodownloader,a586f92690471.feedback
monerodownloader,bbd043300c18e.org
monerodownloader,bbd043300c18e.tickets
monerodownloader,bbd043300c18e.blackfriday
monerodownloader,bbd043300c18e.hosting
monerodownloader,bbd043300c18e.feedback
monerodownloader,0a12f39f2280c.org
monerodownloader,0a12f39f2280c.tickets
monerodownloader,0a12f39f2280c.blackfriday
monerodownloader,0a12f39f2280c.hosting
monerodownloader,0a12f39f2280c.feedback
monerodownloader,71a394fb1cf27.org
monerodownloader,71a394fb1cf27.tickets
monerodownloader,71a394fb1cf27.blackfriday
monerodownloader,71a394fb1cf27.hosting
monerodownloader,71a394fb1cf27.feedback
monerodownloader,e87bc31383b6b.org
monerodownloader,e87bc31383b6b.tickets
monerodownloader,e87bc31383b6b.blackfriday
monerodownloader,e87bc31383b6b.hosting
monerodownloader,e87bc31383b6b.feedback
monerodownloader,36e89cb1707c0.org
monerodownloader,36e89cb1707c0.tickets
monerodownloader,36e89cb1707c0.blackfriday
monerodownloader,36e89cb1707c0.hosting
monerodownloader,36e89cb1707c0.feedback
monerodownloader,02bb313b6c691.org
monerodownloader,02bb313b6c691.tickets
monerodownloader,02bb313b6c691.blackfriday
monerodownloader,02bb313b6c691.hosting
monerodownloader,02bb313b6c691.feedback
monerodownloader,a580799b2fbee.org
monerodownloader,a580799b2fbee.tickets
monerodownloader,a580799b2fbee.blackfriday
monerodownloader,a580799b2fbee.hosting
monerodownloader,a580799b2fbee.feedback
monerodownloader,875bd6e2b21d7.org
monerodownloader,875bd6e2b21d7.tickets
monerodownloader,875bd6e2b21d7.blackfriday
monerodownloader,875bd6e2b21d7.hosting
monerodownloader,875bd6e2b21d7.feedback
monerodownloader,fe675bbbb2aef.org
monerodownloader,fe675bbbb2aef.tickets
monerodownloader,fe675bbbb2aef.blackfriday
monerodownloader,fe675bbbb2aef.hosting
monerodownloader,fe675bbbb2aef.feedback
monerodownloader,039b7b6f3e7c5.org
monerodownloader,039b7b6f3e7c5.tickets
monerodownloader,039b7b6f3e7c5.blackfriday
monerodownloader,039b7b6f3e7c5.hosting
monerodownloader,039b7b6f3e7c5.feedback
monerodownloader,6a3294bd82532.org
monerodownloader,6a3294bd82532.tickets
monerodownloader,6a3294bd82532.blackfriday
monerodownloader,6a3294bd82532.hosting
monerodownloader,6a3294bd82532.feedback
monerodownloader,c3dbc8121bc05.org
monerodownloader,c3dbc8121bc05.tickets
monerodownloader,c3dbc8121bc05.blackfriday
monerodownloader,c3dbc8121bc05.hosting
monerodownloader,c3dbc8121bc05.feedback
monerodownloader,c3b99520d0539.org
monerodownloader,c3b99520d0539.tickets
monerodownloader,c3b99520d0539.blackfriday
monerodownloader,c3b99520d0539.hosting
monerodownloader,c3b99520d0539.feedback
monerodownloader,9deb3d02a2010.org
monerodownloader,9deb3d02a2010.tickets
monerodownloader,9deb3d02a2010.blackfriday
monerodownloader,9deb3d02a2010.hosting
monerodownloader,9deb3d02a2010.feedback
monerodownloader,6dc95f2fabd66.org
monerodownloader,6dc95f2fabd66.tickets
monerodownloader,6dc95f2fabd66.blackfriday
monerodownloader,6dc95f2fabd66.hosting
monerodownloader,6dc95f2fabd66.feedback
monerodownloader,91637edbac046.org
monerodownloader,91637edbac046.tickets
monerodownloader,91637edbac046.blackfriday
monerodownloader,91637edbac046.hosting
monerodownloader,91637edbac046.feedback
monerodownloader,182056a8777d3.org
monerodownloader,182056a8777d3.tickets
monerodownloader,182056a8777d3.blackfriday
monerodownloader,182056a8777d3.hosting
monerodownloader,182056a8777d3.feedback
monerodownloader,4a921a507be06.org
monerodownloader,4a921a507be06.tickets
monerodownloader,4a921a507be06.blackfriday
monerodownloader,4a921a507be06.hosting
monerodownloader,4a921a507be06.feedback
monerodownloader,5522024df0cba.org
monerodownloader,5522024df0cba.tickets
monerodownloader,5522024df0cba.blackfriday
monerodownloader,5522024df0cba.hosting
monerodownloader,5522024df0cba.feedback
monerodownloader,a0a95d34d97a3.org
monerodownloader,a0a95d34d97a3.tickets
monerodownloader,a0a95d34d97a3.blackfriday
monerodownloader,a0a95d34d97a3.hosting
monerodownloader,a0a95d34d97a3.feedback
monerodownloader,4be91acf3c998.org
monerodownloader,4be91acf3c998.tickets
monerodownloader,4be91acf3c998.blackfriday
monerodownloader,4be91acf3c998.hosting
monerodownloader,4be91acf3c998.feedback
monerodownloader,a43bd623c954b.org
monerodownloader,a43bd623c954b.tickets
monerodownloader,a43bd623c954b.blackfriday
monerodownloader,a43bd623c954b.hosting
monerodownloader,a43bd623c954b.feedback
monerodownloader,9b8fa2421a971.org
monerodownloader,9b8fa2421a971.tickets
monerodownloader,9b8fa2421a971.blackfriday
monerodownloader,9b8fa2421a971.hosting
monerodownloader,9b8fa2421a971.feedback
monerodownloader,92e0f38bd414a.org
monerodownloader,92e0f38bd414a.tickets
monerodownloader,92e0f38bd414a.blackfriday
monerodownloader,92e0f38bd414a.hosting
monerodownloader,92e0f38bd414a.feedback
monerodownloader,9911afd93d4e6.org
monerodownloader,9911afd93d4e6.tickets
monerodownloader,9911afd93d4e6.blackfriday
monerodownloader,9911afd93d4e6.hosting
monerodownloader,9911afd93d4e6.feedback
monerodownloader,c2a9b10709b76.org
monerodownloader,c2a9b10709b76.tickets
monerodownloader,c2a9b10709b76.blackfriday
monerodownloader,c2a9b10709b76.hosting
monerodownloader,c2a9b10709b76.feedback
monerodownloader,4e6f724bf38c2.org
monerodownloader,4e6f724bf38c2.tickets
monerodownloader,4e6f724bf38c2.blackfriday
monerodownloader,4e6f724bf38c2.hosting
monerodownloader,4e6f724bf38c2.feedback
monerodownloader,d00d25c8ac88d.org
monerodownloader,d00d25c8ac88d.tickets
monerodownloader,d00d25c8ac88d.blackfriday
monerodownloader,d00d25c8ac88d.hosting
monerodownloader,d00d25c8ac88d.feedback
monerodownloader,6cf506b06bcdc.org
monerodownloader,6cf506b06bcdc.tickets
monerodownloader,6cf506b06bcdc.blackfriday
monerodownloader,6cf506b06bcdc.hosting
monerodownloader,6cf506b06bcdc.feedback
monerodownloader,371a8595085b5.org
monerodownloader,371a8595085b5.tickets
monerodownloader,371a8595085b5.blackfriday
monerodownloader,371a8595085b5.hosting
monerodownloader,371a8595085b5.feedback
monerodownloader,c42e7eb1e894c.org
monerodownloader,c42e7eb1e894c.tickets
monerodownloader,c42e7eb1e894c.blackfriday
monerodownloader,c42e7eb1e894c.hosting
monerodownloader,c42e7eb1e894c.feedback
monerodownloader,bbd558f98506c.org
monerodownloader,bbd558f98506c.tickets
monerodownloader,bbd558f98506c.blackfriday
monerodownloader,bbd558f98506c.hosting
monerodownloader,bbd558f98506c.feedback
monerodownloader,accc2de038176.org
monerodownloader,accc2de038176.tickets
monerodownloader,accc2de038176.blackfriday
monerodownloader,accc2de038176.hosting
monerodownloader,accc2de038176.feedback
monerodownloader,e3a020688dd4b.org
monerodownloader,e3a020688dd4b.tickets
monerodownloader,e3a020688dd4b.blackfriday
monerodownloader,e3a020688dd4b.hosting
monerodownloader,e3a020688dd4b.feedback
monerodownloader,98a110e3b6418.org
monerodownloader,98a110e3b6418.tickets
monerodownloader,98a110e3b6418.blackfriday
monerodownloader,98a110e3b6418.hosting
monerodownloader,98a110e3b6418.feedback
monerodownloader,3eca94bc600e4.org
monerodownloader,3eca94bc600e4.tickets
monerodownloader,3eca94bc600e4.blackfriday
monerodownloader,3eca94bc600e4.hosting
monerodownloader,3eca94bc600e4.feedback
monerodownloader,3add5a834fc30.org
monerodownloader,3add5a834fc30.tickets
monerodownloader,3add5a834fc30.blackfriday
monerodownloader,3add5a834fc30.hosting
monerodownloader,3add5a834fc30.feedback
monerodownloader,3f7f995999a42.org
monerodownloader,3f7f995999a42.tickets
monerodownloader,3f7f995999a42.blackfriday
monerodownloader,3f7f995999a42.hosting
monerodownloader,3f7f995999a42.feedback
monerodownloader,aa165828714d7.org
monerodownloader,aa165828714d7.tickets
monerodownloader,aa165828714d7.blackfriday
monerodownloader,aa165828714d7.hosting
monerodownloader,aa165828714d7.feedback
monerodownloader,cfbbd6b98d827.org
monerodownloader,cfbbd6b98d827.tickets
monerodownloader,cfbbd6b98d827.blackfriday
monerodownloader,cfbbd6b98d827.hosting
monerodownloader,cfbbd6b98d827.feedback
monerodownloader,82f9807b4cd90.org
monerodownloader,82f9807b4cd90.tickets
monerodownloader,82f9807b4cd90.blackfriday
monerodownloader,82f9807b4cd90.hosting
monerodownloader,82f9807b4cd90.feedback
monerodownloader,eceb3257ccebc.org
monerodownloader,eceb3257ccebc.tickets
monerodownloader,eceb3257ccebc.blackfriday
monerodownloader,eceb3257ccebc.hosting
monerodownloader,eceb3257ccebc.feedback
monerodownloader,0b2b3036188c2.org
monerodownloader,0b2b3036188c2.tickets
monerodownloader,0b2b3036188c2.blackfriday
monerodownloader,0b2b3036188c2.hosting
monerodownloader,0b2b3036188c2.feedback
monerodownloader,a5884cef1db61.org
monerodownloader,a5884cef1db61.tickets
monerodownloader,a5884cef1db61.blackfriday
monerodownloader,a5884cef1db61.hosting
monerodownloader,a5884cef1db61.feedback
monerodownloader,af4c00374f15a.org
monerodownloader,af4c00374f15a.tickets
monerodownloader,af4c00374f15a.blackfriday
monerodownloader,af4c00374f15a.hosting
monerodownloader,af4c00374f15a.feedback
monerodownloader,37674d0772657.org
monerodownloader,37674d0772657.tickets
monerodownloader,37674d0772657.blackfriday
monerodownloader,37674d0772657.hosting
monerodownloader,37674d0772657.feedback
monerodownloader,672022ba614bc.org
monerodownloader,672022ba614bc.tickets
monerodownloader,672022ba614bc.blackfriday
monerodownloader,672022ba614bc.hosting
monerodownloader,672022ba614bc.feedback
monerodownloader,71640d5c9a3e1.org
monerodownloader,71640d5c9a3e1.tickets
monerodownloader,71640d5c9a3e1.blackfriday
monerodownloader,71640d5c9a3e1.hosting
monerodownloader,71640d5c9a3e1.feedback
monerodownloader,829f527a4b9c0.org
monerodownloader,829f527a4b9c0.tickets
monerodownloader,829f527a4b9c0.blackfriday
monerodownloader,829f527a4b9c0.hosting
monerodownloader,829f527a4b9c0.feedback
monerodownloader,287a2d7090010.org
monerodownloader,287a2d7090010.tickets
monerodownloader,287a2d7090010.blackfriday
monerodownloader,287a2d7090010.hosting
monerodownloader,287a2d7090010.feedback
monerodownloader,f76945307595a.org
monerodownloader,f76945307595a.tickets
monerodownloader,f76945307595a.blackfriday
monerodownloader,f76945307595a.hosting
monerodownloader,f76945307595a.feedback
monerodownloader,608c47fdc5eed.org
monerodownloader,608c47fdc5eed.tickets
monerodownloader,608c47fdc5eed.blackfriday
monerodownloader,608c47fdc5eed.hosting
monerodownloader,608c47fdc5eed.feedback
monerodownloader,effbee6687ab5.org
monerodownloader,effbee6687ab5.tickets
monerodownloader,effbee6687ab5.blackfriday
monerodownloader,effbee6687ab5.hosting
monerodownloader,effbee6687ab5.feedback
monerodownloader,486e5eeac718a.org
monerodownloader,486e5eeac718a.tickets
monerodownloader,486e5eeac718a.blackfriday
monerodownloader,486e5eeac718a.hosting
monerodownloader,486e5eeac718a.feedback
monerodownloader,421e20d5c5cce.org
monerodownloader,421e20d5c5cce.tickets
monerodownloader,421e20d5c5cce.blackfriday
monerodownloader,421e20d5c5cce.hosting
monerodownloader,421e20d5c5cce.feedback
monerodownloader,ded6216a6f353.org
monerodownloader,ded6216a6f353.tickets
monerodownloader,ded6216a6f353.blackfriday
monerodownloader,ded6216a6f353.hosting
monerodownloader,ded6216a6f353.feedback
monerodownloader,2aba44783b82d.org
monerodownloader,2aba44783b82d.tickets
monerodownloader,2aba44783b82d.blackfriday
monerodownloader,2aba44783b82d.hosting
monerodownloader,2aba44783b82d.feedback
monerodownloader,487f296fb2b88.org
monerodownloader,487f296fb2b88.tickets
monerodownloader,487f296fb2b88.blackfriday
monerodownloader,487f296fb2b88.hosting
monerodownloader,487f296fb2b88.feedback
monerodownloader,8d0e810bc9ca1.org
monerodownloader,8d0e810bc9ca1.tickets
monerodownloader,8d0e810bc9ca1.blackfriday
monerodownloader,8d0e810bc9ca1.hosting
monerodownloader,8d0e810bc9ca1.feedback
monerodownloader,ebae410bd8ac2.org
monerodownloader,ebae410bd8ac2.tickets
monerodownloader,ebae410bd8ac2.blackfriday
monerodownloader,ebae410bd8ac2.hosting
monerodownloader,ebae410bd8ac2.feedback
monerodownloader,0df0c13cfe104.org
monerodownloader,0df0c13cfe104.tickets
monerodownloader,0df0c13cfe104.blackfriday
monerodownloader,0df0c13cfe104.hosting
monerodownloader,0df0c13cfe104.feedback
monerodownloader,cbee9c3b0f7f5.org
monerodownloader,cbee9c3b0f7f5.tickets
monerodownloader,cbee9c3b0f7f5.blackfriday
monerodownloader,cbee9c3b0f7f5.hosting
monerodownloader,cbee9c3b0f7f5.feedback
monerodownloader,ebc7a5eb9f8a2.org
monerodownloader,ebc7a5eb9f8a2.tickets
monerodownloader,ebc7a5eb9f8a2.blackfriday
monerodownloader,ebc7a5eb9f8a2.hosting
monerodownloader,ebc7a5eb9f8a2.feedback
monerodownloader,4e95a30d7b5b9.org
monerodownloader,4e95a30d7b5b9.tickets
monerodownloader,4e95a30d7b5b9.blackfriday
monerodownloader,4e95a30d7b5b9.hosting
monerodownloader,4e95a30d7b5b9.feedback
monerodownloader,0df8ae48a2f70.org
monerodownloader,0df8ae48a2f70.tickets
monerodownloader,0df8ae48a2f70.blackfriday
monerodownloader,0df8ae48a2f70.hosting
monerodownloader,0df8ae48a2f70.feedback
monerodownloader,725c3356d198c.org
monerodownloader,725c3356d198c.tickets
monerodownloader,725c3356d198c.blackfriday
monerodownloader,725c3356d198c.hosting
monerodownloader,725c3356d198c.feedback
monerodownloader,e54cb8a13d0aa.org
monerodownloader,e54cb8a13d0aa.tickets
monerodownloader,e54cb8a13d0aa.blackfriday
monerodownloader,e54cb8a13d0aa.hosting
monerodownloader,e54cb8a13d0aa.feedback
monerodownloader,4ff06ec44b789.org
monerodownloader,4ff06ec44b789.tickets
monerodownloader,4ff06ec44b789.blackfriday
monerodownloader,4ff06ec44b789.hosting
monerodownloader,4ff06ec44b789.feedback
monerodownloader,ec82870a0f972.org
monerodownloader,ec82870a0f972.tickets
monerodownloader,ec82870a0f972.blackfriday
monerodownloader,ec82870a0f972.hosting
monerodownloader,ec82870a0f972.feedback
monerodownloader,115c69a830e31.org
monerodownloader,115c69a830e31.tickets
monerodownloader,115c69a830e31.blackfriday
monerodownloader,115c69a830e31.hosting
monerodownloader,115c69a830e31.feedback
monerodownloader,3a480c9bf7cbf.org
monerodownloader,3a480c9bf7cbf.tickets
monerodownloader,3a480c9bf7cbf.blackfriday
monerodownloader,3a480c9bf7cbf.hosting
monerodownloader,3a480c9bf7cbf.feedback
monerodownloader,94a0109d93529.org
monerodownloader,94a0109d93529.tickets
monerodownloader,94a0109d93529.blackfriday
monerodownloader,94a0109d93529.hosting
monerodownloader,94a0109d93529.feedback
monerodownloader,b06c29630eeff.org
monerodownloader,b06c29630eeff.tickets
monerodownloader,b06c29630eeff.blackfriday
monerodownloader,b06c29630eeff.hosting
monerodownloader,b06c29630eeff.feedback
monerodownloader,0f53d02bbe917.org
monerodownloader,0f53d02bbe917.tickets
monerodownloader,0f53d02bbe917.blackfriday
monerodownloader,0f53d02bbe917.hosting
monerodownloader,0f53d02bbe917.feedback
monerodownloader,476515c382b5a.org
monerodownloader,476515c382b5a.tickets
monerodownloader,476515c382b5a.blackfriday
monerodownloader,476515c382b5a.hosting
monerodownloader,476515c382b5a.feedback
monerodownloader,beff6a584e543.org
monerodownloader,beff6a584e543.tickets
monerodownloader,beff6a584e543.blackfriday
monerodownloader,beff6a584e543.hosting
monerodownloader,beff6a584e543.feedback
monerodownloader,a093e012af5d1.org
monerodownloader,a093e012af5d1.tickets
monerodownloader,a093e012af5d1.blackfriday
monerodownloader,a093e012af5d1.hosting
monerodownloader,a093e012af5d1.feedback
monerodownloader,516ced6192358.org
monerodownloader,516ced6192358.tickets
monerodownloader,516ced6192358.blackfriday
monerodownloader,516ced6192358.hosting
monerodownloader,516ced6192358.feedback
monerodownloader,3283921ede269.org
monerodownloader,3283921ede269.tickets
monerodownloader,3283921ede269.blackfriday
monerodownloader,3283921ede269.hosting
monerodownloader,3283921ede269.feedback
monerodownloader,c0e3d9dd17d90.org
monerodownloader,c0e3d9dd17d90.tickets
monerodownloader,c0e3d9dd17d90.blackfriday
monerodownloader,c0e3d9dd17d90.hosting
monerodownloader,c0e3d9dd17d90.feedback
monerodownloader,6aa80b7926871.org
monerodownloader,6aa80b7926871.tickets
monerodownloader,6aa80b7926871.blackfriday
monerodownloader,6aa80b7926871.hosting
monerodownloader,6aa80b7926871.feedback
monerodownloader,3a8f71b0ef0d7.org
monerodownloader,3a8f71b0ef0d7.tickets
monerodownloader,3a8f71b0ef0d7.blackfriday
monerodownloader,3a8f71b0ef0d7.hosting
monerodownloader,3a8f71b0ef0d7.feedback
monerodownloader,c6c98187667e6.org
monerodownloader,c6c98187667e6.tickets
monerodownloader,c6c98187667e6.blackfriday
monerodownloader,c6c98187667e6.hosting
monerodownloader,c6c98187667e6.feedback
monerodownloader,a8e627b3c42cb.org
monerodownloader,a8e627b3c42cb.tickets
monerodownloader,a8e627b3c42cb.blackfriday
monerodownloader,a8e627b3c42cb.hosting
monerodownloader,a8e627b3c42cb.feedback
monerodownloader,28b56177c1693.org
monerodownloader,28b56177c1693.tickets
monerodownloader,28b56177c1693.blackfriday
monerodownloader,28b56177c1693.hosting
monerodownloader,28b56177c1693.feedback
monerodownloader,207c01c5ab596.org
monerodownloader,207c01c5ab596.tickets
monerodownloader,207c01c5ab596.blackfriday
monerodownloader,207c01c5ab596.hosting
monerodownloader,207c01c5ab596.feedback
monerodownloader,cf73f5addf363.org
monerodownloader,cf73f5addf363.tickets
monerodownloader,cf73f5addf363.blackfriday
monerodownloader,cf73f5addf363.hosting
monerodownloader,cf73f5addf363.feedback
monerodownloader,5b70671319154.org
monerodownloader,5b70671319154.tickets
monerodownloader,5b70671319154.blackfriday
monerodownloader,5b70671319154.hosting
monerodownloader,5b70671319154.feedback
monerodownloader,32e5d4b9256c9.org
monerodownloader,32e5d4b9256c9.tickets
monerodownloader,32e5d4b9256c9.blackfriday
monerodownloader,32e5d4b9256c9.hosting
monerodownloader,32e5d4b9256c9.feedback
monerodownloader,282e6e9c82b39.org
monerodownloader,282e6e9c82b39.tickets
monerodownloader,282e6e9c82b39.blackfriday
monerodownloader,282e6e9c82b39.hosting
monerodownloader,282e6e9c82b39.feedback
monerodownloader,b2e617a437efd.org
monerodownloader,b2e617a437efd.tickets
monerodownloader,b2e617a437efd.blackfriday
monerodownloader,b2e617a437efd.hosting
monerodownloader,b2e617a437efd.feedback
monerodownloader,4b2e1a9a436cb.org
monerodownloader,4b2e1a9a436cb.tickets
monerodownloader,4b2e1a9a436cb.blackfriday
monerodownloader,4b2e1a9a436cb.hosting
monerodownloader,4b2e1a9a436cb.feedback
monerodownloader,85fcc154ca66e.org
monerodownloader,85fcc154ca66e.tickets
monerodownloader,85fcc154ca66e.blackfriday
monerodownloader,85fcc154ca66e.hosting
monerodownloader,85fcc154ca66e.feedback
monerodownloader,e631d0831f41e.org
monerodownloader,e631d0831f41e.tickets
monerodownloader,e631d0831f41e.blackfriday
monerodownloader,e631d0831f41e.hosting
monerodownloader,e631d0831f41e.feedback
monerodownloader,f328c3fecdb2c.org
monerodownloader,f328c3fecdb2c.tickets
monerodownloader,f328c3fecdb2c.blackfriday
monerodownloader,f328c3fecdb2c.hosting
monerodownloader,f328c3fecdb2c.feedback
monerodownloader,ff2aa4d8c63a2.org
monerodownloader,ff2aa4d8c63a2.tickets
monerodownloader,ff2aa4d8c63a2.blackfriday
monerodownloader,ff2aa4d8c63a2.hosting
monerodownloader,ff2aa4d8c63a2.feedback
monerodownloader,5ecb481515c7a.org
monerodownloader,5ecb481515c7a.tickets
monerodownloader,5ecb481515c7a.blackfriday
monerodownloader,5ecb481515c7a.hosting
monerodownloader,5ecb481515c7a.feedback
monerodownloader,fbce74027c92b.org
monerodownloader,fbce74027c92b.tickets
monerodownloader,fbce74027c92b.blackfriday
monerodownloader,fbce74027c92b.hosting
monerodownloader,fbce74027c92b.feedback
monerodownloader,1a4ce4c1724b6.org
monerodownloader,1a4ce4c1724b6.tickets
monerodownloader,1a4ce4c1724b6.blackfriday
monerodownloader,1a4ce4c1724b6.hosting
monerodownloader,1a4ce4c1724b6.feedback
monerodownloader,41958d8ef534e.org
monerodownloader,41958d8ef534e.tickets
monerodownloader,41958d8ef534e.blackfriday
monerodownloader,41958d8ef534e.hosting
monerodownloader,41958d8ef534e.feedback
monerodownloader,9ff08e3939c49.org
monerodownloader,9ff08e3939c49.tickets
monerodownloader,9ff08e3939c49.blackfriday
monerodownloader,9ff08e3939c49.hosting
monerodownloader,9ff08e3939c49.feedback
monerodownloader,29c5aacdcce94.org
monerodownloader,29c5aacdcce94.tickets
monerodownloader,29c5aacdcce94.blackfriday
monerodownloader,29c5aacdcce94.hosting
monerodownloader,29c5aacdcce94.feedback
monerodownloader,1b8c032309997.org
monerodownloader,1b8c032309997.tickets
monerodownloader,1b8c032309997.blackfriday
monerodownloader,1b8c032309997.hosting
monerodownloader,1b8c032309997.feedback
monerodownloader,5e70ebcf71517.org
monerodownloader,5e70ebcf71517.tickets
monerodownloader,5e70ebcf71517.blackfriday
monerodownloader,5e70ebcf71517.hosting
monerodownloader,5e70ebcf71517.feedback
monerodownloader,8ea260e90649a.org
monerodownloader,8ea260e90649a.tickets
monerodownloader,8ea260e90649a.blackfriday
monerodownloader,8ea260e90649a.hosting
monerodownloader,8ea260e90649a.feedback
monerodownloader,98292a8528396.org
monerodownloader,98292a8528396.tickets
monerodownloader,98292a8528396.blackfriday
monerodownloader,98292a8528396.hosting
monerodownloader,98292a8528396.feedback
monerodownloader,62f5aa32ea5f4.org
monerodownloader,62f5aa32ea5f4.tickets
monerodownloader,62f5aa32ea5f4.blackfriday
monerodownloader,62f5aa32ea5f4.hosting
monerodownloader,62f5aa32ea5f4.feedback
monerodownloader,8da34c7925369.org
monerodownloader,8da34c7925369.tickets
monerodownloader,8da34c7925369.blackfriday
monerodownloader,8da34c7925369.hosting
monerodownloader,8da34c7925369.feedback
monerodownloader,e17c4219f5ab8.org
monerodownloader,e17c4219f5ab8.tickets
monerodownloader,e17c4219f5ab8.blackfriday
monerodownloader,e17c4219f5ab8.hosting
monerodownloader,e17c4219f5ab8.feedback
monerodownloader,c67b755a9ba5e.org
monerodownloader,c67b755a9ba5e.tickets
monerodownloader,c67b755a9ba5e.blackfriday
monerodownloader,c67b755a9ba5e.hosting
monerodownloader,c67b755a9ba5e.feedback
monerodownloader,52d3d80030418.org
monerodownloader,52d3d80030418.tickets
monerodownloader,52d3d80030418.blackfriday
monerodownloader,52d3d80030418.hosting
monerodownloader,52d3d80030418.feedback
monerodownloader,d25174495637c.org
monerodownloader,d25174495637c.tickets
monerodownloader,d25174495637c.blackfriday
monerodownloader,d25174495637c.hosting
monerodownloader,d25174495637c.feedback
monerodownloader,35dd8770aa3af.org
monerodownloader,35dd8770aa3af.tickets
monerodownloader,35dd8770aa3af.blackfriday
monerodownloader,35dd8770aa3af.hosting
monerodownloader,35dd8770aa3af.feedback
monerodownloader,6088bba1ec884.org
monerodownloader,6088bba1ec884.tickets
monerodownloader,6088bba1ec884.blackfriday
monerodownloader,6088bba1ec884.hosting
monerodownloader,6088bba1ec884.feedback
monerodownloader,c5590a8e2844a.org
monerodownloader,c5590a8e2844a.tickets
monerodownloader,c5590a8e2844a.blackfriday
monerodownloader,c5590a8e2844a.hosting
monerodownloader,c5590a8e2844a.feedback
monerodownloader,dc4020dcfdc29.org
monerodownloader,dc4020dcfdc29.tickets
monerodownloader,dc4020dcfdc29.blackfriday
monerodownloader,dc4020dcfdc29.hosting
monerodownloader,dc4020dcfdc29.feedback
monerodownloader,85894ed848811.org
monerodownloader,85894ed848811.tickets
monerodownloader,85894ed848811.blackfriday
monerodownloader,85894ed848811.hosting
monerodownloader,85894ed848811.feedback
monerodownloader,118c88c71ce30.org
monerodownloader,118c88c71ce30.tickets
monerodownloader,118c88c71ce30.blackfriday
monerodownloader,118c88c71ce30.hosting
monerodownloader,118c88c71ce30.feedback
monerodownloader,2bac2246c6c00.org
monerodownloader,2bac2246c6c00.tickets
monerodownloader,2bac2246c6c00.blackfriday
monerodownloader,2bac2246c6c00.hosting
monerodownloader,2bac2246c6c00.feedback
monerodownloader,420af865441dd.org
monerodownloader,420af865441dd.tickets
monerodownloader,420af865441dd.blackfriday
monerodownloader,420af865441dd.hosting
monerodownloader,420af865441dd.feedback
monerodownloader,8b74dc4d6be8e.org
monerodownloader,8b74dc4d6be8e.tickets
monerodownloader,8b74dc4d6be8e.blackfriday
monerodownloader,8b74dc4d6be8e.hosting
monerodownloader,8b74dc4d6be8e.feedback
monerodownloader,fbdd9ec7e56fb.org
monerodownloader,fbdd9ec7e56fb.tickets
monerodownloader,fbdd9ec7e56fb.blackfriday
monerodownloader,fbdd9ec7e56fb.hosting
monerodownloader,fbdd9ec7e56fb.feedback
monerodownloader,4f4338d5eddcc.org
monerodownloader,4f4338d5eddcc.tickets
monerodownloader,4f4338d5eddcc.blackfriday
monerodownloader,4f4338d5eddcc.hosting
monerodownloader,4f4338d5eddcc.feedback
monerodownloader,f423a8722a482.org
monerodownloader,f423a8722a482.tickets
monerodownloader,f423a8722a482.blackfriday
monerodownloader,f423a8722a482.hosting
monerodownloader,f423a8722a482.feedback
monerodownloader,ada4ecc66e8d7.org
monerodownloader,ada4ecc66e8d7.tickets
monerodownloader,ada4ecc66e8d7.blackfriday
monerodownloader,ada4ecc66e8d7.hosting
monerodownloader,ada4ecc66e8d7.feedback
monerodownloader,b8ec81b60b9bc.org
monerodownloader,b8ec81b60b9bc.tickets
monerodownloader,b8ec81b60b9bc.blackfriday
monerodownloader,b8ec81b60b9bc.hosting
monerodownloader,b8ec81b60b9bc.feedback
monerodownloader,c081ad0288c26.org
monerodownloader,c081ad0288c26.tickets
monerodownloader,c081ad0288c26.blackfriday
monerodownloader,c081ad0288c26.hosting
monerodownloader,c081ad0288c26.feedback
monerodownloader,4a75f187f121b.org
monerodownloader,4a75f187f121b.tickets
monerodownloader,4a75f187f121b.blackfriday
monerodownloader,4a75f187f121b.hosting
monerodownloader,4a75f187f121b.feedback
monerodownloader,836b5b8882e64.org
monerodownloader,836b5b8882e64.tickets
monerodownloader,836b5b8882e64.blackfriday
monerodownloader,836b5b8882e64.hosting
monerodownloader,836b5b8882e64.feedback
monerodownloader,9ce8d27e46449.org
monerodownloader,9ce8d27e46449.tickets
monerodownloader,9ce8d27e46449.blackfriday
monerodownloader,9ce8d27e46449.hosting
monerodownloader,9ce8d27e46449.feedback
monerodownloader,f4d9233355481.org
monerodownloader,f4d9233355481.tickets
monerodownloader,f4d9233355481.blackfriday
monerodownloader,f4d9233355481.hosting
monerodownloader,f4d9233355481.feedback
monerodownloader,07dc1d5de14ed.org
monerodownloader,07dc1d5de14ed.tickets
monerodownloader,07dc1d5de14ed.blackfriday
monerodownloader,07dc1d5de14ed.hosting
monerodownloader,07dc1d5de14ed.feedback
monerodownloader,1b7ca4a448b22.org
monerodownloader,1b7ca4a448b22.tickets
monerodownloader,1b7ca4a448b22.blackfriday
monerodownloader,1b7ca4a448b22.hosting
monerodownloader,1b7ca4a448b22.feedback
monerodownloader,0d64367223fc0.org
monerodownloader,0d64367223fc0.tickets
monerodownloader,0d64367223fc0.blackfriday
monerodownloader,0d64367223fc0.hosting
monerodownloader,0d64367223fc0.feedback
monerodownloader,cdd770106c943.org
monerodownloader,cdd770106c943.tickets
monerodownloader,cdd770106c943.blackfriday
monerodownloader,cdd770106c943.hosting
monerodownloader,cdd770106c943.feedback
monerodownloader,8f7867b805d5c.org
monerodownloader,8f7867b805d5c.tickets
monerodownloader,8f7867b805d5c.blackfriday
monerodownloader,8f7867b805d5c.hosting
monerodownloader,8f7867b805d5c.feedback
monerodownloader,60e0fd8d9f7f2.org
monerodownloader,60e0fd8d9f7f2.tickets
monerodownloader,60e0fd8d9f7f2.blackfriday
monerodownloader,60e0fd8d9f7f2.hosting
monerodownloader,60e0fd8d9f7f2.feedback
monerodownloader,e05d18085a275.org
monerodownloader,e05d18085a275.tickets
monerodownloader,e05d18085a275.blackfriday
monerodownloader,e05d18085a275.hosting
monerodownloader,e05d18085a275.feedback
monerodownloader,56ff5dded945c.org
monerodownloader,56ff5dded945c.tickets
monerodownloader,56ff5dded945c.blackfriday
monerodownloader,56ff5dded945c.hosting
monerodownloader,56ff5dded945c.feedback
monerodownloader,644444747e34e.org
monerodownloader,644444747e34e.tickets
monerodownloader,644444747e34e.blackfriday
monerodownloader,644444747e34e.hosting
monerodownloader,644444747e34e.feedback
monerodownloader,d3b3312dcb268.org
monerodownloader,d3b3312dcb268.tickets
monerodownloader,d3b3312dcb268.blackfriday
monerodownloader,d3b3312dcb268.hosting
monerodownloader,d3b3312dcb268.feedback
monerodownloader,6ba8808bd493e.org
monerodownloader,6ba8808bd493e.tickets
monerodownloader,6ba8808bd493e.blackfriday
monerodownloader,6ba8808bd493e.hosting
monerodownloader,6ba8808bd493e.feedback
monerodownloader,3d53d688c6232.org
monerodownloader,3d53d688c6232.tickets
monerodownloader,3d53d688c6232.blackfriday
monerodownloader,3d53d688c6232.hosting
monerodownloader,3d53d688c6232.feedback
monerodownloader,228b84bdcf17a.org
monerodownloader,228b84bdcf17a.tickets
monerodownloader,228b84bdcf17a.blackfriday
monerodownloader,228b84bdcf17a.hosting
monerodownloader,228b84bdcf17a.feedback
monerodownloader,dcf88da7413e0.org
monerodownloader,dcf88da7413e0.tickets
monerodownloader,dcf88da7413e0.blackfriday
monerodownloader,dcf88da7413e0.hosting
monerodownloader,dcf88da7413e0.feedback
monerodownloader,af11054120dd1.org
monerodownloader,af11054120dd1.tickets
monerodownloader,af11054120dd1.blackfriday
monerodownloader,af11054120dd1.hosting
monerodownloader,af11054120dd1.feedback
monerodownloader,0d0ef46b57ca0.org
monerodownloader,0d0ef46b57ca0.tickets
monerodownloader,0d0ef46b57ca0.blackfriday
monerodownloader,0d0ef46b57ca0.hosting
monerodownloader,0d0ef46b57ca0.feedback
monerodownloader,d40468c175987.org
monerodownloader,d40468c175987.tickets
monerodownloader,d40468c175987.blackfriday
monerodownloader,d40468c175987.hosting
monerodownloader,d40468c175987.feedback
monerodownloader,1174b1dc9206b.org
monerodownloader,1174b1dc9206b.tickets
monerodownloader,1174b1dc9206b.blackfriday
monerodownloader,1174b1dc9206b.hosting
monerodownloader,1174b1dc9206b.feedback
monerodownloader,bfda907601724.org
monerodownloader,bfda907601724.tickets
monerodownloader,bfda907601724.blackfriday
monerodownloader,bfda907601724.hosting
monerodownloader,bfda907601724.feedback
monerodownloader,5706f0cd25766.org
monerodownloader,5706f0cd25766.tickets
monerodownloader,5706f0cd25766.blackfriday
monerodownloader,5706f0cd25766.hosting
monerodownloader,5706f0cd25766.feedback
monerodownloader,0770019571a75.org
monerodownloader,0770019571a75.tickets
monerodownloader,0770019571a75.blackfriday
monerodownloader,0770019571a75.hosting
monerodownloader,0770019571a75.feedback
monerodownloader,5ef6791ea29f4.org
monerodownloader,5ef6791ea29f4.tickets
monerodownloader,5ef6791ea29f4.blackfriday
monerodownloader,5ef6791ea29f4.hosting
monerodownloader,5ef6791ea29f4.feedback
monerodownloader,5ecdfdb6f6da8.org
monerodownloader,5ecdfdb6f6da8.tickets
monerodownloader,5ecdfdb6f6da8.blackfriday
monerodownloader,5ecdfdb6f6da8.hosting
monerodownloader,5ecdfdb6f6da8.feedback
monerodownloader,e07e878d70cae.org
monerodownloader,e07e878d70cae.tickets
monerodownloader,e07e878d70cae.blackfriday
monerodownloader,e07e878d70cae.hosting
monerodownloader,e07e878d70cae.feedback
monerodownloader,8186226b7e742.org
monerodownloader,8186226b7e742.tickets
monerodownloader,8186226b7e742.blackfriday
monerodownloader,8186226b7e742.hosting
monerodownloader,8186226b7e742.feedback
monerodownloader,dbba96844e715.org
monerodownloader,dbba96844e715.tickets
monerodownloader,dbba96844e715.blackfriday
monerodownloader,dbba96844e715.hosting
monerodownloader,dbba96844e715.feedback
monerodownloader,50e5ce0f783bd.org
monerodownloader,50e5ce0f783bd.tickets
monerodownloader,50e5ce0f783bd.blackfriday
monerodownloader,50e5ce0f783bd.hosting
monerodownloader,50e5ce0f783bd.feedback
monerodownloader,97f41e4ab52d8.org
monerodownloader,97f41e4ab52d8.tickets
monerodownloader,97f41e4ab52d8.blackfriday
monerodownloader,97f41e4ab52d8.hosting
monerodownloader,97f41e4ab52d8.feedback
monerodownloader,e9fea52c2711d.org
monerodownloader,e9fea52c2711d.tickets
monerodownloader,e9fea52c2711d.blackfriday
monerodownloader,e9fea52c2711d.hosting
monerodownloader,e9fea52c2711d.feedback
monerodownloader,9e53ea8438e40.org
monerodownloader,9e53ea8438e40.tickets
monerodownloader,9e53ea8438e40.blackfriday
monerodownloader,9e53ea8438e40.hosting
monerodownloader,9e53ea8438e40.feedback
monerodownloader,fdca212a9d61f.org
monerodownloader,fdca212a9d61f.tickets
monerodownloader,fdca212a9d61f.blackfriday
monerodownloader,fdca212a9d61f.hosting
monerodownloader,fdca212a9d61f.feedback
monerodownloader,fa7dcfbb99ac1.org
monerodownloader,fa7dcfbb99ac1.tickets
monerodownloader,fa7dcfbb99ac1.blackfriday
monerodownloader,fa7dcfbb99ac1.hosting
monerodownloader,fa7dcfbb99ac1.feedback
monerodownloader,03104d13a7f4d.org
monerodownloader,03104d13a7f4d.tickets
monerodownloader,03104d13a7f4d.blackfriday
monerodownloader,03104d13a7f4d.hosting
monerodownloader,03104d13a7f4d.feedback
monerodownloader,709ac7db00fa6.org
monerodownloader,709ac7db00fa6.tickets
monerodownloader,709ac7db00fa6.blackfriday
monerodownloader,709ac7db00fa6.hosting
monerodownloader,709ac7db00fa6.feedback
monerodownloader,f1846fc149d25.org
monerodownloader,f1846fc149d25.tickets
monerodownloader,f1846fc149d25.blackfriday
monerodownloader,f1846fc149d25.hosting
monerodownloader,f1846fc149d25.feedback
monerodownloader,b67acafe96bbd.org
monerodownloader,b67acafe96bbd.tickets
monerodownloader,b67acafe96bbd.blackfriday
monerodownloader,b67acafe96bbd.hosting
monerodownloader,b67acafe96bbd.feedback
monerodownloader,c69a35276b24e.org
monerodownloader,c69a35276b24e.tickets
monerodownloader,c69a35276b24e.blackfriday
monerodownloader,c69a35276b24e.hosting
monerodownloader,c69a35276b24e.feedback
monerodownloader,6062e60491e68.org
monerodownloader,6062e60491e68.tickets
monerodownloader,6062e60491e68.blackfriday
monerodownloader,6062e60491e68.hosting
monerodownloader,6062e60491e68.feedback
monerodownloader,640b7775ad85d.org
monerodownloader,640b7775ad85d.tickets
monerodownloader,640b7775ad85d.blackfriday
monerodownloader,640b7775ad85d.hosting
monerodownloader,640b7775ad85d.feedback
monerodownloader,f174a75dcd391.org
monerodownloader,f174a75dcd391.tickets
monerodownloader,f174a75dcd391.blackfriday
monerodownloader,f174a75dcd391.hosting
monerodownloader,f174a75dcd391.feedback
monerodownloader,895d622917dc4.org
monerodownloader,895d622917dc4.tickets
monerodownloader,895d622917dc4.blackfriday
monerodownloader,895d622917dc4.hosting
monerodownloader,895d622917dc4.feedback
monerodownloader,a9a7508158e62.org
monerodownloader,a9a7508158e62.tickets
monerodownloader,a9a7508158e62.blackfriday
monerodownloader,a9a7508158e62.hosting
monerodownloader,a9a7508158e62.feedback
monerodownloader,082620a944683.org
monerodownloader,082620a944683.tickets
monerodownloader,082620a944683.blackfriday
monerodownloader,082620a944683.hosting
monerodownloader,082620a944683.feedback
monerodownloader,4b2628ad27611.org
monerodownloader,4b2628ad27611.tickets
monerodownloader,4b2628ad27611.blackfriday
monerodownloader,4b2628ad27611.hosting
monerodownloader,4b2628ad27611.feedback
monerodownloader,ef8aaf19f6d85.org
monerodownloader,ef8aaf19f6d85.tickets
monerodownloader,ef8aaf19f6d85.blackfriday
monerodownloader,ef8aaf19f6d85.hosting
monerodownloader,ef8aaf19f6d85.feedback
monerodownloader,af04a7bcde3cc.org
monerodownloader,af04a7bcde3cc.tickets
monerodownloader,af04a7bcde3cc.blackfriday
monerodownloader,af04a7bcde3cc.hosting
monerodownloader,af04a7bcde3cc.feedback
monerodownloader,0a6e165ce29ec.org
monerodownloader,0a6e165ce29ec.tickets
monerodownloader,0a6e165ce29ec.blackfriday
monerodownloader,0a6e165ce29ec.hosting
monerodownloader,0a6e165ce29ec.feedback
monerodownloader,a62c73e546fcf.org
monerodownloader,a62c73e546fcf.tickets
monerodownloader,a62c73e546fcf.blackfriday
monerodownloader,a62c73e546fcf.hosting
monerodownloader,a62c73e546fcf.feedback
monerodownloader,9e7af1ff16c91.org
monerodownloader,9e7af1ff16c91.tickets
monerodownloader,9e7af1ff16c91.blackfriday
monerodownloader,9e7af1ff16c91.hosting
monerodownloader,9e7af1ff16c91.feedback
monerodownloader,19df8588dfed7.org
monerodownloader,19df8588dfed7.tickets
monerodownloader,19df8588dfed7.blackfriday
monerodownloader,19df8588dfed7.hosting
monerodownloader,19df8588dfed7.feedback
monerodownloader,6327fd4f39001.org
monerodownloader,6327fd4f39001.tickets
monerodownloader,6327fd4f39001.blackfriday
monerodownloader,6327fd4f39001.hosting
monerodownloader,6327fd4f39001.feedback
monerodownloader,65056e4c0a533.org
monerodownloader,65056e4c0a533.tickets
monerodownloader,65056e4c0a533.blackfriday
monerodownloader,65056e4c0a533.hosting
monerodownloader,65056e4c0a533.feedback
monerodownloader,656d9a2b53bf5.org
monerodownloader,656d9a2b53bf5.tickets
monerodownloader,656d9a2b53bf5.blackfriday
monerodownloader,656d9a2b53bf5.hosting
monerodownloader,656d9a2b53bf5.feedback
monerodownloader,ab4825c7882ae.org
monerodownloader,ab4825c7882ae.tickets
monerodownloader,ab4825c7882ae.blackfriday
monerodownloader,ab4825c7882ae.hosting
monerodownloader,ab4825c7882ae.feedback
monerodownloader,34a1b0c08ec45.org
monerodownloader,34a1b0c08ec45.tickets
monerodownloader,34a1b0c08ec45.blackfriday
monerodownloader,34a1b0c08ec45.hosting
monerodownloader,34a1b0c08ec45.feedback
monerodownloader,38bd7b5f0a0a8.org
monerodownloader,38bd7b5f0a0a8.tickets
monerodownloader,38bd7b5f0a0a8.blackfriday
monerodownloader,38bd7b5f0a0a8.hosting
monerodownloader,38bd7b5f0a0a8.feedback
monerodownloader,e2ea7d23f958f.org
monerodownloader,e2ea7d23f958f.tickets
monerodownloader,e2ea7d23f958f.blackfriday
monerodownloader,e2ea7d23f958f.hosting
monerodownloader,e2ea7d23f958f.feedback
monerodownloader,12b4bea36ecc9.org
monerodownloader,12b4bea36ecc9.tickets
monerodownloader,12b4bea36ecc9.blackfriday
monerodownloader,12b4bea36ecc9.hosting
monerodownloader,12b4bea36ecc9.feedback
monerodownloader,7f279253ab10a.org
monerodownloader,7f279253ab10a.tickets
monerodownloader,7f279253ab10a.blackfriday
monerodownloader,7f279253ab10a.hosting
monerodownloader,7f279253ab10a.feedback
monerodownloader,074ade1f06ad5.org
monerodownloader,074ade1f06ad5.tickets
monerodownloader,074ade1f06ad5.blackfriday
monerodownloader,074ade1f06ad5.hosting
monerodownloader,074ade1f06ad5.feedback
monerodownloader,a00658830b4e1.org
monerodownloader,a00658830b4e1.tickets
monerodownloader,a00658830b4e1.blackfriday
monerodownloader,a00658830b4e1.hosting
monerodownloader,a00658830b4e1.feedback
monerodownloader,b5c6707cad4e0.org
monerodownloader,b5c6707cad4e0.tickets
monerodownloader,b5c6707cad4e0.blackfriday
monerodownloader,b5c6707cad4e0.hosting
monerodownloader,b5c6707cad4e0.feedback
monerodownloader,552971f33330a.org
monerodownloader,552971f33330a.tickets
monerodownloader,552971f33330a.blackfriday
monerodownloader,552971f33330a.hosting
monerodownloader,552971f33330a.feedback
monerodownloader,c3e3ccfc042f2.org
monerodownloader,c3e3ccfc042f2.tickets
monerodownloader,c3e3ccfc042f2.blackfriday
monerodownloader,c3e3ccfc042f2.hosting
monerodownloader,c3e3ccfc042f2.feedback
monerodownloader,1d6d65239cf8e.org
monerodownloader,1d6d65239cf8e.tickets
monerodownloader,1d6d65239cf8e.blackfriday
monerodownloader,1d6d65239cf8e.hosting
monerodownloader,1d6d65239cf8e.feedback
monerodownloader,e1ade1e48e8db.org
monerodownloader,e1ade1e48e8db.tickets
monerodownloader,e1ade1e48e8db.blackfriday
monerodownloader,e1ade1e48e8db.hosting
monerodownloader,e1ade1e48e8db.feedback
monerodownloader,91d84afcfc956.org
monerodownloader,91d84afcfc956.tickets
monerodownloader,91d84afcfc956.blackfriday
monerodownloader,91d84afcfc956.hosting
monerodownloader,91d84afcfc956.feedback
monerodownloader,e95d3d37be2e2.org
monerodownloader,e95d3d37be2e2.tickets
monerodownloader,e95d3d37be2e2.blackfriday
monerodownloader,e95d3d37be2e2.hosting
monerodownloader,e95d3d37be2e2.feedback
monerodownloader,3e80d49dda55a.org
monerodownloader,3e80d49dda55a.tickets
monerodownloader,3e80d49dda55a.blackfriday
monerodownloader,3e80d49dda55a.hosting
monerodownloader,3e80d49dda55a.feedback
monerodownloader,62816f4f38892.org
monerodownloader,62816f4f38892.tickets
monerodownloader,62816f4f38892.blackfriday
monerodownloader,62816f4f38892.hosting
monerodownloader,62816f4f38892.feedback
monerodownloader,93a7e394001e6.org
monerodownloader,93a7e394001e6.tickets
monerodownloader,93a7e394001e6.blackfriday
monerodownloader,93a7e394001e6.hosting
monerodownloader,93a7e394001e6.feedback
monerodownloader,dff8436201c8a.org
monerodownloader,dff8436201c8a.tickets
monerodownloader,dff8436201c8a.blackfriday
monerodownloader,dff8436201c8a.hosting
monerodownloader,dff8436201c8a.feedback
monerodownloader,3cf5359740587.org
monerodownloader,3cf5359740587.tickets
monerodownloader,3cf5359740587.blackfriday
monerodownloader,3cf5359740587.hosting
monerodownloader,3cf5359740587.feedback
monerodownloader,7a6c598188be2.org
monerodownloader,7a6c598188be2.tickets
monerodownloader,7a6c598188be2.blackfriday
monerodownloader,7a6c598188be2.hosting
monerodownloader,7a6c598188be2.feedback
monerodownloader,0ac66034124af.org
monerodownloader,0ac66034124af.tickets
monerodownloader,0ac66034124af.blackfriday
monerodownloader,0ac66034124af.hosting
monerodownloader,0ac66034124af.feedback
monerodownloader,14aba0da28a51.org
monerodownloader,14aba0da28a51.tickets
monerodownloader,14aba0da28a51.blackfriday
monerodownloader,14aba0da28a51.hosting
monerodownloader,14aba0da28a51.feedback
monerodownloader,39945a58aaf8c.org
monerodownloader,39945a58aaf8c.tickets
monerodownloader,39945a58aaf8c.blackfriday
monerodownloader,39945a58aaf8c.hosting
monerodownloader,39945a58aaf8c.feedback
monerodownloader,1f99d6ab81a9f.org
monerodownloader,1f99d6ab81a9f.tickets
monerodownloader,1f99d6ab81a9f.blackfriday
monerodownloader,1f99d6ab81a9f.hosting
monerodownloader,1f99d6ab81a9f.feedback
monerodownloader,0f67c9f8fe8e9.org
monerodownloader,0f67c9f8fe8e9.tickets
monerodownloader,0f67c9f8fe8e9.blackfriday
monerodownloader,0f67c9f8fe8e9.hosting
monerodownloader,0f67c9f8fe8e9.feedback
monerodownloader,b0ecd557b1005.org
monerodownloader,b0ecd557b1005.tickets
monerodownloader,b0ecd557b1005.blackfriday
monerodownloader,b0ecd557b1005.hosting
monerodownloader,b0ecd557b1005.feedback
monerodownloader,216c0cebb23f1.org
monerodownloader,216c0cebb23f1.tickets
monerodownloader,216c0cebb23f1.blackfriday
monerodownloader,216c0cebb23f1.hosting
monerodownloader,216c0cebb23f1.feedback
monerodownloader,11f8add3053d0.org
monerodownloader,11f8add3053d0.tickets
monerodownloader,11f8add3053d0.blackfriday
monerodownloader,11f8add3053d0.hosting
monerodownloader,11f8add3053d0.feedback
monerodownloader,4d2fe8b590fd3.org
monerodownloader,4d2fe8b590fd3.tickets
monerodownloader,4d2fe8b590fd3.blackfriday
monerodownloader,4d2fe8b590fd3.hosting
monerodownloader,4d2fe8b590fd3.feedback
monerodownloader,33f0e6fdbf018.org
monerodownloader,33f0e6fdbf018.tickets
monerodownloader,33f0e6fdbf018.blackfriday
monerodownloader,33f0e6fdbf018.hosting
monerodownloader,33f0e6fdbf018.feedback
monerodownloader,d10400b4a15ad.org
monerodownloader,d10400b4a15ad.tickets
monerodownloader,d10400b4a15ad.blackfriday
monerodownloader,d10400b4a15ad.hosting
monerodownloader,d10400b4a15ad.feedback
monerodownloader,6e6f11dce0c34.org
monerodownloader,6e6f11dce0c34.tickets
monerodownloader,6e6f11dce0c34.blackfriday
monerodownloader,6e6f11dce0c34.hosting
monerodownloader,6e6f11dce0c34.feedback
monerodownloader,b44e266b206e3.org
monerodownloader,b44e266b206e3.tickets
monerodownloader,b44e266b206e3.blackfriday
monerodownloader,b44e266b206e3.hosting
monerodownloader,b44e266b206e3.feedback
monerodownloader,f5a7985e40b6e.org
monerodownloader,f5a7985e40b6e.tickets
monerodownloader,f5a7985e40b6e.blackfriday
monerodownloader,f5a7985e40b6e.hosting
monerodownloader,f5a7985e40b6e.feedback
monerodownloader,e684432404cd7.org
monerodownloader,e684432404cd7.tickets
monerodownloader,e684432404cd7.blackfriday
monerodownloader,e684432404cd7.hosting
monerodownloader,e684432404cd7.feedback
monerodownloader,62cbcbe442c90.org
monerodownloader,62cbcbe442c90.tickets
monerodownloader,62cbcbe442c90.blackfriday
monerodownloader,62cbcbe442c90.hosting
monerodownloader,62cbcbe442c90.feedback
monerodownloader,5acbe11bb38d0.org
monerodownloader,5acbe11bb38d0.tickets
monerodownloader,5acbe11bb38d0.blackfriday
monerodownloader,5acbe11bb38d0.hosting
monerodownloader,5acbe11bb38d0.feedback
monerodownloader,413b3cb9e898c.org
monerodownloader,413b3cb9e898c.tickets
monerodownloader,413b3cb9e898c.blackfriday
monerodownloader,413b3cb9e898c.hosting
monerodownloader,413b3cb9e898c.feedback
monerodownloader,7a17928af38b4.org
monerodownloader,7a17928af38b4.tickets
monerodownloader,7a17928af38b4.blackfriday
monerodownloader,7a17928af38b4.hosting
monerodownloader,7a17928af38b4.feedback
monerodownloader,025ee70603611.org
monerodownloader,025ee70603611.tickets
monerodownloader,025ee70603611.blackfriday
monerodownloader,025ee70603611.hosting
monerodownloader,025ee70603611.feedback
monerodownloader,1e6d6747bf34d.org
monerodownloader,1e6d6747bf34d.tickets
monerodownloader,1e6d6747bf34d.blackfriday
monerodownloader,1e6d6747bf34d.hosting
monerodownloader,1e6d6747bf34d.feedback
monerodownloader,b677ce07edae8.org
monerodownloader,b677ce07edae8.tickets
monerodownloader,b677ce07edae8.blackfriday
monerodownloader,b677ce07edae8.hosting
monerodownloader,b677ce07edae8.feedback
monerodownloader,adfd46c01bbcb.org
monerodownloader,adfd46c01bbcb.tickets
monerodownloader,adfd46c01bbcb.blackfriday
monerodownloader,adfd46c01bbcb.hosting
monerodownloader,adfd46c01bbcb.feedback
monerodownloader,94dccb403ff5b.org
monerodownloader,94dccb403ff5b.tickets
monerodownloader,94dccb403ff5b.blackfriday
monerodownloader,94dccb403ff5b.hosting
monerodownloader,94dccb403ff5b.feedback
monerodownloader,b835602b83315.org
monerodownloader,b835602b83315.tickets
monerodownloader,b835602b83315.blackfriday
monerodownloader,b835602b83315.hosting
monerodownloader,b835602b83315.feedback
monerodownloader,a2fd74c83b37c.org
monerodownloader,a2fd74c83b37c.tickets
monerodownloader,a2fd74c83b37c.blackfriday
monerodownloader,a2fd74c83b37c.hosting
monerodownloader,a2fd74c83b37c.feedback
monerodownloader,8edf98c005468.org
monerodownloader,8edf98c005468.tickets
monerodownloader,8edf98c005468.blackfriday
monerodownloader,8edf98c005468.hosting
monerodownloader,8edf98c005468.feedback
monerodownloader,634e62053ab99.org
monerodownloader,634e62053ab99.tickets
monerodownloader,634e62053ab99.blackfriday
monerodownloader,634e62053ab99.hosting
monerodownloader,634e62053ab99.feedback
monerodownloader,900d06e6b93b4.org
monerodownloader,900d06e6b93b4.tickets
monerodownloader,900d06e6b93b4.blackfriday
monerodownloader,900d06e6b93b4.hosting
monerodownloader,900d06e6b93b4.feedback
monerodownloader,980d7c018f5e1.org
monerodownloader,980d7c018f5e1.tickets
monerodownloader,980d7c018f5e1.blackfriday
monerodownloader,980d7c018f5e1.hosting
monerodownloader,980d7c018f5e1.feedback
monerodownloader,bc22673ed15cd.org
monerodownloader,bc22673ed15cd.tickets
monerodownloader,bc22673ed15cd.blackfriday
monerodownloader,bc22673ed15cd.hosting
monerodownloader,bc22673ed15cd.feedback
monerodownloader,5f56f76b01efe.org
monerodownloader,5f56f76b01efe.tickets
monerodownloader,5f56f76b01efe.blackfriday
monerodownloader,5f56f76b01efe.hosting
monerodownloader,5f56f76b01efe.feedback
monerodownloader,0f43358b59231.org
monerodownloader,0f43358b59231.tickets
monerodownloader,0f43358b59231.blackfriday
monerodownloader,0f43358b59231.hosting
monerodownloader,0f43358b59231.feedback
monerodownloader,f92eb98980db6.org
monerodownloader,f92eb98980db6.tickets
monerodownloader,f92eb98980db6.blackfriday
monerodownloader,f92eb98980db6.hosting
monerodownloader,f92eb98980db6.feedback
monerodownloader,c20006c2cab83.org
monerodownloader,c20006c2cab83.tickets
monerodownloader,c20006c2cab83.blackfriday
monerodownloader,c20006c2cab83.hosting
monerodownloader,c20006c2cab83.feedback
monerodownloader,451b67b4ad912.org
monerodownloader,451b67b4ad912.tickets
monerodownloader,451b67b4ad912.blackfriday
monerodownloader,451b67b4ad912.hosting
monerodownloader,451b67b4ad912.feedback
monerodownloader,573bfeee99025.org
monerodownloader,573bfeee99025.tickets
monerodownloader,573bfeee99025.blackfriday
monerodownloader,573bfeee99025.hosting
monerodownloader,573bfeee99025.feedback
monerodownloader,8e51eca4e168a.org
monerodownloader,8e51eca4e168a.tickets
monerodownloader,8e51eca4e168a.blackfriday
monerodownloader,8e51eca4e168a.hosting
monerodownloader,8e51eca4e168a.feedback
monerodownloader,529d1423cd397.org
monerodownloader,529d1423cd397.tickets
monerodownloader,529d1423cd397.blackfriday
monerodownloader,529d1423cd397.hosting
monerodownloader,529d1423cd397.feedback
monerodownloader,8c62bd427c3fb.org
monerodownloader,8c62bd427c3fb.tickets
monerodownloader,8c62bd427c3fb.blackfriday
monerodownloader,8c62bd427c3fb.hosting
monerodownloader,8c62bd427c3fb.feedback
monerodownloader,7f238c91b7b1e.org
monerodownloader,7f238c91b7b1e.tickets
monerodownloader,7f238c91b7b1e.blackfriday
monerodownloader,7f238c91b7b1e.hosting
monerodownloader,7f238c91b7b1e.feedback
monerodownloader,ee24483341eec.org
monerodownloader,ee24483341eec.tickets
monerodownloader,ee24483341eec.blackfriday
monerodownloader,ee24483341eec.hosting
monerodownloader,ee24483341eec.feedback
monerodownloader,35c0984bc5fe6.org
monerodownloader,35c0984bc5fe6.tickets
monerodownloader,35c0984bc5fe6.blackfriday
monerodownloader,35c0984bc5fe6.hosting
monerodownloader,35c0984bc5fe6.feedback
monerodownloader,373438171ec9d.org
monerodownloader,373438171ec9d.tickets
monerodownloader,373438171ec9d.blackfriday
monerodownloader,373438171ec9d.hosting
monerodownloader,373438171ec9d.feedback
monerodownloader,632f40d669be7.org
monerodownloader,632f40d669be7.tickets
monerodownloader,632f40d669be7.blackfriday
monerodownloader,632f40d669be7.hosting
monerodownloader,632f40d669be7.feedback
monerodownloader,c5ee0067a7512.org
monerodownloader,c5ee0067a7512.tickets
monerodownloader,c5ee0067a7512.blackfriday
monerodownloader,c5ee0067a7512.hosting
monerodownloader,c5ee0067a7512.feedback
monerodownloader,037de4795fa5f.org
monerodownloader,037de4795fa5f.tickets
monerodownloader,037de4795fa5f.blackfriday
monerodownloader,037de4795fa5f.hosting
monerodownloader,037de4795fa5f.feedback
monerodownloader,39d6e0b0dfa61.org
monerodownloader,39d6e0b0dfa61.tickets
monerodownloader,39d6e0b0dfa61.blackfriday
monerodownloader,39d6e0b0dfa61.hosting
monerodownloader,39d6e0b0dfa61.feedback
monerodownloader,e1c698bb6e7db.org
monerodownloader,e1c698bb6e7db.tickets
monerodownloader,e1c698bb6e7db.blackfriday
monerodownloader,e1c698bb6e7db.hosting
monerodownloader,e1c698bb6e7db.feedback
monerodownloader,9262101b74e01.org
monerodownloader,9262101b74e01.tickets
monerodownloader,9262101b74e01.blackfriday
monerodownloader,9262101b74e01.hosting
monerodownloader,9262101b74e01.feedback
monerodownloader,af94a8fa7cd55.org
monerodownloader,af94a8fa7cd55.tickets
monerodownloader,af94a8fa7cd55.blackfriday
monerodownloader,af94a8fa7cd55.hosting
monerodownloader,af94a8fa7cd55.feedback
monerodownloader,13a5c2cf7f056.org
monerodownloader,13a5c2cf7f056.tickets
monerodownloader,13a5c2cf7f056.blackfriday
monerodownloader,13a5c2cf7f056.hosting
monerodownloader,13a5c2cf7f056.feedback
monerodownloader,7d11b5505112a.org
monerodownloader,7d11b5505112a.tickets
monerodownloader,7d11b5505112a.blackfriday
monerodownloader,7d11b5505112a.hosting
monerodownloader,7d11b5505112a.feedback
monerodownloader,d22d75951d856.org
monerodownloader,d22d75951d856.tickets
monerodownloader,d22d75951d856.blackfriday
monerodownloader,d22d75951d856.hosting
monerodownloader,d22d75951d856.feedback
monerodownloader,712ce8027dd6f.org
monerodownloader,712ce8027dd6f.tickets
monerodownloader,712ce8027dd6f.blackfriday
monerodownloader,712ce8027dd6f.hosting
monerodownloader,712ce8027dd6f.feedback
monerodownloader,4eb7653ae77a5.org
monerodownloader,4eb7653ae77a5.tickets
monerodownloader,4eb7653ae77a5.blackfriday
monerodownloader,4eb7653ae77a5.hosting
monerodownloader,4eb7653ae77a5.feedback
monerodownloader,cc542a5f88995.org
monerodownloader,cc542a5f88995.tickets
monerodownloader,cc542a5f88995.blackfriday
monerodownloader,cc542a5f88995.hosting
monerodownloader,cc542a5f88995.feedback
monerodownloader,40dfe9afce8ef.org
monerodownloader,40dfe9afce8ef.tickets
monerodownloader,40dfe9afce8ef.blackfriday
monerodownloader,40dfe9afce8ef.hosting
monerodownloader,40dfe9afce8ef.feedback
monerodownloader,82de6ed026ce5.org
monerodownloader,82de6ed026ce5.tickets
monerodownloader,82de6ed026ce5.blackfriday
monerodownloader,82de6ed026ce5.hosting
monerodownloader,82de6ed026ce5.feedback
monerodownloader,24804e0ae7162.org
monerodownloader,24804e0ae7162.tickets
monerodownloader,24804e0ae7162.blackfriday
monerodownloader,24804e0ae7162.hosting
monerodownloader,24804e0ae7162.feedback
monerodownloader,f96c25a6ea892.org
monerodownloader,f96c25a6ea892.tickets
monerodownloader,f96c25a6ea892.blackfriday
monerodownloader,f96c25a6ea892.hosting
monerodownloader,f96c25a6ea892.feedback
monerodownloader,8845399bef75d.org
monerodownloader,8845399bef75d.tickets
monerodownloader,8845399bef75d.blackfriday
monerodownloader,8845399bef75d.hosting
monerodownloader,8845399bef75d.feedback
monerodownloader,3efd684e2183d.org
monerodownloader,3efd684e2183d.tickets
monerodownloader,3efd684e2183d.blackfriday
monerodownloader,3efd684e2183d.hosting
monerodownloader,3efd684e2183d.feedback
monerodownloader,b3c68028ef847.org
monerodownloader,b3c68028ef847.tickets
monerodownloader,b3c68028ef847.blackfriday
monerodownloader,b3c68028ef847.hosting
monerodownloader,b3c68028ef847.feedback
monerodownloader,1f1ce0e467dce.org
monerodownloader,1f1ce0e467dce.tickets
monerodownloader,1f1ce0e467dce.blackfriday
monerodownloader,1f1ce0e467dce.hosting
monerodownloader,1f1ce0e467dce.feedback
monerodownloader,749f3a102febb.org
monerodownloader,749f3a102febb.tickets
monerodownloader,749f3a102febb.blackfriday
monerodownloader,749f3a102febb.hosting
monerodownloader,749f3a102febb.feedback
monerodownloader,fe27eaa0f64fa.org
monerodownloader,fe27eaa0f64fa.tickets
monerodownloader,fe27eaa0f64fa.blackfriday
monerodownloader,fe27eaa0f64fa.hosting
monerodownloader,fe27eaa0f64fa.feedback
monerodownloader,86b36c4b4e636.org
monerodownloader,86b36c4b4e636.tickets
monerodownloader,86b36c4b4e636.blackfriday
monerodownloader,86b36c4b4e636.hosting
monerodownloader,86b36c4b4e636.feedback
monerodownloader,43bcb76caa111.org
monerodownloader,43bcb76caa111.tickets
monerodownloader,43bcb76caa111.blackfriday
monerodownloader,43bcb76caa111.hosting
monerodownloader,43bcb76caa111.feedback
monerodownloader,4a0a6af6a31d3.org
monerodownloader,4a0a6af6a31d3.tickets
monerodownloader,4a0a6af6a31d3.blackfriday
monerodownloader,4a0a6af6a31d3.hosting
monerodownloader,4a0a6af6a31d3.feedback
monerodownloader,c1f4b5b38de8a.org
monerodownloader,c1f4b5b38de8a.tickets
monerodownloader,c1f4b5b38de8a.blackfriday
monerodownloader,c1f4b5b38de8a.hosting
monerodownloader,c1f4b5b38de8a.feedback
monerodownloader,3b2fb8c263525.org
monerodownloader,3b2fb8c263525.tickets
monerodownloader,3b2fb8c263525.blackfriday
monerodownloader,3b2fb8c263525.hosting
monerodownloader,3b2fb8c263525.feedback
monerodownloader,96f66f0054a03.org
monerodownloader,96f66f0054a03.tickets
monerodownloader,96f66f0054a03.blackfriday
monerodownloader,96f66f0054a03.hosting
monerodownloader,96f66f0054a03.feedback
monerodownloader,a4154afd2ba61.org
monerodownloader,a4154afd2ba61.tickets
monerodownloader,a4154afd2ba61.blackfriday
monerodownloader,a4154afd2ba61.hosting
monerodownloader,a4154afd2ba61.feedback
monerodownloader,04b4fc712f5aa.org
monerodownloader,04b4fc712f5aa.tickets
monerodownloader,04b4fc712f5aa.blackfriday
monerodownloader,04b4fc712f5aa.hosting
monerodownloader,04b4fc712f5aa.feedback
monerodownloader,14ea0b0de6e78.org
monerodownloader,14ea0b0de6e78.tickets
monerodownloader,14ea0b0de6e78.blackfriday
monerodownloader,14ea0b0de6e78.hosting
monerodownloader,14ea0b0de6e78.feedback
monerodownloader,d5d5b443debc0.org
monerodownloader,d5d5b443debc0.tickets
monerodownloader,d5d5b443debc0.blackfriday
monerodownloader,d5d5b443debc0.hosting
monerodownloader,d5d5b443debc0.feedback
monerodownloader,226dd4e4dfbcc.org
monerodownloader,226dd4e4dfbcc.tickets
monerodownloader,226dd4e4dfbcc.blackfriday
monerodownloader,226dd4e4dfbcc.hosting
monerodownloader,226dd4e4dfbcc.feedback
monerodownloader,6cb5ced0105c5.org
monerodownloader,6cb5ced0105c5.tickets
monerodownloader,6cb5ced0105c5.blackfriday
monerodownloader,6cb5ced0105c5.hosting
monerodownloader,6cb5ced0105c5.feedback
monerodownloader,b476e967049dc.org
monerodownloader,b476e967049dc.tickets
monerodownloader,b476e967049dc.blackfriday
monerodownloader,b476e967049dc.hosting
monerodownloader,b476e967049dc.feedback
monerodownloader,dbae030bf4f4d.org
monerodownloader,dbae030bf4f4d.tickets
monerodownloader,dbae030bf4f4d.blackfriday
monerodownloader,dbae030bf4f4d.hosting
monerodownloader,dbae030bf4f4d.feedback
monerodownloader,410e1b3ae14ac.org
monerodownloader,410e1b3ae14ac.tickets
monerodownloader,410e1b3ae14ac.blackfriday
monerodownloader,410e1b3ae14ac.hosting
monerodownloader,410e1b3ae14ac.feedback
monerodownloader,66545785bd8c3.org
monerodownloader,66545785bd8c3.tickets
monerodownloader,66545785bd8c3.blackfriday
monerodownloader,66545785bd8c3.hosting
monerodownloader,66545785bd8c3.feedback
monerodownloader,3a89d26d60730.org
monerodownloader,3a89d26d60730.tickets
monerodownloader,3a89d26d60730.blackfriday
monerodownloader,3a89d26d60730.hosting
monerodownloader,3a89d26d60730.feedback
monerodownloader,7dddc777ea05d.org
monerodownloader,7dddc777ea05d.tickets
monerodownloader,7dddc777ea05d.blackfriday
monerodownloader,7dddc777ea05d.hosting
monerodownloader,7dddc777ea05d.feedback
monerodownloader,3a993ef60aca4.org
monerodownloader,3a993ef60aca4.tickets
monerodownloader,3a993ef60aca4.blackfriday
monerodownloader,3a993ef60aca4.hosting
monerodownloader,3a993ef60aca4.feedback
monerodownloader,615bb60b26d73.org
monerodownloader,615bb60b26d73.tickets
monerodownloader,615bb60b26d73.blackfriday
monerodownloader,615bb60b26d73.hosting
monerodownloader,615bb60b26d73.feedback
monerodownloader,087fa89756c6c.org
monerodownloader,087fa89756c6c.tickets
monerodownloader,087fa89756c6c.blackfriday
monerodownloader,087fa89756c6c.hosting
monerodownloader,087fa89756c6c.feedback
monerodownloader,bebe2be7f9b45.org
monerodownloader,bebe2be7f9b45.tickets
monerodownloader,bebe2be7f9b45.blackfriday
monerodownloader,bebe2be7f9b45.hosting
monerodownloader,bebe2be7f9b45.feedback
monerodownloader,ed3d53ec6af06.org
monerodownloader,ed3d53ec6af06.tickets
monerodownloader,ed3d53ec6af06.blackfriday
monerodownloader,ed3d53ec6af06.hosting
monerodownloader,ed3d53ec6af06.feedback
monerodownloader,bcc1c59616ba7.org
monerodownloader,bcc1c59616ba7.tickets
monerodownloader,bcc1c59616ba7.blackfriday
monerodownloader,bcc1c59616ba7.hosting
monerodownloader,bcc1c59616ba7.feedback
monerodownloader,f5e90bd4b4ec6.org
monerodownloader,f5e90bd4b4ec6.tickets
monerodownloader,f5e90bd4b4ec6.blackfriday
monerodownloader,f5e90bd4b4ec6.hosting
monerodownloader,f5e90bd4b4ec6.feedback
monerodownloader,6e6ef9a341350.org
monerodownloader,6e6ef9a341350.tickets
monerodownloader,6e6ef9a341350.blackfriday
monerodownloader,6e6ef9a341350.hosting
monerodownloader,6e6ef9a341350.feedback
monerodownloader,624d6ebb9f8da.org
monerodownloader,624d6ebb9f8da.tickets
monerodownloader,624d6ebb9f8da.blackfriday
monerodownloader,624d6ebb9f8da.hosting
monerodownloader,624d6ebb9f8da.feedback
monerodownloader,174b807e0e749.org
monerodownloader,174b807e0e749.tickets
monerodownloader,174b807e0e749.blackfriday
monerodownloader,174b807e0e749.hosting
monerodownloader,174b807e0e749.feedback
monerodownloader,dc5448999fcae.org
monerodownloader,dc5448999fcae.tickets
monerodownloader,dc5448999fcae.blackfriday
monerodownloader,dc5448999fcae.hosting
monerodownloader,dc5448999fcae.feedback
monerodownloader,d4cd9432858cc.org
monerodownloader,d4cd9432858cc.tickets
monerodownloader,d4cd9432858cc.blackfriday
monerodownloader,d4cd9432858cc.hosting
monerodownloader,d4cd9432858cc.feedback
monerodownloader,cc8da3552eb39.org
monerodownloader,cc8da3552eb39.tickets
monerodownloader,cc8da3552eb39.blackfriday
monerodownloader,cc8da3552eb39.hosting
monerodownloader,cc8da3552eb39.feedback
monerodownloader,62f97e93d76ee.org
monerodownloader,62f97e93d76ee.tickets
monerodownloader,62f97e93d76ee.blackfriday
monerodownloader,62f97e93d76ee.hosting
monerodownloader,62f97e93d76ee.feedback
monerodownloader,04a8d33ced176.org
monerodownloader,04a8d33ced176.tickets
monerodownloader,04a8d33ced176.blackfriday
monerodownloader,04a8d33ced176.hosting
monerodownloader,04a8d33ced176.feedback
monerodownloader,7af3f953d40d2.org
monerodownloader,7af3f953d40d2.tickets
monerodownloader,7af3f953d40d2.blackfriday
monerodownloader,7af3f953d40d2.hosting
monerodownloader,7af3f953d40d2.feedback
monerodownloader,ed7e8c6d850a6.org
monerodownloader,ed7e8c6d850a6.tickets
monerodownloader,ed7e8c6d850a6.blackfriday
monerodownloader,ed7e8c6d850a6.hosting
monerodownloader,ed7e8c6d850a6.feedback
monerodownloader,6ac58fcc16589.org
monerodownloader,6ac58fcc16589.tickets
monerodownloader,6ac58fcc16589.blackfriday
monerodownloader,6ac58fcc16589.hosting
monerodownloader,6ac58fcc16589.feedback
monerodownloader,36aee19265ad4.org
monerodownloader,36aee19265ad4.tickets
monerodownloader,36aee19265ad4.blackfriday
monerodownloader,36aee19265ad4.hosting
monerodownloader,36aee19265ad4.feedback
monerodownloader,49a994f821185.org
monerodownloader,49a994f821185.tickets
monerodownloader,49a994f821185.blackfriday
monerodownloader,49a994f821185.hosting
monerodownloader,49a994f821185.feedback
monerodownloader,17c262ac9ef8a.org
monerodownloader,17c262ac9ef8a.tickets
monerodownloader,17c262ac9ef8a.blackfriday
monerodownloader,17c262ac9ef8a.hosting
monerodownloader,17c262ac9ef8a.feedback
monerodownloader,d4c395fb30097.org
monerodownloader,d4c395fb30097.tickets
monerodownloader,d4c395fb30097.blackfriday
monerodownloader,d4c395fb30097.hosting
monerodownloader,d4c395fb30097.feedback
monerodownloader,8805270054700.org
monerodownloader,8805270054700.tickets
monerodownloader,8805270054700.blackfriday
monerodownloader,8805270054700.hosting
monerodownloader,8805270054700.feedback
monerodownloader,0f59ae281fb03.org
monerodownloader,0f59ae281fb03.tickets
monerodownloader,0f59ae281fb03.blackfriday
monerodownloader,0f59ae281fb03.hosting
monerodownloader,0f59ae281fb03.feedback
monerodownloader,d2b225a282dee.org
monerodownloader,d2b225a282dee.tickets
monerodownloader,d2b225a282dee.blackfriday
monerodownloader,d2b225a282dee.hosting
monerodownloader,d2b225a282dee.feedback
monerodownloader,8893bc0392e34.org
monerodownloader,8893bc0392e34.tickets
monerodownloader,8893bc0392e34.blackfriday
monerodownloader,8893bc0392e34.hosting
monerodownloader,8893bc0392e34.feedback
monerodownloader,a68d5a419425e.org
monerodownloader,a68d5a419425e.tickets
monerodownloader,a68d5a419425e.blackfriday
monerodownloader,a68d5a419425e.hosting
monerodownloader,a68d5a419425e.feedback
monerodownloader,2834c1751b918.org
monerodownloader,2834c1751b918.tickets
monerodownloader,2834c1751b918.blackfriday
monerodownloader,2834c1751b918.hosting
monerodownloader,2834c1751b918.feedback
monerodownloader,ccb0e9d644791.org
monerodownloader,ccb0e9d644791.tickets
monerodownloader,ccb0e9d644791.blackfriday
monerodownloader,ccb0e9d644791.hosting
monerodownloader,ccb0e9d644791.feedback
monerodownloader,5a6d59dd31036.org
monerodownloader,5a6d59dd31036.tickets
monerodownloader,5a6d59dd31036.blackfriday
monerodownloader,5a6d59dd31036.hosting
monerodownloader,5a6d59dd31036.feedback
monerodownloader,dc18f2dba1be7.org
monerodownloader,dc18f2dba1be7.tickets
monerodownloader,dc18f2dba1be7.blackfriday
monerodownloader,dc18f2dba1be7.hosting
monerodownloader,dc18f2dba1be7.feedback
monerodownloader,ee6368a925b31.org
monerodownloader,ee6368a925b31.tickets
monerodownloader,ee6368a925b31.blackfriday
monerodownloader,ee6368a925b31.hosting
monerodownloader,ee6368a925b31.feedback
monerodownloader,cf255e22dca3b.org
monerodownloader,cf255e22dca3b.tickets
monerodownloader,cf255e22dca3b.blackfriday
monerodownloader,cf255e22dca3b.hosting
monerodownloader,cf255e22dca3b.feedback
monerodownloader,2e469f08dfa5f.org
monerodownloader,2e469f08dfa5f.tickets
monerodownloader,2e469f08dfa5f.blackfriday
monerodownloader,2e469f08dfa5f.hosting
monerodownloader,2e469f08dfa5f.feedback
monerodownloader,9a6b45b94163c.org
monerodownloader,9a6b45b94163c.tickets
monerodownloader,9a6b45b94163c.blackfriday
monerodownloader,9a6b45b94163c.hosting
monerodownloader,9a6b45b94163c.feedback
monerodownloader,872b2974b52f4.org
monerodownloader,872b2974b52f4.tickets
monerodownloader,872b2974b52f4.blackfriday
monerodownloader,872b2974b52f4.hosting
monerodownloader,872b2974b52f4.feedback
monerodownloader,86a6bc9bb6c17.org
monerodownloader,86a6bc9bb6c17.tickets
monerodownloader,86a6bc9bb6c17.blackfriday
monerodownloader,86a6bc9bb6c17.hosting
monerodownloader,86a6bc9bb6c17.feedback
monerodownloader,bdcebfad6f7ce.org
monerodownloader,bdcebfad6f7ce.tickets
monerodownloader,bdcebfad6f7ce.blackfriday
monerodownloader,bdcebfad6f7ce.hosting
monerodownloader,bdcebfad6f7ce.feedback
monerodownloader,4ee7db871d7af.org
monerodownloader,4ee7db871d7af.tickets
monerodownloader,4ee7db871d7af.blackfriday
monerodownloader,4ee7db871d7af.hosting
monerodownloader,4ee7db871d7af.feedback
monerodownloader,6859e9400192b.org
monerodownloader,6859e9400192b.tickets
monerodownloader,6859e9400192b.blackfriday
monerodownloader,6859e9400192b.hosting
monerodownloader,6859e9400192b.feedback
monerodownloader,8d4e935fc2d18.org
monerodownloader,8d4e935fc2d18.tickets
monerodownloader,8d4e935fc2d18.blackfriday
monerodownloader,8d4e935fc2d18.hosting
monerodownloader,8d4e935fc2d18.feedback
monerodownloader,6fbb55ac86204.org
monerodownloader,6fbb55ac86204.tickets
monerodownloader,6fbb55ac86204.blackfriday
monerodownloader,6fbb55ac86204.hosting
monerodownloader,6fbb55ac86204.feedback
monerodownloader,df4f6d17d6e20.org
monerodownloader,df4f6d17d6e20.tickets
monerodownloader,df4f6d17d6e20.blackfriday
monerodownloader,df4f6d17d6e20.hosting
monerodownloader,df4f6d17d6e20.feedback
monerodownloader,d96be64275e77.org
monerodownloader,d96be64275e77.tickets
monerodownloader,d96be64275e77.blackfriday
monerodownloader,d96be64275e77.hosting
monerodownloader,d96be64275e77.feedback
mydoom,shahhhraen.biz
mydoom,phwhnehmrn.in
mydoom,wepemahwws.in
mydoom,qswqphhaqh.info
mydoom,wnpnnehqsn.in
mydoom,asmaasmenh.com
mydoom,sqqpnqhnah.biz
mydoom,rahaqphawh.org
mydoom,hpemrashns.net
mydoom,npprmmhasn.us
mydoom,eaepqmsarn.ws
mydoom,aaeaerhnsr.com
mydoom,ehanrsepan.ws
mydoom,qarappwmha.info
mydoom,mqrenqrhnh.in
mydoom,qmqaaaeapa.info
mydoom,hrewaraama.net
mydoom,psqarqqqes.in
mydoom,hmwwwmmsqn.net
mydoom,aqqmswqrnr.com
mydoom,wnnmeassnh.in
mydoom,rsaaehnrsa.org
mydoom,erpswsesrs.ws
mydoom,aqwmapahnn.com
mydoom,hrmrwamwsr.net
mydoom,phwqnssewh.in
mydoom,eahewsspsn.ws
mydoom,pnqraphpaa.in
mydoom,ehrqprrqmh.ws
mydoom,npeneaewrn.us
mydoom,snawnahrwh.biz
mydoom,rnapwanams.org
mydoom,hrmmswmspa.net
mydoom,rhphqesqmn.org
mydoom,wsppqaqman.in
mydoom,nmqwesparh.us
mydoom,hppshmnmaa.net
mydoom,nqannhrsma.us
mydoom,sqamswwqsr.biz
mydoom,rphaswnewh.org
mydoom,sswhsqmpas.biz
mydoom,qnawseqmpn.info
mydoom,sprwreppps.biz
mydoom,nmahhssaws.us
mydoom,ehnhmprnsn.ws
mydoom,qneeqpnmnh.info
mydoom,eaqaramnss.ws
mydoom,qmrmqmqrpn.info
mydoom,hnanmsprwa.net
mydoom,aenphmphwh.com
mydoom,wnshehamhh.in
mydoom,remrpqpseh.org
mydoom,hwnppemeea.net
mydoom,pnaqheqnsa.in
mydoom,mwhnpqrmrn.in
mydoom,pwramqmsms.in
mydoom,hmamsmwhar.net
mydoom,pqshhpemrn.in
mydoom,wpqqhhspps.in
mydoom,nqenrpwpeh.us
mydoom,spawwehsrs.biz
mydoom,ppeseaqmms.in
mydoom,msarphnewh.in
mydoom,pwqpewwahh.in
mydoom,hmparqsaqa.net
mydoom,qsqpspspqn.info
mydoom,haearrsqhn.net
mydoom,qnrnwnwaas.info
mydoom,weaeprawra.in
mydoom,qmhqeesawh.info
mydoom,ssnsphrnws.biz
mydoom,aewrhprres.com
mydoom,mpehqsqwmn.in
mydoom,rnrmmnpnpn.org
mydoom,mwaaemmnhn.in
mydoom,asnrrsamsa.com
mydoom,whmrraawha.in
mydoom,qmsaspnsna.info
mydoom,hnehqqwwrs.net
mydoom,qppamspwhs.info
mydoom,weeqshswms.in
mydoom,aanparshnh.com
mydoom,hpeqherars.net
mydoom,nnhhneqnrh.us
mydoom,saanqmaqpn.biz
mydoom,armahmrsaa.com
mydoom,wqahhaqenh.in
mydoom,aharwhphnh.com
mydoom,mnrepmepar.in
mydoom,apqhwmnqrh.com
mydoom,mehsnsamha.in
mydoom,qqpqwehwah.info
mydoom,sqmswpnqws.biz
mydoom,pqarnhhhhn.in
mydoom,hqepnmqewn.net
mydoom,rsrsemnren.org
mydoom,spewqmspma.biz
mydoom,rahhhqwqqa.org
mydoom,empewsqsqa.ws
mydoom,shpqsasmrn.biz
mydoom,rmhhhmswqh.org
mydoom,whenaeqsar.in
mydoom,pqarseshhn.in
mydoom,meahewphwa.in
mydoom,psmrewwhhh.in
mydoom,hmpasnpmas.net
mydoom,raheepmpnn.org
mydoom,mwpmmeshma.in
mydoom,rwqmwaahsa.org
mydoom,snshrmsmmh.biz
mydoom,qmmmshpqan.info
mydoom,sephpsappn.biz
mydoom,qpnrsrhean.info
mydoom,hmaeshmwmh.net
mydoom,anmmemmqms.com
mydoom,swrhaapnnr.biz
mydoom,ampsqhrras.com
mydoom,hemqhqaema.net
mydoom,nhmqhmsrph.us
mydoom,shwwnharma.biz
mydoom,namrhepwnn.us
mydoom,wwqeemeesr.in
mydoom,prnaqpsqar.in
mydoom,memmshersa.in
mydoom,rwneseeers.org
mydoom,enahmnhqah.ws
mydoom,nmnhwanmwh.us
mydoom,shmsemwams.biz
mydoom,nnrhanmhwn.us
mydoom,hsqrpmnhwa.net
mydoom,pnhhpawqpa.in
mydoom,hpeemnapan.net
mydoom,amnrsmaaqh.com
mydoom,erwrahwnhs.ws
mydoom,prmnsewqws.in
mydoom,mhwrraqnwa.in
mydoom,pswmhhehwn.in
mydoom,snrhmanqhh.biz
mydoom,qmasphhsah.info
mydoom,emasqpamqs.ws
mydoom,qpsnmphmhn.info
mydoom,eaehanqhsr.ws
mydoom,pnpnsrnear.in
mydoom,ssrnpwprpn.biz
mydoom,qaqamrhnhh.info
mydoom,sphsmrhwha.biz
mydoom,qhsmqqhnsh.info
mydoom,hqrqwrpmhh.net
mydoom,aenenenqsa.com
mydoom,shqaawwwrn.biz
mydoom,rewewheeea.org
mydoom,snmsrmrqms.biz
mydoom,anrsrqmeas.com
mydoom,wpeaempaqh.in
mydoom,qnmparqsrh.info
mydoom,snraqwwqrh.biz
mydoom,rahaepewpa.org
mydoom,ewsaesnhqa.ws
mydoom,nqwshssern.us
mydoom,srraemqpns.biz
mydoom,nmrmpshsaa.us
mydoom,wqqennewqh.in
mydoom,qqsprmpawh.info
mydoom,snrwhamnra.biz
mydoom,rrsmsmrhsh.org
mydoom,hasnhqaqnh.net
mydoom,nqshpannea.us
mydoom,marhqnqweh.in
mydoom,ranreswhrh.org
mydoom,shehqerqmn.biz
mydoom,rmrnewmssa.org
mydoom,hsnnwwsaqn.net
mydoom,arrhrmwmes.com
mydoom,swnnheqara.biz
mydoom,qasswprerh.info
mydoom,erwasrermh.ws
mydoom,aqqrwheanh.com
mydoom,hnwrphqrsr.net
mydoom,nqnrehhaah.us
mydoom,saemamwsan.biz
mydoom,pnmeeawnsr.in
mydoom,hnnswparhh.net
mydoom,qrwrqnarnr.info
mydoom,hwqarepeea.net
mydoom,ranpqpqnsa.org
mydoom,emewesmehs.ws
mydoom,pwaamhsqna.in
mydoom,spwwqrqeen.biz
mydoom,papsearwnn.in
mydoom,mwrpasnmnn.in
mydoom,qrhwqnsmps.info
mydoom,hhnnmpppan.net
mydoom,pqnenwpasn.in
mydoom,wpeswqnweh.in
mydoom,qpqessrehh.info
mydoom,hermamnsmh.net
mydoom,qwwpqhaarh.info
mydoom,waqhmwhews.in
mydoom,qremwasppa.info
mydoom,qahnehmprn.info
mydoom,mpqhqhnpnh.in
mydoom,aamnawewas.com
mydoom,wpmmnenwsn.in
mydoom,rwemqnswsn.org
mydoom,wmssqhqnsa.in
mydoom,nhnpppsreh.us
mydoom,smeewmmrqn.biz
mydoom,rshneqsrah.org
mydoom,mqewahpwsr.in
mydoom,aahqanhran.com
mydoom,msrsrannrh.in
mydoom,pwarqemwmn.in
mydoom,snaqehaqnn.biz
mydoom,nwrmeqpmmn.us
mydoom,swrhqahqnr.biz
mydoom,phsssnaweh.in
mydoom,mrawwamwma.in
mydoom,anprmshqmh.com
mydoom,wawnrnhhaa.in
mydoom,ahammawqnn.com
mydoom,mrwawsqesr.in
mydoom,rpspnhwwns.org
mydoom,wrqawphewh.in
mydoom,nppwqaqhmh.us
mydoom,sarpsmneph.biz
mydoom,apshanmpra.com
mydoom,smrasewmra.biz
mydoom,nrmqnqrnwn.us
mydoom,wswwqpwpaa.in
mydoom,aqmnsnraen.com
mydoom,mwaphpaana.in
mydoom,phewqpwhnn.in
mydoom,whepwrqmma.in
mydoom,qmwhqeesmh.info
mydoom,wqnhahmman.in
mydoom,pewreanrhs.in
mydoom,whpwhpmmrh.in
mydoom,pnssqnpmwh.in
mydoom,hnarmarphn.net
mydoom,nrppewmhpn.us
mydoom,hmmrhmwqpn.net
mydoom,prmeapnhws.in
mydoom,ehnpqmsqqs.ws
mydoom,pmmhsmrena.in
mydoom,srwpshwnhh.biz
mydoom,ppnnarhqmn.in
mydoom,esrpmmshnr.ws
mydoom,npnmrsmssn.us
mydoom,wmammqqhmn.in
necurs,vbwvloijq.mn
necurs,jkgigecdtwry.tw
necurs,vsoohcwqbydfruanyajr.so
necurs,rrdnotxuodbhguproe.biz
necurs,dmtvroqjeoyeaylna.nf
necurs,ithclamxhkjerivj.tw
necurs,fcxutnnkjiyrkbix.in
necurs,qgjeqjpilkjsvowo.cc
necurs,ruxkunh.la
necurs,glekbubxhhv.mx
necurs,sibcusjeqa.ga
necurs,cplihtvyiet.com
necurs,nojhtdjcbiqtclvvdy.ga
necurs,uvrosnoqapipynfeehs.cx
necurs,sdvrjcgvqjl.us
necurs,nflobixjrmlsfoaafbmxu.la
necurs,sapquvnifj.sc
necurs,qwhhhsccttduttka.pro
necurs,akopghp.cm
necurs,cnsmtyojaysg.ir
necurs,eqitvywuqnislwohntaex.sc
necurs,lyqilrlwa.ug
necurs,ndcoxamvfeetgbhjewm.ga
necurs,kshdmeqmyiolgaekyr.ac
necurs,qboxqwohb.nf
necurs,sseldfuxpruwfqcyskan.bz
necurs,kklqqkdtrsueqwf.la
necurs,mhsuiejvskbexbppkmye.kz
necurs,hglmjtkpqcgw.co
necurs,gcdwpwpwogly.ms
necurs,lbpdvoryivbprdvx.ms
necurs,agoylvnygplb.me
necurs,nvmldrdnmd.de
necurs,mfpmhdcfjnxtdrdkd.su
necurs,hogfpmupkoqfa.tj
necurs,cdnnfcnwiixdfqwsh.co
necurs,ltifthdkwfklxk.com
necurs,vxgcssrcekvukcv.tv
necurs,ajxouleuhlobewl.ga
necurs,hwvdfmi.ir
necurs,hltxngrrbihwglrsml.xxx
necurs,elwooxslgoqhfcfuogb.ir
necurs,pkwjvycynqyrmyuxtcq.cm
necurs,hfhdnhhlqujchimhlt.ac
necurs,ypvygldiqaxxjihht.ms
necurs,rnkunkcddmvprmc.jp
necurs,jivfhympkoa.in
necurs,fxsfhtsemalaayl.ki
necurs,urvhxebsqyu.ir
necurs,nfbtufwwrdxgtjgmiciv.sx
necurs,hqfdidcmebc.la
necurs,gyweacsqfin.ga
necurs,bjyrshoeqk.jp
necurs,kiygjxvoj.ms
necurs,wojoysi.ki
necurs,nvuvdarosjjeixaiip.ga
necurs,soihudvdcwajnsphe.net
necurs,sxqydjruhecqo.cc
necurs,ufkwejouthgyxmdrnosor.net
necurs,ulaixitvsounbfbat.biz
necurs,tknxlevrolroytdl.so
necurs,armvasxejydi.jp
necurs,awdxgiroqxdg.biz
necurs,leodkknkaeertlrdusxht.nf
necurs,rfytrdaffclujwsdbcv.de
necurs,yhpklvxtjovulxoxikx.xxx
necurs,kfuhpxionavinhdk.ug
necurs,dlbyaabg.mn
necurs,ackxkksstahc.ru
necurs,kbpjymvryaoynirljoif.de
necurs,gnmdtagt.cm
necurs,niycgvwmtiejqqpfxhh.cm
necurs,hveapenpnicbjufkofc.bit
necurs,iedhexwtbulxstnn.im
necurs,onyfafxapjd.nu
necurs,imxiechtfjgmxdgphhvgv.ug
necurs,ykumfauieiacyywu.biz
necurs,xhccniapd.kz
necurs,rwemkpc.xxx
necurs,kencvevqobroaemyslx.com
necurs,xtvrchopgpsmbcwde.co
necurs,bijyhnopsuewg.to
necurs,fjhvoakbbymbwvubvr.ru
necurs,fmgfliow.net
necurs,gtupisslmijwymgeuaynr.us
necurs,mfngvldvvvlqqpghe.ki
necurs,utjasfbubldptofeeo.com
necurs,xbswxlk.biz
necurs,orrvjhrqr.biz
necurs,xucydiq.su
necurs,ljkebdekbxbpjawng.in
necurs,ajgnwnl.us
necurs,nktgrav.tv
necurs,wmaieinoywdwxikcgakyf.de
necurs,nibllpffnffiymvplnmni.sh
necurs,gofspxuwl.nf
necurs,kreetpxigmtjntykkf.cc
necurs,tbsefndxeadqxghkyyw.so
necurs,fclnbckqxrxhmr.ac
necurs,ipmmaljlbsxlatjmh.ug
necurs,lbnxfxomj.tv
necurs,vmdotff.in
necurs,rddcmmqvempiwrsnorbp.ir
necurs,jcahsakxqk.cx
necurs,ioteibgxkqspsjmrgsl.sc
necurs,quvpivkmcx.org
necurs,yncgunphu.xxx
necurs,otosvlfw.cc
necurs,kagxwyvbekytanxlb.sc
necurs,hshdtlilsdwvgplwjvfq.ms
necurs,prnnkinlglfertfch.pw
necurs,mlacxibavcujmnbici.biz
necurs,axdejahlpucdbni.bit
necurs,nqqqmaohgbue.tv
necurs,hgerels.nu
necurs,tisphhlssfc.in
necurs,amixjugkhygm.sx
necurs,tvldqgmogkxy.ac
necurs,rkabdguvpgwmns.ug
necurs,vqsrmwwyjxjmkgp.nu
necurs,hlxnxkhecjasgkhjfn.org
necurs,ckswaihnfuerbushi.kz
necurs,epebprjjcoco.de
necurs,rmemogukej.cc
necurs,ilefrrodghemicuvppxib.nf
necurs,qdcwmyxeeprvpp.to
necurs,barxjein.mn
necurs,vddmlckouaeknev.cc
necurs,xmhcjisaiwxehuddk.so
necurs,wryyqyapgmiuo.im
necurs,nikxjjuqun.sc
necurs,aydrdbnfemkyrqun.cc
necurs,kjjubrwtovsmxcjrgnrq.org
necurs,njbqlqmaukjwsqgwv.jp
necurs,jtjjyewkhbdablckaxq.com
necurs,bjsdhajhnsbkxjlemxld.tw
necurs,vkgcgfvqgrdkfbkbekgi.pw
necurs,asdklqr.net
necurs,oubflmipnkjqsn.cc
necurs,eywvwuvimw.sh
necurs,xsqusgdruroer.xxx
necurs,tsqvpdgiicgqeo.org
necurs,uyogppokukyjjwqfo.ac
necurs,wagvkhunirjlkkci.mx
necurs,opbopxurixnjyi.cm
necurs,ywyovepmjuicpsiuj.eu
necurs,borqwvxmvqrihhtbx.ug
necurs,ydrbexygjnckorw.ug
necurs,riscjpxakt.tj
necurs,wormwihvrbgpjnvwhjywb.la
necurs,lskgknbplvnttcyxkyi.tj
necurs,eieeqrdeemeayttfrkgk.so
necurs,twtkbnubkpceoioggmn.cm
necurs,nagbhhrnyn.me
necurs,hatilicakjeluillcsivm.sh
necurs,dvsgpjpddumewiehw.ir
necurs,twgtioecel.ru
necurs,msoxnaqemgifpyvhxgemr.kz
necurs,rqdbfnudbeda.sc
necurs,xvuggma.nf
necurs,faxemse.pro
necurs,rbikjkycfb.biz
necurs,rwgemkpsuseniv.cx
necurs,erecetbryl.com
necurs,ynloplygbmh.pw
necurs,qxucqioivostlxl.us
necurs,qphjbsowj.kz
necurs,pxeulhl.jp
necurs,urcnaiyskf.im
necurs,rwfwlvkxfxsr.tw
necurs,xxpfhosyecv.la
necurs,igkhassghpa.to
necurs,llxewbw.ug
necurs,xceahljc.im
necurs,sfhuklavjletihs.co
necurs,nqxhewwgskkt.ga
necurs,aajohsrjthcskxxaxrq.in
necurs,xmqmgnjoxx.la
necurs,ckrxcqqsngq.eu
necurs,gjjkjkrhvklqc.bz
necurs,dhshuuichadga.nu
necurs,rdvvimiqyh.la
necurs,cvuomugkehw.ir
necurs,jbwrehheg.pro
necurs,xvhewxabspdexymiqyaip.cx
necurs,koasgidsnvb.ms
necurs,oobjdlpwwylbxatg.mn
necurs,uspyofhjc.sh
necurs,cnpwsdhfwwioxeafld.sc
necurs,bomknxkpycrpo.cx
necurs,omdbxgltaey.cc
necurs,vqehuhcdtsdmiasw.xxx
necurs,hltuwqk.ru
necurs,xjxkurqmce.sx
necurs,vxhhafbdvpsinseshglhi.to
necurs,mmdxjfpyifqf.tj
necurs,lljhnaygpcffev.biz
necurs,gomarypjvqrklyx.ga
necurs,pxjqpqyt.mx
necurs,dggiukuytppvavlphswx.bz
necurs,puguovhjhytbifdx.ga
necurs,neeitiguh.tw
necurs,cjwcxmdbyjs.tv
necurs,xbrbwkaytl.com
necurs,hrhyyseg.us
necurs,nuxbwugqgssludijhoye.la
necurs,caaelcbry.so
necurs,lhtghkvbnkqt.in
necurs,eygajjwvwy.nu
necurs,qqudstjwbsaqhk.com
necurs,pvfpsdjcyeaotsmm.im
necurs,cfmopdccdhltk.ru
necurs,xqqaprmoyfmnbqdciljo.la
necurs,rqcoiglyfqqfwocxt.ru
necurs,ycfhwfjjlajupihgxm.to
necurs,axblrgnycyjcvktwee.sh
necurs,kyuycltkgcmkauqxrlsr.to
necurs,bgnordfvmkyvgcfuyxk.ac
necurs,onekuydougyav.cx
necurs,ymonjkrcudpbtku.tj
necurs,xsocpiqvjlwncpxrrhhi.ki
necurs,urlvqmuheyayx.ms
necurs,bfjuptbghcbl.ki
necurs,arycsfvqeffpeylbigy.ir
necurs,ccqxjjmo.org
necurs,qhdopgvkongmuwrhfbd.me
necurs,ypqkfwfikhtbexvwvwnc.ga
necurs,ibqqmjbkqicrtnofdfv.cm
necurs,cofvfjtfdukvcfemykfvp.ki
necurs,kbbrnokmfqxlcukth.mn
necurs,pasxtnsgrxgdaiww.ir
necurs,usjcrucdhtuk.nf
necurs,bkraqldddnx.in
necurs,nuqlandrhbtufaploryi.biz
necurs,ehtqgokttlx.mx
necurs,onantwftbalowhih.me
necurs,jwffxifpgu.la
necurs,ialmpndasyiqevi.su
necurs,qxqooudmceuchmfgqnds.mu
necurs,vqnpiufpthqh.bit
necurs,xsdiebm.org
necurs,cqanxva.nu
necurs,dckgnujvkkvbnjr.sh
necurs,ehimlbpbsepuqwarnxen.ki
necurs,hwotmlikukhaywox.nu
necurs,jsgbsnvmhmbivqb.im
necurs,llxuhshjqdnebgvpnbwkx.to
necurs,atiqipoixfpgldxuppo.bz
necurs,kkfthskkip.eu
necurs,gpqpfclagnrudnuerbtk.jp
necurs,rgmdjolceyl.su
necurs,sowbleygsvgaddo.us
necurs,mannodugxxo.pw
necurs,dvxcdfxt.sx
necurs,gawgrgtqumgb.ru
necurs,lgxrrwdhvjhiypfg.com
necurs,oltapkpbp.us
necurs,ieegdcobj.us
necurs,wxgcaajoxwnr.sx
necurs,crhkyfs.eu
necurs,ctlyelfjmiy.in
necurs,ionaubtixqnujsaitnbs.de
necurs,hddduqjfmubqulsc.sh
necurs,vhnceanuqqwbeu.to
necurs,unkcbuflggyuv.ga
necurs,ohwkljvnx.net
necurs,qqiqlidkuvhsk.ir
necurs,ebyyqysygrd.de
necurs,mwjquvy.us
necurs,iaogffenficeusylskbbt.cm
necurs,batdwljuwclscwsydk.pro
necurs,rorkngqpjkyixijticrap.ir
necurs,ufjtayg.im
necurs,nkvevlxdywcyeu.ms
necurs,qxvqxsye.bz
necurs,wnqlkschkogtylyyas.sx
necurs,khivlgbeyepnfiusoc.im
necurs,daiffiunxqaddrna.la
necurs,baujmoriopbdportki.tj
necurs,untqsyc.in
necurs,xfjscxdgr.tj
necurs,xhkyljrgtwfpkkxxvrrlr.ac
necurs,fnnxvyvxytwbbnppm.to
necurs,pueqnfuaw.sx
necurs,plsplsvqwcqvqi.ga
necurs,ldsrmvqerpswppihdaom.ug
necurs,faxasyyu.jp
necurs,rjgcpjo.cx
necurs,reanxoxetcachvmcp.pro
necurs,gijouvnqabvsuj.biz
necurs,oxssvmqrnap.nu
necurs,jqqgqhhjgjexrdqys.nf
necurs,xhkecitqt.xxx
necurs,tgsosoopianyj.co
necurs,sfxeyywrunaofqt.sc
necurs,fepxpeaiifrtrpjynrks.de
necurs,mjhkobjknxwm.im
necurs,ldxnfbeqlrkaqtsdqn.cm
necurs,axmisccgohwnls.kz
necurs,ggxeigxmniymm.tj
necurs,xgscjlqtsjvvf.nf
necurs,tmlxxqhfymh.eu
necurs,qpqwoiheibyww.de
necurs,bsfmjioalhrmxbhypk.sx
necurs,bnusjgiwf.ms
necurs,wwlerydfpm.to
necurs,elfbutcoqyauvofhoxn.cc
necurs,kxgetrdqbxymvuvxhteu.mx
necurs,xatrsnwipgjbcsbe.to
necurs,kwtjuxrjxewixqyytrt.sc
necurs,cdtbbfkrthemdgpij.pw
necurs,lguqtifdyhlpfijawm.tv
necurs,bexvihxmwlobqqviqj.su
necurs,cenytrsclgqr.kz
necurs,iortcemxrhbtkuv.tv
necurs,vhodwlctvhtfmv.kz
necurs,ptbajfabujkxssr.xxx
necurs,upswxrqdirkekex.bit
necurs,nhxqxgx.im
necurs,plonwdtmqvolqdxwaof.su
necurs,wphjcludpruurm.cx
necurs,rcukyhmibth.tj
necurs,jvbambvnasmqhvns.la
necurs,jnjqeblbkbi.la
necurs,iltqilof.ac
necurs,omfsoxkg.kz
necurs,dibgxjmtxkv.nf
necurs,qrvdkdfuyfglvnxocvvt.sh
necurs,rpnqkveyaotpyqllpjk.so
necurs,bhfbmqwhdnbxvijp.sh
necurs,rrdxmggcsa.jp
necurs,dndlunvfijyvn.kz
necurs,ihwgpxwuc.in
necurs,wbdyqggxgpdqejvgve.co
necurs,ytimrqbsyp.im
necurs,ggcmfwyy.in
necurs,vhwbkghatsnojuwlpuyw.tj
necurs,bwoiylihccv.ms
necurs,orwtulgaksqyv.de
necurs,ivsawfvevriutwclp.de
necurs,efgbdvkyfodxowtgsqi.bit
necurs,jleukpygcvfvftbrebd.cc
necurs,urthvfkolntahfow.ga
necurs,ceusnifgvscynm.ug
necurs,nbvvksu.im
necurs,jarkdrd.ga
necurs,eackjwgulc.sx
necurs,yvqmvyhnvxwtogxqd.jp
necurs,bajdbqx.net
necurs,oplaegnaikoyvaaddckn.co
necurs,lumfvmntlhrbtwmf.tv
necurs,jtlagxesjbqhqohf.tw
necurs,pfrohhivsuxyytldiorcn.tv
necurs,atukyxxy.de
necurs,emxfofnophowtpvoof.cx
necurs,gnmvmuxumrjwop.cm
necurs,eggtshskeiiexnr.sx
necurs,ojpbydj.sc
necurs,orgixjtcdx.tw
necurs,kwskjjngyid.mx
necurs,ladwicbggjlemdrxoqytq.ug
necurs,otmrnxoaik.bz
necurs,uplydpvjyosauu.sc
necurs,dfhnlrbanr.cm
necurs,aavnton.ki
necurs,yycnigg.kz
necurs,opnxfaufcnpbuvon.nu
necurs,ajmynsyspbiql.jp
necurs,ixfolkuoruf.sh
necurs,expctxrygvm.tv
necurs,mavybaomxrerq.sx
necurs,tntcphclbhojghkvyh.de
necurs,mfjxqvrhbysxpjratxo.ki
necurs,csdnaksi.kz
necurs,iaqhigra.pw
necurs,bybjljavh.sx
necurs,daapfcucmndehxce.su
necurs,prqqpbwpvcy.sh
necurs,rkelggviair.biz
necurs,msylsicuw.nf
necurs,evnkperwtiqxsyjvdle.cx
necurs,oibhrxgrvpc.mu
necurs,wnkgmujset.sc
necurs,vcesxktxcyu.tv
necurs,kmamdvcdyuv.in
necurs,ybafekdgbrbsr.ac
necurs,chfbaqrbxuvnqbrkqaj.in
necurs,ufktqpfj.xxx
necurs,awkfhxgf.cc
necurs,flennccygxtdiuveo.mu
necurs,pslyhsie.cm
necurs,gsviwwdhslwuhweevu.mu
necurs,xkmjopusnig.biz
necurs,tdjjbtg.so
necurs,nhacqtsaib.kz
necurs,oypqlmlynktqtjfcmagwb.sc
necurs,amgklumf.net
necurs,vswinwr.cx
necurs,qpainvenbxha.xxx
necurs,ghblacbvnmi.com
necurs,rocoeeruhvjnli.su
necurs,enmvanxi.su
necurs,ojlsgwqbnd.com
necurs,hqrvjeqnabxlt.pw
necurs,adpulktlnutcqcextkkdm.cm
necurs,wfjkbspakewjbnymskm.bit
necurs,kdhekbckkbpytvk.ms
necurs,geflhha.biz
necurs,uvgscidoffwnktpfo.to
necurs,nqhomusiynracvwmppdi.so
necurs,vghajnjo.de
necurs,pjpmrqkhwndrtb.eu
necurs,hswruvommwyhxbqn.de
necurs,swjvsaoeuh.mu
necurs,cnrfslmr.net
necurs,yiidwdyywhcje.nu
necurs,vvxhqxjasppidmkqsx.bit
necurs,upjfwnym.xxx
necurs,caajajxms.pw
necurs,dgnmwri.kz
necurs,nihalbtyudbymtem.ki
necurs,sqpreiclgpanhmyhkheur.nf
necurs,uxdjqjitouedxuxwrf.ms
necurs,mknswmhafvyr.bz
necurs,unfpuogrmjrjjpisyy.tj
necurs,rrqmmbj.mn
necurs,ayieeyudjvacm.ms
necurs,wgwvppbxsyxwskhww.xxx
necurs,lhiyeeih.bz
necurs,fsujvivjyeixjwpe.sx
necurs,skebqegdlhnkosqsj.cm
necurs,ymwjggrtvgs.nu
necurs,ihttclghqmccsm.cm
necurs,qvgpsbnsg.tv
necurs,ysaffsamiblkjlgtmo.ac
necurs,jpsoacqds.cc
necurs,bhcgsmg.bit
necurs,fqhhgtuqal.jp
necurs,mlmkxoe.cc
necurs,uohqvjphhqpjdsxwkgc.in
necurs,wmjkgakgh.tw
necurs,ydcvxpdbxbukxsklycjd.la
necurs,xpnptlur.cc
necurs,euhqkmrtq.bit
necurs,xvykfuwrkraenhfpvhpc.cm
necurs,vuxubkkvmyhdmf.tv
necurs,nrjomkjsitik.sh
necurs,njaiomecdy.im
necurs,bntsxgbatdahxnjon.la
necurs,ngtstthv.mu
necurs,paqcittjurkadepnr.biz
necurs,jeqltpd.so
necurs,vnpbcvorbmfiqbdjrxas.org
necurs,uioxeacfytlmbknukf.in
necurs,vyywdifyihxgmt.tv
necurs,ehjnccmyyv.nu
necurs,gsyaufckoqbaosx.cc
necurs,elabaijnlydmxjefqlvfi.to
necurs,plbrybajcmtkkkravyof.me
necurs,logdlvcxht.eu
necurs,vmnddjurlmfvpbrqpaohy.org
necurs,bssdiegmael.jp
necurs,lsbeofqf.la
necurs,uaopbepivkxogvck.pro
necurs,umjbrbpcbqnlppysiyv.ga
necurs,gmbvcphxvmdxl.pw
necurs,jwudwtkoajnlirgsn.la
necurs,flxrrxaindt.la
necurs,xoatbuwhxwqlhoxsvuls.org
necurs,lgvbmavqgehpbqq.bz
necurs,lgbnnbrgygdkfsd.su
necurs,hfcrlpqrjpgbynw.me
necurs,kisitjcgptjgmbgvk.ug
necurs,vngtkvfussnndpwmqyc.ms
necurs,jxsajqxhxcxjpakklphu.so
necurs,tthjednepin.eu
necurs,tsjyprylx.ga
necurs,yuwcdneeirneliviencv.org
necurs,fcrimunou.kz
necurs,tejhyjplsycclgma.su
necurs,ccdgqhikvwidat.cm
necurs,demfvmgruwsggsfegkypp.nu
necurs,hipeympo.pw
necurs,rhqkyneptnnxa.nf
necurs,wuetjckbr.la
necurs,yahnbubeoospkjbpso.bit
necurs,vdbexocmws.co
necurs,cprgkdqapwclrpgr.pw
necurs,mkrwiirijlpkgg.im
necurs,ugmxtvwjgwdrteobbbgo.sh
necurs,mynyufsnyijxo.eu
necurs,hniqkeaxfareywgtc.nu
necurs,bkfqmkhdeuyxv.ga
necurs,wanoxarfbwwetsxqw.su
necurs,fmsdwwvvofnjmfdb.me
necurs,qpvqdqyjkefgihfvk.kz
necurs,efnonld.sc
necurs,oeclhghs.sx
necurs,jrhncdsfvbnoaokq.co
necurs,resqpddnrk.de
necurs,qnijfhgggcggw.to
necurs,pchwpakmtahlkw.ac
necurs,upmrjrqataffwjehrai.su
necurs,adtpendgejygpn.tv
necurs,sufwmynnstbjlwoytr.sc
necurs,oclukqhinnruujxvmbwu.mn
necurs,gpidhsmhqao.nf
necurs,kubcngqewksqtwdhtev.mx
necurs,vkdcjbgmjtvuytoxirxfu.ug
necurs,kfxofjhtvhls.su
necurs,rfcgsiffyacq.ir
necurs,snsnityqowfbplbtclsdl.bit
necurs,twgoffrrwetg.ki
necurs,cbisoecwhb.pw
necurs,ihbraolfyqljfsp.tw
necurs,sghablncatuqgoenpf.nu
necurs,aptirjbagxwafann.sh
necurs,vymbvdnucxyokqnfc.cm
necurs,kalbkjpbasycbrxuacr.ru
necurs,emryvstmq.xxx
necurs,utmbjdgpv.ru
necurs,hcfpuoaltffvilwswjylx.tw
necurs,bjpiiibwctc.jp
necurs,siotgcwwgsbsyicdgfo.biz
necurs,osfwtupeggqhygpvq.sx
necurs,cesumsmfabpvsvisfj.kz
necurs,mgrpwgtrpljo.in
necurs,jfxuykufkxnqop.mn
necurs,fvmmlnvyk.cx
necurs,yowimuwchsixpfobwhfg.so
necurs,kedanpqfsewwps.us
necurs,onkugfkb.sx
necurs,fiinklnvjq.pro
necurs,ohwkcquvgeyfvybaajicp.tj
necurs,bgrqhnghaqmd.cc
necurs,crfxiomquwul.cx
necurs,lrgufngs.xxx
necurs,xdevxrf.in
necurs,xncmpxsbq.tw
necurs,lwijoel.la
necurs,spsgjtqv.de
necurs,makqfgsigbpwnypusdwkh.mn
necurs,pxklrecsyioh.cm
necurs,nhnxqlbclbcq.ms
necurs,uxlvtfsxygpemcst.bit
necurs,gednqlkoenktfnnaeqas.ru
necurs,vrtuaaexehmbh.pw
necurs,cwaegibawotgikoqe.mx
necurs,pegggupwedutwphdr.pw
necurs,lojtlabdjtlfywsda.co
necurs,rualial.jp
necurs,leoinlpjjfomynnemfcwk.co
necurs,ugtqdjpygst.cc
necurs,hdcbiwjhdxihnjtrd.tw
necurs,vdjfbrwqfhaent.ga
necurs,dtpfhawdnhdf.ki
necurs,djvckwlgowlwmhryanlfe.sx
necurs,jvjlibyossewomirg.ru
necurs,aimxbud.nf
necurs,axftmucrjvafwxmgsj.co
necurs,rtpeetupilogfc.mx
necurs,epkhhmbxaacnywr.su
necurs,wmvyrhvbjekguxwhd.in
necurs,mdmtbhjl.bz
necurs,gbvclulhxeddbjlqagvvw.nf
necurs,wyxmsae.pro
necurs,mgjtlthfabyf.jp
necurs,gjgheaqivpolpk.ga
necurs,fpwjcjrimpctbvnvr.mn
necurs,fnwxpvsygxgxbwmnwjvx.sh
necurs,qifndyyxinktfg.tj
necurs,tegxrclu.ga
necurs,rutqpdldxnnktehprcgr.pw
necurs,aprnolkj.kz
necurs,tghtuedasufnmlitfdvwn.pro
necurs,yvyfyhprxh.im
necurs,rfeuiohohqweqqfq.la
necurs,lfejclotolloigexhlj.ug
necurs,exdgdodam.org
necurs,hckqfrbisikehypyfbll.cm
necurs,rlxpwnfqldtpm.org
necurs,nebgcsqngiby.xxx
necurs,xbvkvdicj.biz
necurs,bbbeccfikyfqeglnqfy.ki
necurs,mjljuoc.ru
necurs,rrgixyn.biz
necurs,ixnsjukeeuijo.tw
necurs,samoydu.bz
necurs,vqawdvcferrynvr.ga
necurs,sahekaxmhwifabyixmiwk.biz
necurs,wjhwkufxikdywbw.ms
necurs,srbpabfxyovvabahwhwr.us
necurs,pdvldfyh.sh
necurs,bmcrgltbewncrwhqt.cm
necurs,gpjtsojhytnm.pw
necurs,yunhncrhmrxee.ga
necurs,esihcomltokualgvuqq.tv
necurs,jnlstgdj.pro
necurs,udnsxyoaknmaihk.pro
necurs,hhagbgcvkqarvpwlewiom.sh
necurs,nfnexhvugfjrou.tv
necurs,sutlyhdxwchnkgm.pw
necurs,mvhenkxjdsm.bit
necurs,bftlyujusfhxb.me
necurs,nosswwkyunkeqiumvebtd.kz
necurs,hajuivjiyuiwlwvfy.ga
necurs,doixtvigvx.nf
necurs,mbhsyfyjkyxep.to
necurs,wsadvbrpkmclqcogbig.ru
necurs,epefqkkmpv.biz
necurs,kbybcmecbvbtiip.ki
necurs,ijehfdhspy.mx
necurs,ulxcaukhq.ga
necurs,pyrscrvhsuclflmh.nu
necurs,vqjjpewxlpa.tv
necurs,lqekravcr.so
necurs,umqdavchqqyswhy.pw
necurs,ntctourqckyexyqnlx.in
necurs,rsguloqx.ir
necurs,gxhjkengw.bz
necurs,ruuljaxeubdnu.tj
necurs,yejjvektcorjscjbtw.pw
necurs,pclngijutswrlbym.mu
necurs,frxmctvdowijtwcb.tv
necurs,qyoobmuxecbslurxfbo.sc
necurs,khdcwjbplpxsbsslld.to
necurs,fwkenunkrrig.eu
necurs,sutobrfwtiacykh.pro
necurs,dyldfwdqptlbeocsu.kz
necurs,tqybnstji.pro
necurs,msgphxlqrivmnxvtaco.tv
necurs,xtrnxsjsdbojvfpppkmo.me
necurs,kmdmvqgr.pro
necurs,cpxbdgmieiowo.nu
necurs,kcxkajqxcnvpp.im
necurs,orlmjhmc.pw
necurs,uthufmfcm.sx
necurs,lwwaoeowcgqxlpjomws.so
necurs,xwqsxjwpcwsdtamnjebq.bit
necurs,marklxcsnthwbnhfkr.bz
necurs,qjpiqcnxt.cx
necurs,grvpgwujebtny.cc
necurs,ujioualmuvvc.de
necurs,lwjxjpbfsqqpvdjiud.com
necurs,aigrhlohdwwovobkfy.pw
necurs,orrphbbwkxhcyastqhioh.sh
necurs,biiqwpdlqaw.sc
necurs,xxhyaaxoynfehinrw.sx
necurs,cybbhlnpxoitdglta.kz
necurs,yxvicwcf.org
necurs,yntbjgrghrsmnf.su
necurs,osfuoeslvwyowrp.bz
necurs,wrrktfmnhcfni.sx
necurs,ffkctktl.sx
necurs,jqfocumkayvonryvpil.cc
necurs,xfmrfpmj.ga
necurs,swmcjujlbsh.ug
necurs,liphnsvxjmbaaywywkoi.sc
necurs,mxvhpdjcyqprobpcpgfj.ac
necurs,atilgmvjpcijha.bit
necurs,ighexcjgs.ir
necurs,weiakoeegttpbpsigfh.biz
necurs,deoqgxpejjwpuaratdt.biz
necurs,bcfadnjbhijt.mx
necurs,pfnhfpgakvc.cx
necurs,sinpmcmurosybedysyms.su
necurs,sjbynlmtrkdr.kz
necurs,goqwkqwypwvh.tv
necurs,jatwrfbfwmfbm.cm
necurs,skppwwambnowrwqgxfmn.net
necurs,rloidyvj.tj
necurs,gobmhmcsksyro.de
necurs,maikfvaca.cc
necurs,fuejmietylnfupdqmcrl.me
necurs,lvbeiijauqjbekxhvcw.eu
necurs,falbgllwhgeowlqspvc.sh
necurs,ndjneek.net
necurs,bhhstlnbrifarbfq.xxx
necurs,lucynivuyqexssunlvnnd.eu
necurs,bbespnph.nu
necurs,wgqkkoyphnigxjjrengf.jp
necurs,ivhltnmaqpw.sc
necurs,yqtgiflaotalijerlxnd.me
necurs,ifwbupteulpf.ki
necurs,hynqveocugeqdmcaiier.com
necurs,yehuixxyhksnu.cc
necurs,pbykbewksemcwhctq.to
necurs,wqldqmfwtemujm.net
necurs,rlsviohhffio.pw
necurs,mhpikutcsmju.ga
necurs,wuwgsbvxpgen.ms
necurs,mgnaohhqea.pro
necurs,mdpdwygdbhdhhjd.tj
necurs,mrqvdhgmcgli.cx
necurs,xnbpgmnngmckvhunnwx.ac
necurs,aqmhdwjuitvljquu.de
necurs,sddnfqfrs.ga
necurs,pawfaptwsaxnupoe.ru
necurs,alcuphqywameihjvtafg.net
necurs,iqooslnglblw.ga
necurs,dsfwaclyuapfkwfwxilc.net
necurs,qelvvflwfgs.us
necurs,bevdhyhfjnpbvc.co
necurs,pjgsrrktfgubdewomubhp.mx
necurs,lntqwudhmfrvgupq.la
necurs,gthkhcyonttubpwjx.ru
necurs,iakluvves.com
necurs,qwtlkxwokfxmyuxbhbfe.bit
necurs,wajfoksedldcoatuuwxw.sc
necurs,jgolhyyojilhkyg.tv
necurs,mwmvpsavoexhut.eu
necurs,eonisspayhpyplyibmq.cm
necurs,tamcwacy.ir
necurs,hlgmtueiuqqdsc.to
necurs,rqbiafivvpl.in
necurs,ekgwgbs.su
necurs,drdqssylludhnmkodylyf.ki
necurs,sdkkffffvirw.org
necurs,pfrubormmilqmp.nf
necurs,xhysbullsyylb.so
necurs,ciyxurfjbiyxel.ac
necurs,jqulwkiscquafwg.ki
necurs,hwxbrglikrjjh.co
necurs,wolrcnpmokfdbw.mu
necurs,btjcksrmsguvt.us
necurs,bhyusnkjfpen.la
necurs,pnrukqxyv.pw
necurs,tbtdxpaxurrbkpxf.co
necurs,kpdfgiqldmekc.in
necurs,umanwiqlpxe.xxx
necurs,jpbgmspyiwvcltukbbkb.ug
necurs,dhxpveuiadbtabivf.bz
necurs,faowelkslxncyfqctgi.net
necurs,xfuwftcvrrhpejr.la
necurs,xvuxkrre.ru
necurs,lboicddptqpiweovk.in
necurs,golbdfiosu.ki
necurs,ubacyjahlodfvjcpu.mn
necurs,kfugknotsbksyimdvkgl.me
necurs,sjouifqvxxowtot.co
necurs,amyfuwo.cm
necurs,xwvwxos.ms
necurs,rgodbmgyxtukyoubpa.nf
necurs,ykrkvclumsicv.ac
necurs,mulusjkiqws.bz
necurs,dqlvohgmuko.bit
necurs,ejtrskmjkp.bz
necurs,lqqaypgfqpegxx.mx
necurs,uqfclnmlrwvbjbvr.mx
necurs,jbmpifsmiwgvdsdgdbb.ms
necurs,shgtjlvjrvntdapnhurtk.kz
necurs,bantffhralblel.im
necurs,ipvlmxfikgqdnj.org
necurs,lwemytmnbe.ir
necurs,exmiutgp.sc
necurs,lejkgalwxn.mx
necurs,lmonsxckkkei.ga
necurs,fistcemiibuucvphm.pro
necurs,aatyojyevdwlyytdcuj.im
necurs,asexecbsnawymhyqueoh.tw
necurs,ejwunhybpktigpgbmlecp.to
necurs,iprvwcmewyhbmmww.ms
necurs,rfgswocyluuthvbtr.org
necurs,xvsclfbg.mn
necurs,flfmwepbenipe.cx
necurs,qjjqlwxhhhvsew.kz
necurs,ynxehuspxmxpdgagqylp.tv
necurs,sevacbjtb.sc
necurs,jnnyegeomnagwmejp.su
necurs,pwrduechncpyituhs.nu
necurs,ifgiogvhpiaom.cx
necurs,okaapvhpiyuavfhon.im
necurs,thasihgmjjesgmd.tj
necurs,ysphirv.co
necurs,mbuwneaxtaoarnhha.xxx
necurs,tucipxontelxxgbqoputx.mn
necurs,pnbkxmtmyosxm.sh
necurs,tinloyl.sx
necurs,qkpvnkimidinyefliyysq.su
necurs,htbjqujwwiogqoixxwsmd.us
necurs,trfsqsfasykwso.mx
necurs,pwtfuotq.mn
necurs,jtecofsyix.ac
necurs,wogrjdir.us
necurs,gegnmpcxjpn.us
necurs,qgwlvorijfxpw.pw
necurs,cdcvgglchacgbajyqf.cm
necurs,rwmbwkbanfftdf.su
necurs,uwkgqlbfomvwg.nf
necurs,mvrvpoguqalbmqmi.eu
necurs,ifqdqojbwk.jp
necurs,hquqofksmsrukxrrutay.bit
necurs,sbjqjobqhdruyye.cx
necurs,uasoaxelxhesxl.tv
necurs,lydiimjvmpxim.in
necurs,nqxnboi.xxx
necurs,vrmbgvuugrgvxongy.tj
necurs,qkgteosdwqtwjugs.ki
necurs,xeybjvcdswfsqhcwy.im
necurs,jvimyhwqjjwfdtomu.kz
necurs,bwwiuvwgcbc.nf
necurs,ovrqcwkfsvheuoaip.co
necurs,bidrmqfmuhehpytl.cc
necurs,jtvfaqwppvkhqrgtdv.com
necurs,ormqieadhnvbfyab.xxx
necurs,ufjoxddosncnt.ms
necurs,yvvxfxbffdpgmgycf.tj
necurs,widlfqnqpspbhb.nu
necurs,yqulikfhmryrjwnbgq.ac
necurs,tyoyeiohmmlwwak.nf
necurs,aekxgfwtttmx.nu
necurs,jtywixxewhbuncf.ir
necurs,owdwbsvch.to
necurs,dftscrxsgjvsygwhrfxip.ki
necurs,ocyswohrcqr.ir
necurs,ivseqxcojluqiouhvaq.bit
necurs,ddelldimpf.com
necurs,ngwtrfhrfye.com
necurs,fqjobhywafjnnn.me
necurs,onmbadlmcsjafwjkqn.sx
necurs,feobmmriicdugmnbs.kz
necurs,uqkbxdd.nu
necurs,dpjjmmnjfukqqxercfrg.bz
necurs,smvwovgvfnn.me
necurs,gbeeqqpuydybnbhjsmowj.ir
necurs,aqxpdlhgntwidqsjgw.su
necurs,kvidpfmrytbomomcbp.tw
necurs,vgfdklu.ru
necurs,ubuaokflfigixtwdkmtof.pro
necurs,ajclsnsdor.ug
necurs,jeagxqnpsaqknwe.pro
necurs,vfrvusdxssalmx.jp
necurs,llnycsysfkrqnepx.nu
necurs,ylqjkpgak.jp
necurs,ntkwjvhuueqv.sx
necurs,vvkhyxhhgry.tj
necurs,qxinlepmmhmquy.ug
necurs,spwvskr.mn
necurs,jonvkrgiiuvqyunef.biz
necurs,unpdqyunumskuggsdhf.mu
necurs,eyxbvuuyvact.nu
necurs,nqqucaeofqciovnry.org
necurs,bxcocrjqaqxeimg.bz
necurs,egnkcmydrmqtv.su
necurs,nbfkuvrfyfrfnpn.me
necurs,nqtmpcomp.mn
necurs,wicowfaldnbomaify.sc
necurs,rirgguk.in
necurs,pbrnquegveytegttsunk.la
necurs,hspnrcgcngqwbx.cc
necurs,jfqqmee.su
necurs,bvplkaqrerbjqrmchlrbq.co
necurs,sqxkqkltypihndawkl.sc
necurs,dglnhqqgyxpwokj.xxx
necurs,mjcidltesafxn.so
necurs,laiwyhklblytuwugcdw.sh
necurs,ntyobpllkksjs.im
necurs,tmfdajntvhhwl.pw
necurs,xdsabetnx.ir
necurs,geybtiwnubtdwaahuy.kz
necurs,rdidbjaxyxsqnk.tj
necurs,lmdxucylnekmpfmlj.sh
necurs,fydpknnaf.ug
necurs,ovotqcoqqiddojqwkfa.us
necurs,hxosenuiqaifdwryuegy.com
necurs,mmbfsopxocavgpeoity.nf
necurs,iqsjafyqtoqwginntds.cc
necurs,oqcoyodhiihgioikpp.biz
necurs,xubvldlpo.com
necurs,tttyrqjadx.ru
necurs,vwacqnlq.com
necurs,gdxqklcbbknwxwjkphppl.im
necurs,cvbmqmrbnmicfdctwwq.jp
necurs,twrmmxewvjdeaqjmey.net
necurs,qyccgcxd.eu
necurs,dlqgbsbjsjojlnjsb.sh
necurs,syjahjksgdrmujacqikq.bit
necurs,emqreowuytyd.ga
necurs,jmspbfmpvduuwcfr.mu
necurs,bmuflgjy.mn
necurs,osiavlewjtgbrdg.bz
necurs,pavulvkmxuweiirpg.org
necurs,xcmeufudpbocmhlujkal.pro
necurs,swffnngejyyrjrvmrar.mu
necurs,kmrgvnpv.eu
necurs,bljklmur.ki
necurs,cqxcwdmhksjxvtfmx.sc
necurs,iowlnwjpbstyts.org
necurs,kvfmrsamkolfgehnimmv.jp
necurs,lnrojqkca.net
necurs,kosvvqudyvalaakjwjna.nf
necurs,gjwpnvjtmncgq.sc
necurs,kalkfmgkgf.kz
necurs,ihcrogdglyigntbyfdnij.com
necurs,snmdgnlwjmqelpy.biz
necurs,bhsgysgbujloijnyeny.so
necurs,cpnwokpimpkbbmwsxjur.cm
necurs,xvgingfrxxpxexme.sc
necurs,eigwqptgioalgg.jp
necurs,karkwtmvwmsvtki.ga
necurs,yuyuwuflrwa.sx
necurs,rtvmrbyaknolrbyy.org
necurs,nxfnutb.pw
necurs,ethlgmavyhypgvv.ms
necurs,btdagmrsgujl.pro
necurs,saifnwm.su
necurs,ppgxgdtcggjoq.bit
necurs,ljitltgunr.co
necurs,sohfnmegr.ki
necurs,xqjosfape.sx
necurs,gbnilggdkidcwjatny.net
necurs,rlbqxchhsusg.nu
necurs,umcmrjcebmawssttmxege.su
necurs,cwmweyq.xxx
necurs,sufcgcylrwbuuil.me
necurs,mbyqynlijhuodlpbkt.xxx
necurs,roqdpdhl.co
necurs,qtyfjpwcv.biz
necurs,henrdpdopfumtx.co
necurs,jkhhlkbcy.so
necurs,aposewqrok.tv
necurs,pbghwwu.eu
necurs,aiqkdjqbgogaklhbvflmk.com
necurs,bhrtwqcqperaxxfb.ms
necurs,rbqhayreldvhtwhmqkj.ac
necurs,ckxyjarhwnasui.su
necurs,trdbxxuujwudv.tw
necurs,rrohgxexxafmrv.de
necurs,ffpumumlmslqkuwuklah.biz
necurs,qlfvwgvowpd.nf
necurs,pnjelcojmtajpqnxkgdon.so
necurs,vnusblusogbrjkkqiqoqg.bz
necurs,tprhygtsbscdmvxom.kz
necurs,qumlsklycxwvhyt.biz
necurs,aiqdamiauwgldn.nu
necurs,wldvcblix.bit
necurs,rysxitvhoutdrxk.tw
necurs,xjshtwufyjq.nu
necurs,eamkgetpsdfdxmayx.tj
necurs,mwpxtwmexhhqxaguwgvp.tv
necurs,anyyvocwlyqypirbn.bit
necurs,cpaqrkjhjveqq.biz
necurs,sawaclpegtwhrgopqbljn.in
necurs,aciaxcbkaknbra.de
necurs,qrietangabt.nu
necurs,kyvxqhtoumefdhbf.biz
necurs,xadwyokvwqmcgjn.im
necurs,drfbqgaxysaodflva.sx
necurs,mdiorlpudlyaucsvrbiv.sh
necurs,ygppulqhdyb.de
necurs,lvtjkvohppxm.ug
necurs,bpbwcugquptpdukoth.pw
necurs,mlcsllfwnmgkwmsweflii.cm
necurs,lphbwfuxwfbj.ru
necurs,nfvekkyeqadsnxojokrf.su
necurs,jujapnawtkcteifjuexp.bz
necurs,mfqdoflaspitpnykfo.org
necurs,lqrkbrf.pro
necurs,rsrknwfy.sx
necurs,ycyiuqcvfbrmcejqvgr.ug
necurs,mldefffniycu.kz
necurs,heoyuaxqjiotyhnv.cm
necurs,nenkjtqb.ms
necurs,fwkyxlovc.sc
necurs,obodjicixqkkf.jp
necurs,pwflirvolcyibrw.bit
necurs,qvckcufaswkgyermaoj.to
necurs,uprbwjvllipqwevtbw.mx
necurs,dmheaysarcwf.ga
necurs,wgvxylgvffaaxbqjhcr.la
necurs,kydfmuddst.cm
necurs,vxqbafvmenldyxotmrmj.su
necurs,injxcirsuv.mx
necurs,lpxfqfmdvrg.me
necurs,pecyqrnsqvn.mn
necurs,jhkvlfyf.kz
necurs,estoubiiemsmiqweif.kz
necurs,miqffjgdqfxyptwhnnhi.bz
necurs,ddpowophinisliisfkbb.de
necurs,eaevgpbrkwrbiydgdytqo.in
necurs,jmketwpsmldjsgasws.kz
necurs,wyypobjfxqldxfuftn.sh
necurs,coqcjasxctkpdgdsbgstv.ki
necurs,qqwnkcwpvqkyefjr.cc
necurs,bxycsolcpgelc.mx
necurs,byvnjuetmee.mn
necurs,xabyjgeksdjxxmeno.im
necurs,ybmbhakmhpqjxgis.ug
necurs,jdwyinpmjks.xxx
necurs,erbspjlsbq.kz
necurs,rsrqdbqryeooh.sh
necurs,vldvilpottgcduw.sh
necurs,xijimodv.cx
necurs,vmdctvaqhvhuh.ms
necurs,nkmtggjcoupppguyrpdm.org
necurs,glbtcoamwge.so
necurs,gyqgdquggqjllycrrj.jp
necurs,umemvod.im
necurs,cmciggsxxuojlvtmcbj.us
necurs,hyppvfymkstnnairdaj.bz
necurs,jmfsfbskgpxqppcyivb.org
necurs,hgwtoeraurlkjs.mx
necurs,goypikcheoceqdwibhn.ki
necurs,wucoewbr.cx
necurs,xalcdblalicctb.mx
necurs,eadmwrqwtqeugh.mn
necurs,qnamiykgemnlvwq.im
necurs,umymvxlwgnmlgehoi.so
necurs,yrjfbuswbkccuqhkx.ug
necurs,soasviruvjvuawxnlmj.com
necurs,tkbtowkokofff.xxx
necurs,ikposekvslbnfhwxapsat.sx
necurs,kgtdvtbfigvuxagucnkmd.su
necurs,pcepmutxhtii.us
necurs,iajrrdhgfgdjunx.tw
necurs,cgfraxyiaetqfxegaxlb.eu
necurs,mlvldeqxbusfqxrbijho.su
necurs,xnqrjrdfynkcdxbmynobl.sc
necurs,uypuljnvdhmrxapbwd.mn
necurs,mregfkptj.to
necurs,ywnhwsaxefxfgj.pro
necurs,esaonhsmm.kz
necurs,pnngvneiyebvxedjmk.cx
necurs,nlurflfjabelduwgj.nf
necurs,mndpjroykm.mn
necurs,dlukbmcinijakrfuho.tj
necurs,ppdceynahqlcitdqv.nu
necurs,lraqqvasukhjbj.ga
necurs,ffgyjafawvdsgmmykgem.in
necurs,hxociocht.in
necurs,siaufdowlcode.ru
necurs,nqhgungfbawsmxtdss.net
necurs,ptidlehi.su
necurs,ffntrotdsjsnxomxto.bz
necurs,tfsguojlmhm.me
necurs,octdlohncelrtnbctnxf.ms
necurs,ppaxluava.cc
necurs,bogixvrobbm.cx
necurs,txdijyeyrrxfytrcp.ru
necurs,jvnbkngingnu.tv
necurs,mvprqqpclgqqjahbg.so
necurs,cncgklymwloda.ac
necurs,yoiwvwbdcsqscs.de
necurs,doeewitnslsggkjxy.ac
necurs,gvcotmfcpeqgqowcs.ga
necurs,ddsijgivonyxwawekn.ug
necurs,pjjsdoglmien.jp
necurs,eilbgue.sc
necurs,gosyoijexclllageojpo.us
necurs,tmhgdgchujr.eu
necurs,pgvfxtsquyewasvewtphm.cm
necurs,rvdixqyfuxwwu.sh
necurs,fkudfrxjmdbtnoqblf.sx
necurs,ixdiootdpjngr.cm
necurs,ylskqibvmbeetn.us
necurs,svakmohtk.cx
necurs,tejqewlqryxvh.sh
necurs,joubbwyundgyqxcngnlob.tv
necurs,hwvboweuuolhkpkdnm.la
necurs,mxfepppdps.co
necurs,rqtskoxdsapfvnn.cc
necurs,eoexlfwervponfciq.biz
necurs,jgokscuwhwnji.ug
necurs,kjqcciqsckwlvvy.ug
necurs,jpdggktchw.ir
necurs,tfomkxjgkieywl.la
necurs,sgososq.mx
necurs,rarsicaaqutdkkof.de
necurs,camnldsn.bz
necurs,uevmccmrwfujkvi.biz
necurs,twtoplrcapmnvvuvcjmmp.nu
necurs,nxgncaxkpmmtxhstcrlj.ir
necurs,niexnqghllgpalid.ki
necurs,ohsoyjoaiy.com
necurs,xjxjwonmkevundgi.nf
necurs,rvcxjvfjcjiggylawwpe.biz
necurs,kromsxyuhniy.nu
necurs,mhvsbyos.su
necurs,ihdjiwkhvvdgpywdhyop.so
necurs,jnxrnvfyowus.nu
necurs,eelsbpkpqs.su
necurs,lurpuyyjtmgijc.eu
necurs,eosnjibjf.ru
necurs,kfftlgeyh.org
necurs,dxrqjrq.com
necurs,cwlaglhjqf.com
necurs,bhpuogiwvpgjec.me
necurs,orjlydouare.kz
necurs,gpaovnxfeq.me
necurs,rhasahfxnbjsvuwq.ru
necurs,xownufgtibdcqvflglo.ug
necurs,usqygtfkj.in
necurs,lsyrnriqamxwhdpci.ug
necurs,lmdkdxsu.de
necurs,hlgbyqdxufftwpn.ki
necurs,yfiyvockmrbfjkwwoy.ru
necurs,bykuwheycqwie.pw
necurs,cyjhahdjd.kz
necurs,ghyjyctlecdr.su
necurs,wjlatsiplebbrebgrxqvv.in
necurs,xymwyrkxxnxad.in
necurs,snhtblv.ga
necurs,hryjkwgnoc.pro
necurs,beqnpoucsqrxscs.to
necurs,gclsrofmntsotf.me
necurs,rcennsnvwbhdchlwxqn.cc
necurs,aeewgftqistptnivlni.co
necurs,spoeoeybbmhkvtcago.sx
necurs,tpfcoskiwwepmhwdn.ki
necurs,qnkvpdubqdk.nu
necurs,oqhdddu.me
necurs,nbndcmdxwomhnm.bz
necurs,iifbdtfmjhfhfana.co
necurs,jafylrfbdomkhoxikiwo.jp
necurs,tdodgkytk.cm
necurs,xolcnvsq.mu
necurs,gytntaimntoglcxlq.us
necurs,pdyclapaefufxvkghmyu.sx
necurs,cuhfxkfgxplakmwwxjxyp.ga
necurs,efcclixjfamupmw.to
necurs,qpexpyobcavsxwojcclc.ug
necurs,jpxgtnrpicskvvscjipf.pro
necurs,drawojyif.tv
necurs,jlvsegpxvx.jp
necurs,ihvmkbkcrgmnm.sh
necurs,lhoklmsvuacubfcgkloif.ki
necurs,imljlvwweqfm.sc
necurs,njlgbngisq.in
necurs,ritigtslslsvecrlon.pro
necurs,cwfpjrbogjpwupqjqjhm.tv
necurs,tbwbueilwywvvakheduv.mx
necurs,mqqdhmrsvyfwtvxjkyh.us
necurs,pxijvcweqyqnqthnst.ru
necurs,awmhdtfj.bz
necurs,blnjhsroyn.nu
necurs,wuslyej.to
necurs,drbgvrnby.mu
necurs,leruonqydlwngntkb.sx
necurs,tnlrytvvsdwbfxfe.mn
necurs,ygqtwfcjt.me
necurs,kkuautmojnvge.ru
necurs,pbpfjudebijfp.bit
necurs,jhxwbihsn.jp
necurs,veairumwywhlajrmrkgk.nu
necurs,vdqeqqwydrneoxmqbxnei.bit
necurs,evxfkktoesbwiuiejaffh.pro
necurs,xabilfbaevkxgh.me
necurs,eptmbnl.sc
necurs,mmulyfhykg.pro
necurs,oxsghlbcvtb.kz
necurs,ngfiwqx.cm
necurs,oiquoilb.la
necurs,hjhchcfyhjwggbcsnyx.us
necurs,avdtsock.kz
necurs,kjjsjlhnmksdfu.kz
necurs,fttjnvwuhoiusgw.sx
necurs,eeieybgsvavesye.us
necurs,sumatisjnv.com
necurs,impykyua.tj
necurs,ggwwoyrjnndgi.tw
necurs,faquibkqodevoqyrutyb.net
necurs,rwvyalixpofigbk.cc
necurs,ttlddkjllnadlfxiql.com
necurs,tugrxkmougulplwt.su
necurs,eqauiejui.su
necurs,rkjqlpqwr.biz
necurs,dxiocldja.org
necurs,aessdyiboib.cc
necurs,cfjqrvhoksienjxhyjsyk.ki
necurs,tjjnxfkiaarerwvd.so
necurs,satoaujssbddfpovrah.ki
necurs,jjdxxiooar.cm
necurs,hrdtvfkcxgq.ga
necurs,tkxpdrmfqnp.ga
necurs,ndpvegxjyyxfyagofxxkh.kz
necurs,obbexjcdlxxqdi.me
necurs,pvdvkoryj.ga
necurs,ewxvidmrk.cm
necurs,ialfqyeaufqckfkfh.so
necurs,jfaittwhnhujmg.us
necurs,vmmiydrajpucghx.ac
necurs,lmtnyfknxogn.ki
necurs,vldjuqgcupg.mx
necurs,dwycjnjtiurj.bit
necurs,alruuacwugo.tj
necurs,emcvfefwmrtadan.mx
necurs,rhqhomsbyjflnuxcawlgu.bz
necurs,rjyipljfhbjvlc.xxx
necurs,caqskeawm.biz
necurs,ilexdqgvhfxpb.net
necurs,itahqfgajg.mu
necurs,tskpjpsxgkakrcexuypr.nf
necurs,jdvsrnyrxdringl.ac
necurs,bfakpxjiyuhd.net
necurs,sjqrlajsdcns.de
necurs,hbwgiypweuwbqucvc.de
necurs,tmmwerfralbtetspagv.ug
necurs,bdvomhcaajvqns.sc
necurs,kbvywhbbtgjmi.in
necurs,tqmmnhmadcssjcgdugvo.ms
necurs,nglggwvkcqsbuboisek.tw
necurs,gosclhiusbpdnjomhcr.bz
necurs,qtgvwrglxdcciuaxent.bz
necurs,bqtmdkvbmyjrqpx.pw
necurs,wjgxedn.mu
necurs,qgxfymsmidcgkx.de
necurs,kbtatvt.nu
necurs,hmteundacewnygo.sc
necurs,fkmlohjxorarmv.jp
necurs,annnkhrihsxnfo.to
necurs,aqfqhcirxbotfs.co
necurs,tnojoxgqyovjeylxhxj.ru
necurs,gkpgqdxwimlflp.eu
necurs,ovcwdbmerdwtxadpxcl.tj
necurs,dodjxsoaomeiqtxe.mn
necurs,yoxyggkiwq.org
necurs,tgftgdimwyymovks.mn
necurs,jugwtuigippcwdqbaqqjk.tj
necurs,yfecfsbfbyrbkdtvll.cm
necurs,btkoathtcmjpibdgwadsl.cm
necurs,hljhfycs.sh
necurs,erikgjd.nu
necurs,powlrstnnvf.to
necurs,qteqppjqymrflagbi.so
necurs,mctwdxsgtwthihdg.mu
necurs,whcwabiotdmyscv.sc
necurs,ljvusyp.in
necurs,hsjqhmnulsqx.cm
necurs,hjcljapqshgjct.cm
necurs,iokqcged.nu
necurs,yvihunnv.biz
necurs,miemesqbb.org
necurs,bkmmandqgoynuqnl.ki
necurs,eyirihrrepyvp.kz
necurs,kwigxdcbnuokeuamqpsj.us
necurs,rmlsroeghwk.mu
necurs,focwvglaljkfdlrhc.org
necurs,kaiksio.ru
necurs,nmljppmryllvoernct.sc
necurs,vjkmplbmodxcysqubae.in
necurs,ekmnbbnwwvldbxbwoyfm.net
necurs,mkitugtqcw.tw
necurs,vglvgypwlhcawror.cm
necurs,rlstofpej.de
necurs,eshyirfeqidasoaqf.bit
necurs,bontcunvis.jp
necurs,gjypctmfcthqluqcjir.cm
necurs,srkektfmsmkhxhmeob.ug
necurs,djfytanpuvjlejugltaf.us
necurs,lpawhsdvwbjvi.la
necurs,sxieiaohfsmf.com
necurs,yqfuppjxjeqdr.org
necurs,pgsoneagadyk.ru
necurs,rrtsesngjacbtevr.su
necurs,gaahfnehyuopbmwng.sx
necurs,ldbspiiwq.ac
necurs,lgeaffmrtp.org
necurs,brgstufndhwvighvfbff.pro
necurs,ebbgibcjp.tj
necurs,rbksbuc.co
necurs,hujaamnvtreohja.tj
necurs,atenepswhmptioj.su
necurs,xnkxppwhmotgwlxdvuk.tw
necurs,uqwoqomegpjosviaucvq.com
necurs,esfxxjkwjqsec.ki
necurs,ihqgprxy.org
necurs,tnwevvfjxnnjrniihf.bz
necurs,dpjicwjfbrpsdlyob.bz
necurs,sqedypvluvskxdfkn.ga
necurs,iriolhegncgb.im
necurs,jggaetmlyrbxiwggc.ru
necurs,nehkfiys.sx
necurs,wcoiqpmbcqtr.pro
necurs,navsitmumjth.cx
necurs,pbctwdpxmcymku.cx
necurs,qpaxqmfxjtpsknxyi.org
necurs,wscpfwjulcwhmimlj.mu
necurs,tppibfdgy.pro
necurs,wggyrolkcjxcwebnfubmq.cm
necurs,svubokq.ru
necurs,ksrcniuooklkbrk.me
necurs,kjsaoga.bit
necurs,vltpymgjiygbksionpkr.tj
necurs,camxvwck.cm
necurs,psxvvsbebfopovul.to
necurs,medbepbj.im
necurs,iiciokubppkrynkqmqfh.su
necurs,qwundhvmpa.me
necurs,anbcjjnrreuwjuxbegt.nu
necurs,qqwghdevemfv.me
necurs,bjtpvtnmn.co
necurs,gijdqhvynmaoukli.cm
necurs,gyeatmkscdmii.sh
necurs,euhufbl.cx
necurs,ijeapqmflpwsjei.to
necurs,kkcyrdtnlvvulicqh.tv
necurs,tiogxxdgvlvjc.la
necurs,udatnpdaylxk.cm
necurs,ogmhhnr.de
necurs,dmhmussdhytplwaxq.nu
necurs,kacfrfhgmanm.ru
necurs,kdksjlubknknifs.so
necurs,xdxpvquvjnyawswor.ga
necurs,vnowlhmx.eu
necurs,mdgmkrgqwovvvvtlom.ki
necurs,xahrkofwcfsqkk.pro
necurs,rowjoghlspqdpbwnqbw.de
necurs,egwyujoyyjxvwhvfey.bz
necurs,evispddrqvnmlgoh.ki
necurs,vpbruhosngmko.cm
necurs,wrdynueqqrwxfd.biz
necurs,vtmvucwbxr.ac
necurs,apindjijgsspkjk.ga
necurs,josmuckkvchjpsjdevi.eu
necurs,ohghqlrxkfwyqbihpvb.us
necurs,lwafseurhqt.tj
necurs,rittfyjiubwkn.kz
necurs,ognofpbmbqcnir.su
necurs,wfgwfedb.in
necurs,fawplhuhgphyhsshm.ms
necurs,unceuwacrwhncw.la
necurs,oljudnhfpsbimsokxu.jp
necurs,oruqqfkoqsewgffyl.ru
necurs,ljdjuhqs.cc
necurs,xhxxeqeqmvxtcjcdig.tj
necurs,oaaeygnp.biz
necurs,xagwfbetntrp.bz
necurs,pmpbshlnmv.mu
necurs,wxvifqqt.nf
necurs,uqmmeadbfjq.bit
necurs,sowxjmoft.so
necurs,tjebkmfap.sx
necurs,tdiogsdmuxkjoj.net
necurs,xwrbqfhmuud.kz
necurs,kmhuegu.xxx
necurs,jgedwqxdvi.ac
necurs,sxwdxumvd.eu
necurs,gnhtxxrowdoqpgcbd.la
necurs,wyxohqpmbdd.cc
necurs,fkbayvxfcdxskpbmjt.co
necurs,pnqornrbc.pw
necurs,gophhunvd.in
necurs,tqwwunifqevetoxokqdpc.mu
necurs,rpdoexab.net
necurs,atabqaj.in
necurs,aejnnnqs.su
necurs,fuxoxxb.tw
necurs,cnqvvnwqqwjum.ms
necurs,exibpekcxhhcaopcflgqq.co
necurs,tahyyet.net
necurs,tbroqfqrpvwkm.cm
necurs,pdcpnrjyrsjlrj.bz
necurs,gflyibra.ki
necurs,nyrjkfydamham.mx
necurs,qefyiejmav.nu
necurs,pjwijojxhuknuvw.de
necurs,ghfpkioh.co
necurs,frhgtymdeoosot.cm
necurs,qxfukfkngahbrx.bit
necurs,bugainfxlplibkvbcx.biz
necurs,uwuurebs.sh
necurs,hmcybrmiduavporuwx.la
necurs,dtehold.com
necurs,wbyhhsmeuywpovligpa.eu
necurs,mcgxjfpxvemd.net
necurs,mlvrhwinwbwfybbjyge.sx
necurs,bxbpjfrjokbq.cc
necurs,lkcukdsanwcpva.mu
necurs,bjoqmurqqexhwp.jp
necurs,ofddyiblfmibwmquokllj.sx
necurs,tplysbetifs.net
necurs,frgfrcwuwalevxyjlmqpy.ru
necurs,gmhbxionr.bit
necurs,ixpanexteukyjd.ir
necurs,nmdeadnaenuybgovnkiqy.cm
necurs,yadubagk.ga
necurs,hpvogqvajrhbykdrameux.sh
necurs,fgwtfyhod.ir
necurs,jbouroasrlnwqawq.me
necurs,cotlhmofevgynxm.co
necurs,nbqhdwudwdjt.xxx
necurs,ixbecvktiyneipgou.tv
necurs,bidsfydqrcvhjxcpqe.ac
necurs,smjvfneilbrctvb.ac
necurs,ckhvpedvgchhmpfloskx.ki
necurs,jtoemfktpowoia.sc
necurs,npsdaelkswdyc.sc
necurs,nnprgjqk.us
necurs,yysvliqbsyiafe.com
necurs,cdpgmfti.cm
necurs,fvqqepvrdqfbqbaixunpu.cx
necurs,mrdduvmchuwiwbsvqplho.eu
necurs,ndbuivjefcjnfkrnhdw.la
necurs,robektlvhodjskiovo.mn
necurs,bfyejppdsqdsmhjwmaq.bz
necurs,kbvojbhvplxbtadbcin.tj
necurs,uytpvbkctxxgbpljml.su
necurs,okjydhwnkhgvrcse.sh
necurs,pwbjsnncoaucmbqymoq.cm
necurs,srleyksilhpdxiiqgu.tj
necurs,taqlvbnr.la
necurs,kyqqituqtrkvpydkffl.net
necurs,myrimoevbtdssfgbp.ac
necurs,tqfdonjdcdtfschrnhetd.com
necurs,sgbilihqkowiljfhsvyy.nu
necurs,mkbuwimwl.so
necurs,klnmitcjuw.pro
necurs,ctovjhtdag.mn
necurs,jalvcghs.biz
necurs,wdfgdpshhwkb.to
necurs,ufkxeejalkcmc.me
necurs,vgbaodbdvtsomli.org
necurs,gcljisdbfhjpotxnxlymw.cc
necurs,klybxnqivsubnfnxvms.ug
necurs,fgybsgp.ir
necurs,ltplipatqeemff.im
necurs,asjlmrnxkqesyijrrlrn.ac
necurs,kyxuaugiwhiouvhyxo.so
necurs,cvcllsa.su
necurs,cqicvwjinkygtwnw.co
necurs,tpnxwwv.us
necurs,odthotxes.xxx
necurs,aiffjcmwflesfwy.cx
necurs,glkytxuvjlmawnfrj.in
necurs,ukslksihoelm.pw
necurs,oyrnbgaasch.ac
necurs,fvbxmtfykobtslsqcuvi.ms
necurs,snlqlsoowo.ga
necurs,khardhhvshpdavtmbg.me
necurs,vifpqftcdnupjcbrfmd.bz
necurs,oyxankevgu.kz
necurs,guuhcta.ga
necurs,iccnvlexnsgaelbowlh.ki
necurs,frnqungpcublhklsbha.ir
necurs,haxygda.co
necurs,rfvehdinaceqnuduxw.to
necurs,hyewybawleadk.me
necurs,gabdorpwxhuvxluhw.bz
necurs,gkghrytqwlrfocgpq.jp
necurs,ihciftpxrswgofwlmcrxh.eu
necurs,mwwekrvkbr.tv
necurs,cleirfbhsbqokrgdojevq.bit
necurs,nxrlteime.in
necurs,ysmgxqpnctuh.tw
necurs,etfrsqbf.pw
necurs,pkyghhjgqqetkj.bit
necurs,cvjdqhpkqixhugonjdabd.org
necurs,yyqfhwd.bit
necurs,mbkplqi.cx
necurs,fwqthgkdrjejqgpwjp.so
necurs,atvasqstgmborffrggj.bit
necurs,ygbgmycyh.nf
necurs,ojpryfnmciyfv.im
necurs,nrpdtjl.bz
necurs,iichxllucgofp.su
necurs,jcvopxsgocdad.biz
necurs,pojqqvrxterxxqslmqnr.net
necurs,utfhdhdkdkwsbgkjjlpv.sc
necurs,kylwcqhkrm.in
necurs,srynggeajep.im
necurs,wgqdjvtbquethaohuxavr.cx
necurs,ieenksvykgm.de
necurs,eevecgsvkxqqsqwk.mu
necurs,chxaexduypnoyog.in
necurs,kfoktvbddi.sh
necurs,hgfflgmyqmdloyrqjqakv.ir
necurs,jinlmdnoreqvbflarpyrj.la
necurs,tsblawowiodgrca.bz
necurs,rfwdfgusxj.tj
necurs,pjxahxgkliu.mu
necurs,wvexjglqda.org
necurs,gnycqnuugxmnwjoea.so
necurs,sanrooaunrbmyl.de
necurs,mpgmpcetbbi.cc
necurs,anelyyxfa.in
necurs,odtaomnchdoepbrnrxp.im
necurs,mujpreab.to
necurs,ucrwnguygvmyhxgyex.com
necurs,shqkmrnl.sh
necurs,boxioxppuybdhdyps.jp
necurs,gnpyrlvbrmsalfl.tw
necurs,ogweqtphtcx.tv
necurs,cyjbfrklgcgwsosejnial.co
necurs,ekxmpcwrrgaxiyxicnjpp.mu
necurs,fjvcwxnyvv.ir
necurs,vigoqjegfnfvklf.tv
necurs,rmlrqbhscpcocruow.mx
necurs,tnnxsnwyxythsydudrr.tj
necurs,gvntpjopowyekghlkpp.net
necurs,flljfukxbxokjqu.bit
necurs,iehnxmmgjjocjb.in
necurs,tlayhtdmbashw.pro
necurs,ffumtcdgbg.bit
necurs,wsxxhlbmqo.jp
necurs,fpogpjmdawhnevix.sh
necurs,iqovstxyhtlbb.com
necurs,ynbbxanvnqdolnivnxio.de
necurs,xdmmtdwjvnv.me
necurs,olyegtc.tv
necurs,ednfhtpanwcp.eu
necurs,qrudiaarofluth.nu
necurs,hgfugfga.net
necurs,tobbrcvuggsytuwkiko.tv
necurs,xeuaomesltevyues.cc
necurs,dxfdyeigyjupvygpsvv.bit
necurs,uehmbfptmqamolpyfwcp.de
necurs,yywebxioylvkemhiwmhp.so
necurs,csihqqtro.eu
necurs,ncfdcskqohcmkutb.tj
necurs,uoueggjjhjbfvdya.us
necurs,eaghsojrynqeacoumw.sc
necurs,ideiojhhkgbostastkd.cm
necurs,bdtabavygjbkx.so
necurs,bofolwyrodsg.xxx
necurs,flvvqmpcirfoyrohxgr.su
necurs,bhvvyvwdkmghys.mn
necurs,mxqolfanxld.ug
necurs,cdyxprnbpyhqixknolr.jp
necurs,pwpwmjp.us
necurs,ebboqne.im
necurs,uawxjqxeyvpugcetxolqi.mx
necurs,hjrbmygmkhmtgnihf.nf
necurs,fwagjcujtuvununybsx.me
necurs,ccqhojkvs.ga
necurs,typxweyfcjtr.ir
necurs,jgbvqmi.ru
necurs,appislblvkvabyhli.ir
necurs,xeydqahfgofti.cm
necurs,yfpyhulynkbq.kz
necurs,mifyeheuysuyfrmcvthns.tw
necurs,bimjvriganyecep.sc
necurs,qdnpoiptgglmtivwms.org
necurs,iimwpau.pro
necurs,xkrhydfwlwdbeuqkk.bz
necurs,nfrvuqoq.xxx
necurs,nqalnnyxwgja.mu
necurs,rmibmcbodvqfpox.ir
necurs,ubnksvhonxrb.ki
necurs,qjuhtrxxtovgecfm.nu
necurs,puwyjkqhmayquolhl.ac
necurs,ukyvcgpgcgvfygw.tj
necurs,ypqvfqrxaospjaohpctj.in
necurs,wrmutgd.bz
necurs,xxewyodamti.tj
necurs,qwhctfaxruugxps.mn
necurs,cdjawnddip.nf
necurs,sucfbny.tj
necurs,kjuampkv.so
necurs,qcbipqs.us
necurs,ytrsxaf.org
necurs,maxwhnwcpl.cx
necurs,htabrncad.pw
necurs,jaupimnikbhwgfbxpxh.kz
necurs,pytpohdmamjosumlt.sx
necurs,rijfbfldqorevjc.eu
necurs,ctkrnjf.ga
necurs,pqrrpvpuxyecwpejhnq.im
necurs,egkbsqrpvxfyrjuvafcwv.co
necurs,yucgxxtrhl.net
necurs,agnilgxppar.nf
necurs,wdeyimigdpdstpegcf.sc
necurs,biuluqpadsrgdksy.eu
necurs,fihxkeghyypf.us
necurs,xspqxnqknrbqskwjmnld.org
necurs,dfbpfiummewag.kz
necurs,hbfsupiajhh.la
necurs,bnfvdvptgrjdakaroqruu.la
necurs,jqnuknhuykylxjoap.com
necurs,haccmsbfsvnh.sc
necurs,sgsbwwithpxiamdhwkegj.ac
necurs,obprsrp.jp
necurs,pufnwkbnnw.nf
necurs,takhqcaou.org
necurs,ywrrfqudfvtkhshjgh.tv
necurs,syeveentwybkjrbtxd.tv
necurs,cfrfhjamcupfqetnp.cm
necurs,gmbykypbhhcheofdlcj.in
necurs,jqtlgwq.co
necurs,xhafupjpjknvyo.cx
necurs,unhdswpdbxaafcokejc.mx
necurs,gcsrywdthlsqiq.tw
necurs,ahpaplkg.tj
necurs,kfngoewsrqcrqtiaa.nf
necurs,jwywjhsc.ms
necurs,xkjyanervhdktfkls.ug
necurs,ernfjixwhwpqfkvrnqb.eu
necurs,muilipmknelhwkcnl.ms
necurs,ktapjlr.cm
necurs,ifqjxcruofpe.nu
necurs,xpngvylat.ac
necurs,jqnhhkymtrxmhkrlwcce.su
necurs,snrseferauopfagbsmu.su
necurs,vtaslagnihilabfkhx.ug
necurs,iqltwhvwbunvxiintyp.cc
necurs,ppyhgygbsqa.sx
necurs,dsvacojfbvqw.org
necurs,kogbrdoackcftxmou.ir
necurs,wdsjejxxxbhhpnkdmrg.sc
necurs,pdnqkihkgxsmsoxprd.eu
necurs,hupjefkoijq.ga
necurs,eysftcxfgmtidjyt.mn
necurs,eqafluynalfm.xxx
necurs,rctcludfldipuyvyw.cx
necurs,slitfvafpr.to
necurs,xhxyvxpvtib.nf
necurs,htkqfqpyxvfprgxadquc.pw
necurs,jgdrofnaevjgkrlcqrcdk.ug
necurs,abgekmnhflnfeiqm.in
necurs,rxedxgnlpwauwulhgh.cc
necurs,gsopwbqbfc.mn
necurs,flvcgybkmktrdohfm.im
necurs,exhaoudmgbub.ga
necurs,swummeoysqdibeh.nf
necurs,wdqrjxwvpcvlcxpkvluxg.sh
necurs,klcvdemewnxnv.mn
necurs,qfkgepbbdihgsabxbf.net
necurs,oclphiyjocyvhj.to
necurs,wyqeggxaqiheeiwde.ug
necurs,tjwddjbvtlouajqkrmuag.cm
necurs,kpuxwdh.net
necurs,isndlnhgadpjbgli.tw
necurs,ymdbgkfouiqp.tw
necurs,ypbvklvcpalappglcd.org
necurs,ixjugtitgl.me
necurs,yxwhldpgjlncxmss.eu
necurs,qddqypmexenl.cm
necurs,uuoercqtorw.cc
necurs,nprdrxteqltyvyqa.so
necurs,nnpfppreqgcxsyami.com
necurs,xhtdabqcvaooox.ug
necurs,nlbnpgxvltrbvuagcoe.pw
necurs,rxlfbvakeubpeg.me
necurs,tmgbtjlplntrstcuthu.ga
necurs,ghwvtwbpeud.ac
necurs,esxhaybyyhgbjtuih.la
necurs,kgkatcxttckuhchxgpt.ir
necurs,iexvkrqlnkmy.jp
necurs,dsppqclgiekulofeguopv.im
necurs,ehfepaasbpavjfyuf.ga
necurs,gwtsssdujfflntyw.ir
necurs,qboobxmblh.bit
necurs,crltaceelsugcbqr.ki
necurs,uatxijsg.mn
necurs,dfwtxokiilbvtbb.xxx
necurs,ueiokhiwigfuyunrkoql.im
necurs,amjvebxnsifpvqpxmqw.tj
necurs,meybibblguu.ki
necurs,pjivpmilkvk.org
necurs,cqfwdsh.la
necurs,mlethvddb.ir
necurs,mkdmmkmdf.me
necurs,jvnapeaeytrns.ms
necurs,klfnhenucuipyvji.me
necurs,hqnkaqnkbqlkdu.nu
necurs,xetndhaylsfqiysqm.so
necurs,advlaklwigqthhnj.org
necurs,yrhsmlbvvunocohpusb.pw
necurs,waydeuwx.me
necurs,nkuxehl.ru
necurs,jwwwvgipgvnwguhwjvnib.net
necurs,ujdatrwnpln.com
necurs,vqrolpypisiequuwrictk.su
necurs,ymvtrfwbbrcaehs.com
necurs,qjmuvtggvshuafyhyj.jp
necurs,poytkwe.cc
necurs,wnwuxkluqfjsrvkr.sh
necurs,amndjqaepsavencdyte.cm
necurs,qqsbexavqjstnifcvtng.tw
necurs,haayjsrerdoekavjontrq.us
necurs,jgtwqflof.ru
necurs,njfdpayftbyuwog.org
necurs,jerexxjwvyyl.com
necurs,ubssmvjufkhscpljpesi.cc
necurs,ktvjhguhrwmmespvhteo.com
necurs,jjndldqbqiwnswuoyj.cc
necurs,rohthdxsjnx.me
necurs,pbyuhmpbcu.so
necurs,rwngdsulcbauwrjh.nu
necurs,mkpilqug.cc
necurs,metvwlypqvo.kz
necurs,lcnfdjggb.pro
necurs,kiqsesvwq.sc
necurs,aevdhohxttmfisoiquw.mu
necurs,cpmbqkdm.so
necurs,umqptkx.sx
necurs,atlfnfhqmgymqygeyn.me
necurs,amyjyxhe.xxx
necurs,bffkaqjwjlkhatior.ru
necurs,gnobasxgxscnbim.ms
necurs,gwvqnjpdlixbjcfq.cm
necurs,kayqhifavjbor.ug
necurs,mhyuysfenkup.cx
necurs,rdcpifmfgwkkrabthk.com
necurs,yqsasitsufruhip.org
necurs,vvdpwefjobydmmvwpns.cm
necurs,ismyqhpkuypcmdpsxuwwd.mu
necurs,hurbqsnnhedarmhrbmlyw.eu
necurs,vjawothtwypytsuhotb.mx
necurs,gqshtvsvtqtlrlipdk.in
necurs,uveimrepio.org
necurs,uvllngpicnonv.co
necurs,vumpkugtgx.ru
necurs,kystgwbal.org
necurs,qbfrnxcvmbdahwasfkd.xxx
necurs,vovlhymkpgjtcq.tv
necurs,psctkgbrtvwhsuqrkop.so
necurs,kfajadewqihfbvvrttyy.ru
necurs,jwaqpclmufuifydjgtdk.biz
necurs,kbtnclqjuoxit.mn
necurs,wbarfkqqnu.nf
necurs,bgmrholqktxrf.mn
necurs,omhqsuge.pw
necurs,akrknyvlegbn.org
necurs,oskhepagvnlufpr.cm
necurs,wuexwxbaljajfogw.cx
necurs,eogtgvsvbixwwrkpqe.ms
necurs,dfrbyvlnexwpxlomkgir.im
necurs,gtcymetwyfdapdj.ru
necurs,wgrdyprfbf.ru
necurs,boxriucsdxx.us
necurs,xdpdayiefa.tv
necurs,wanyenencqyknvi.sh
necurs,tfxuafmps.co
necurs,mgiigmetm.org
necurs,ajwvkrcsxoiuqrmoqtos.nu
necurs,adkdrbkqp.sx
necurs,tvguputytmjexgoncqvdv.sc
necurs,hjfjmihduvifvlxtvk.ac
necurs,civtcwerjasbfkm.mx
necurs,epcsvethgkcapxrqw.sx
necurs,cewifcdplrwd.eu
necurs,ncvjtrtuh.mn
necurs,gymiqbremngsrqujtefsv.tw
necurs,skssexoqcj.xxx
necurs,qosnmhuxl.mx
necurs,ircuuntafvajoautjuy.ga
necurs,jukljbrsmkm.ru
necurs,syfottp.xxx
necurs,qjqveplqfaavqapt.cc
necurs,hfwujks.sc
necurs,msvgjeyjqdhdknfegenln.ki
necurs,tmsdvgkpx.in
necurs,xkgtrjgihx.ir
necurs,bwddrivrdmpsvbh.co
necurs,lbdjwtjbbgkxecsh.cm
necurs,qfebiqg.so
necurs,xetdufuhy.eu
necurs,pgskwfishycrqntclprvd.in
necurs,byrfkfkevr.tw
necurs,sudqmaesrrgrtdhu.me
necurs,usiwstqxteebslpltdth.im
necurs,mwrgiwklwegwxsrve.org
necurs,yqqgdqhpqxivyi.co
necurs,naqecek.mx
necurs,xrhhomwithlmlrlqis.tj
necurs,dqurqlpjduwdxtu.ga
necurs,igifjmpekufvpqkbtlro.cm
necurs,esdwoabyxcb.in
necurs,jjtqwbpitp.ug
necurs,aeydpfelxfv.kz
necurs,uktsxsx.so
necurs,njjilreydy.ki
necurs,syllqkoxjvqto.sx
necurs,pksrveushgudehduwqw.jp
necurs,iyhpruhggvavdthb.ki
necurs,ltadxftypi.ug
necurs,ofawschyyagksbh.cc
necurs,xlivmmp.tj
necurs,aoftuymn.in
necurs,cawewhnxwcgxfqvwmh.so
necurs,xlenidgwvebuqwybvdjnt.de
necurs,lwiycwbnnuwieomdy.eu
necurs,uqdhdcgblq.sx
necurs,fbfywtaddckg.la
necurs,mxjjqitm.cx
necurs,veqtpbovljwfmtfjwiun.nf
necurs,bxyqkyqhsvuk.in
necurs,sybfarjaad.cm
necurs,opfrcesnrkawumnavfw.ru
necurs,xfmdcwlcm.to
necurs,vbgndqeaptkbj.co
necurs,dfqqwswnsvljtbtibq.in
necurs,fseqnwhe.ru
necurs,lpibcxivvhfkavtppdb.net
necurs,qrgxtkawyb.me
necurs,gbitdrs.kz
necurs,pvroeclg.net
necurs,kbvkwgd.ac
necurs,juwfmsaqttntrwborf.tw
necurs,hhjcxpkhlowk.ms
necurs,hhurgabnwm.us
necurs,qxkasuidipkoffsaimqn.mx
necurs,wuifxiwa.eu
necurs,poqypdlxxeklxl.eu
necurs,mlojbfrxpmau.ir
necurs,lillrvv.kz
necurs,pigfypcsqifjgql.nu
necurs,feqiumkb.me
necurs,hiwahoiforqunxib.bz
necurs,opxtuiwx.biz
necurs,nimxqhhl.xxx
necurs,sbttdytnwkxqgorwnppe.ru
necurs,ggnbgmp.la
necurs,dwftkeyopcdjebhi.mn
necurs,emwaoqgwilosc.us
necurs,rkdpmyyamlqt.eu
necurs,llorakivyleo.to
necurs,nsamwbgdgt.xxx
necurs,ayqckvejfbtxyxie.sx
necurs,bsbmncuyothrgbyo.la
necurs,ibtjrwndqnpenquqrwv.ug
necurs,yjiowstn.ru
necurs,onjoioiaieemfnmsb.to
necurs,ikokjsgdrmghb.mx
necurs,tatvcuputawwleaig.net
necurs,vokweeplhpldualvxrnlo.sx
necurs,esowursoiqe.tw
necurs,skpwhjn.biz
necurs,ydjrydxaftcqqpvat.ms
necurs,grrmkweyv.nf
necurs,tmwxwiawm.su
necurs,khwiqonfmebhyespnxigi.mn
necurs,htngmetcdqyjsytkrteqe.ru
necurs,jrvqdleunqycvsd.co
necurs,rberttrsa.co
necurs,smahgnsglrn.us
necurs,cntxlllipovkug.ru
necurs,jxxaiuatibajretrfr.xxx
necurs,qjldrmdaqqpxbp.ac
necurs,djbilfklregthbpeqff.net
necurs,kmumnjroxhntsfevqa.sx
necurs,ycyupwnepcfsvruex.tj
necurs,mpcjqvdpjkirowej.me
necurs,oogrgofahihnisrwjvpyt.so
necurs,unlwpbdgbwssifiuvhhrn.sc
necurs,jpgilbbfdhpjquex.eu
necurs,ykgjmdibdjctwgwi.nf
necurs,haeauvilntjbhknea.cx
necurs,xkfypcocdeys.co
necurs,xxcxvibgucepmbnvjttbo.cm
necurs,vbtpcdcueoxlpxanlg.org
necurs,qmegukprsuqjctjrp.ac
necurs,sqpanuginobybxnp.cm
necurs,yyoimqliyhstfcxwqfyiw.pw
necurs,iashloirtfccxinyhwokl.jp
necurs,akarwsvyt.in
necurs,gpnnwlyqvjwhnrk.nu
necurs,nldnlvlaw.me
necurs,eqwmxdpo.ac
necurs,amsenyiqltu.ga
necurs,jbowmugyys.org
necurs,gdceirtnomnahsy.tw
necurs,jwhxthawco.cm
necurs,lneuqikbxbkouqlcg.la
necurs,ovuvkxkoumbdv.pw
necurs,qndfivjwlqasrlaqg.im
necurs,awjjvjlwrskchchhaf.so
necurs,ohukyphtaxkjnu.mu
necurs,ofhyswxmftuoerpaeapy.tj
necurs,mfobiqad.co
necurs,wrxpfiivammpg.tv
necurs,aogamwmdb.sh
necurs,tmstxiuwbrswkewy.bit
necurs,tuhohwymwkbel.ug
necurs,stedxenthjtecvceghc.cc
necurs,rbjokrmafbnd.ms
necurs,exrvsahtyimfufpj.com
necurs,oriyjsn.com
necurs,xsqljukr.mu
necurs,ujcgkudanpxft.org
necurs,yvfdcty.cm
necurs,eoaqocyof.tj
necurs,urvnaucpfd.eu
necurs,pwxiaiyvnpgemciph.mx
necurs,ahfvsntfhs.tj
necurs,wfvdmaxorjcrqckiehfk.jp
necurs,uceiyqgdlobnhtsgigsr.de
necurs,jvgfctgakicqyyoog.ug
necurs,qxvkdibgtdxsstkmawb.mn
necurs,whwmdcxbgolqlorudc.bz
necurs,mceofpwswd.co
necurs,pasyvdnens.pro
necurs,hmiubnixmimqgjwsjhd.ug
necurs,mqfwndgtyjwh.de
necurs,ipdfcutdxiiqptqxs.im
necurs,ldnfvup.org
necurs,gwxydprl.mn
necurs,bwtfkxffcdpfumvysd.ki
necurs,yyukdxxw.so
necurs,phmnlbaetbpy.bz
necurs,dqgoxgabmqaitjewhokks.ms
necurs,qahfoorylwmbppkk.la
necurs,fbfqdxmg.cm
necurs,fcpgnstyskphymkvwq.biz
necurs,oyryhenaiktxfpru.sx
necurs,btnnqwqxvnhq.tj
necurs,grshxxieyd.tw
necurs,ojbjgsxwidcqofbyeewui.ms
necurs,bxwowkrufmgasipsbt.nf
necurs,cuihrmjtkiixyunb.im
necurs,gebovnif.to
necurs,ehdqtpe.me
necurs,iaqyaxkiqyfnwgqrysbg.com
necurs,yvudfmlt.biz
necurs,mtugmcsjsxbjmanddoml.jp
necurs,ljeoknd.sc
necurs,emnvqakde.mx
necurs,ttgjgnvauu.tv
necurs,cwfxjsacyytuvunvikxmm.eu
necurs,xfaltjjiyqcu.us
necurs,bwpskxpjppqoe.mu
necurs,aouhqhtbb.in
necurs,cgvtdllejjiqnhvphpyk.ir
necurs,fadjvlwiyxpcncqeuea.bz
necurs,uyubogmoo.org
necurs,nfugiarbqrjulqdvw.us
necurs,hxeyxomgvikktflfmuwa.tw
necurs,vmkoelktle.cc
necurs,sfycahuxll.bz
necurs,udtusdokexaqiataa.mu
necurs,rkadprdexrdsnvnu.ug
necurs,gdtpwiahcv.mn
necurs,lsbkdijpv.mu
necurs,bmpbwip.tv
necurs,snijufrxvwrsohrq.ac
necurs,jcqbncibcwxyaihgid.org
necurs,ffnkdpipv.com
necurs,qyclfhptndpdwwjoinw.org
necurs,wljmesbtlcdstnipoh.eu
necurs,vnulcqxp.xxx
necurs,utbcorokdemanl.so
necurs,xewcegvwiwlkqybu.eu
necurs,dabngwxjger.pro
necurs,ijeymyxwu.tw
necurs,hygwudc.mx
necurs,grnmfbppbb.xxx
necurs,wdjuamxilmsl.to
necurs,afphfdvmpwrjpumy.ac
necurs,pkrcnmmtbvfuvv.tv
necurs,alwvagytnxrvcaqbfbwew.pw
necurs,cmybhfxqbydrjgtxbuq.sh
necurs,nehyhqhogaen.us
necurs,vwomxdaalsxpln.tw
necurs,lahuooglowutmj.mu
necurs,awjnhklx.ru
necurs,vsnmhnwyaxbualgw.tj
necurs,goipfbkhvtigwjnvp.pw
necurs,npxtihioa.ki
necurs,wwgcyfywpneioetxq.ir
necurs,nbxolpykugpdurmc.la
necurs,dtaqqanieiwodpdfgen.xxx
necurs,celoaqwqtelweupvhgm.mu
necurs,ocggmubmgojawancsrrn.mu
necurs,ungagflxuuxwgci.sx
necurs,acsacxomqjteo.com
necurs,ejymfbokihspwob.kz
necurs,iabfagtdpqbkrynenisf.to
necurs,oqxwsowjbupl.mn
necurs,bmyethjf.mx
necurs,eqhmrtyhsmorxb.kz
necurs,xridobwdg.tw
necurs,mksuuodhwhdrtaojn.mx
necurs,lwyeeqsjjnjsarveviyg.bit
necurs,yeianeltbiwaaspuehrs.pro
necurs,qiklkbtrkjltjyyww.mu
necurs,dpfjqptutjnrerbypnp.in
necurs,ogayusushbnugymnuus.sc
necurs,eyrmcskn.me
necurs,gcujdwoyqfqisecnmmccu.biz
necurs,wcivbryihbdq.tv
necurs,slmmlhqrhfdweilmbarp.eu
necurs,anrhsbjssfsyacfw.ga
necurs,ervpbon.su
necurs,mugjvai.cm
necurs,ttspxotm.com
necurs,xeeaoqvruouhnnvif.mu
necurs,hvttcssypdxrwq.ac
necurs,gbmwdvhakcwsh.in
necurs,ksgxdjpixjv.ms
necurs,uijlnoeybd.ug
necurs,yegdfkpclmfrqamsmcsj.sx
necurs,itcygib.sh
necurs,bujkmfoo.im
necurs,wlotmwyxxwomkptm.xxx
necurs,hvcofeoxeubwhdjfc.cx
necurs,yycxmhfgwcfwexc.tv
necurs,mbkrrquo.ir
necurs,bragwdptdt.bit
necurs,jdrqaaxsrusg.ms
necurs,hbildvibfrxccvflur.ug
necurs,vuyicfvxjsyc.tj
necurs,kxlhdnol.pro
necurs,iwsmgxkqtoofidafu.de
necurs,nwfrpjoueoarvdyly.de
necurs,aexucuqkvsauysiguphhb.sc
necurs,ypvaqjvibhrr.ga
necurs,jdlncuowhnfmqxphaohw.cc
necurs,wvacapksmysgkfuxk.ga
necurs,opnxevi.co
necurs,csjswhlcghcha.biz
newgoz,xvg30h7iycy01w41v4ykfv6up.com
newgoz,7xr1w14djjqx1k76g2s1may4xt.net
newgoz,nkyh341p11q8u15shiia1ck9uqj.biz
newgoz,1ud77cd1vapz4gnnk6sl1qcnrq8.org
newgoz,d3ggq0bqhhtndfny8wk95173.com
newgoz,b1ffn37av3js5kher0encies.net
newgoz,uyxg7g1jpne511i2b5czj61l6d.org
newgoz,1gw0x2q3q5690hxkvzp1kn2las.net
newgoz,1iwo8wjk3t0mzhjwmgwdsz4jt.com
newgoz,1lwb4wyyfbd5d86k9i1o2zhum.org
newgoz,c4loaywifbsg1mjsw3y1hhnuz2.biz
newgoz,wmm6aw1f2cxl213zaj3n1hbz762.net
newgoz,z6aici1twweky1pcz1411uak5u9.com
newgoz,jm5qhr1n5wpxurvoz0y1wjv2yy.net
newgoz,1ghyehi1ou8im41vx6gym1iu2zgq.biz
newgoz,5ylcy1hi319j1fyl6821ng8ynr.org
newgoz,1u3602k1stsfju8plfxo1xyedyp.com
newgoz,1isiur8umhobq1mt6trk11eaahj.net
newgoz,10trd5gdrzr5srvgezt1tweipn.org
newgoz,tc2ievhc4gcmau536r1u5kesr.net
newgoz,8yxp142me6t61u1j9ymajp337.com
newgoz,jrzfu11fjvskhouvg37se7iaw.org
newgoz,kkxsl0tokzol1ldjj1pfs22jq.biz
newgoz,xunzd7k8jr3cx3cc6uimwd5x.net
newgoz,1t1x7z91mvs4mlon2ekmf61p19.com
newgoz,avp2ar1gc8hri9om8n6ae2ejh.net
newgoz,x58p21j4ufze1vu8yrv10q9kmx.biz
newgoz,1e30lrptchbz5kds3j01or2ixr.org
newgoz,1b8vj9zyxizcq14h7wh212avosh.com
newgoz,176fgx1t9xgzrff9afg13sih5v.net
newgoz,uc0lkhbv9v8j1ntjz5kt0adg4.org
newgoz,1r8buy51o2u6ex1fdt337111z3xe.net
newgoz,3o5whq18qc2um1b08fwo11o78x3.com
newgoz,1amcrm1maaq80jiqeu7nyctv0.org
newgoz,1xnoju97rnn3u1yd3xzj3lbaq8.biz
newgoz,pbm4ewdrctivyuug0n1koaojq.net
newgoz,78bpud12yupok1awzmkrop5kkf.com
newgoz,jlxgq691owl71qys6qq3htvic.net
newgoz,85v9zjmz4n1f1mlqivue5uk9k.biz
newgoz,svkzwu12v2ad2h2qynjz1mmlf.org
newgoz,ydjf7jljre3k542eh5557qja.com
newgoz,fn4rbi760p287ckcx04e5xi9.net
newgoz,mt2l2elhcuj6cw38o11mp4v0.org
newgoz,1ol9ihfd1zll3x4ts0q1fpbcan.net
newgoz,1b4y2prutqgnn1u1kpk61vhcgge.com
newgoz,1nzed4c1exvbb01xytqil6gyt7i.org
newgoz,rcqcj3qlzx9bzrzh30xmgu2j.biz
newgoz,c04w3idltvjc1oxqir81m1wk3s.net
newgoz,4b3utvdqfeny19gisgilnitn.com
newgoz,k718ud1bxzza01j65prpv8gvlc.net
newgoz,ocjdqy1bqyzn519yc3nfc1lmla.biz
newgoz,1fcs2r5gc27o6qkzyqp12moxr.org
newgoz,pbwteubx7h8tsou8bs1vmpjdf.com
newgoz,1sj9hn81e7p3d41dxp6ia1bo0kjx.net
newgoz,1rm7v7k1xswg8m1o60g63d7upv5.org
newgoz,g7b4zvuypv40osjykbwl7kxu.net
newgoz,1djgnxe17z73a7f0x61lvibas.com
newgoz,16ghsxthnhozz1ctiwn91vy68hi.org
newgoz,189eluv4aqm7s8czpfijht1et.biz
newgoz,166lhvvgqks89qea9rl1izhkdk.net
newgoz,tdcukyaaoo71jp6iry1udpggo.com
newgoz,1sggrftcbc4flyzio68z19h2.net
newgoz,1kggnw91vo86g41qlsl8odyhesx.biz
newgoz,9a8n0mwcsc0aqby9pk3214rw.org
newgoz,1fag2tz1fapl4j1nj7ghp1uwd9by.com
newgoz,1tpd8zuvrguen1vncux51rhw3gd.net
newgoz,ky3v7xvotgbmdml6141v6ms6x.org
newgoz,1kkb6g6601dkl2zdmsl182rc4n.net
newgoz,1s0nv5t1apq28l1ggtgm216yes3y.com
newgoz,3e5xfw1vhyzaa1fqulve1fneqvt.org
newgoz,1lcvj3m1gkyjsy1xv4wfx15gsup1.biz
newgoz,1xhcw1k7rfbki1vdwlsw1sg6ii.net
newgoz,1bj609q9hafdq17mr96aal4ojz.com
newgoz,1qplw98wwxavuczldld1k19h2l.net
newgoz,1g9ntay1y6clxahvy6u5riksr.biz
newgoz,9rxztvmikmba17a5htz1ovhg12.org
newgoz,1nt6sko1e4blt01hj9wzy1rjov0r.com
newgoz,19n7uv711ahfy5ccpn6t193vnn0.net
newgoz,1r5pier6dio1xrc65y8uj4nd4.org
newgoz,15o32dt17wbmxr1oq6ngugkz0ua.net
newgoz,ksugen1mxfrvh1jy1ae010q3ik0.com
newgoz,1qsandc1e9k955mjnj74pxq0gb.org
newgoz,lh738re85bsuq8i1xz18ul65p.biz
newgoz,r2al6b1c6grpn1i384bu1sta16.net
newgoz,1tc437b1htq20b4qddh61fo467s.com
newgoz,w522nhpbxfqrfj6hsbeqm92s.net
newgoz,11fuf11390xsb1mo9llpuki5h4.biz
newgoz,fz105b17k5ewy102k3d4js1gej.org
newgoz,az6q6qx3cmag1dl3ex16bizr.com
newgoz,10wyfcr7b5k1eud52kuk90fcj.net
newgoz,us9jyi1k7hk9f1bzrtbdskoin3.org
newgoz,1lum4m414ir6kzg7zwibpsg20i.net
newgoz,1whqvjl1yy341a1nmtjjc1h5ygkz.com
newgoz,1rpwpyb1c3jsngvrdsw0qu5m4f.org
newgoz,bma50z92w6ab3gwaxj1l6fzyb.biz
newgoz,7vmw2i1tei56x1r9b4f2okhfd6.net
newgoz,xe2rqz1mdchs71gu257ag90win.com
newgoz,mdoyysnlk9z2100aychwbfrds.net
newgoz,1yud71oapd0k81no4wj01h2qc0c.biz
newgoz,117j05913iaq2d1ft5zgh1681uyc.org
newgoz,6kqo3n1mi4u131bbvrhtevixbn.com
newgoz,1a4zjhd1x6w6z41jag72fcgu42e.net
newgoz,59mvkfg5kf81wi592b1llxfml.org
newgoz,ytkuro7kfs9f1ynryspfnuer8.net
newgoz,1my313r15v4a2uj5siqz1spfbk6.com
newgoz,1nxzsgwv0ucl3lp6iboa8kb3r.org
newgoz,jlwag91sn5j8fg2dv8w1vaumj.biz
newgoz,1dcju5n5heu141bh2km9m8v1rv.net
newgoz,ixxpe1t9b8pj1l2grlfjxu48n.com
newgoz,1lazwyxrumwlsltc1ajir38x1.net
newgoz,1jvye5dykoheebkxcwlsrx5v8.biz
newgoz,9oipnvf9jetfdodzdj1yqa8n6.org
newgoz,wmddcq1d2r1cp1hjrg61qd509n.com
newgoz,1ugq9gs14jlcvj8mw4ez1x5g60d.net
newgoz,1x2l7ue1l8al8n16efv2y1p0j69v.org
newgoz,1nhc9j61qusu9b1mk8uxauf3rkp.net
newgoz,15pek39wr05qp1wxi4dh1n34jtn.com
newgoz,184esor1vkm1bfbav12j1pxdtf3.org
newgoz,1065cn85ryc8918n3gnd15jucwd.biz
newgoz,1cvmpm26jghonirnt1z1ghnn6k.net
newgoz,1u1qgye2prxq61xycrz7vemav9.com
newgoz,1l4wfwbn7ab2c173ubwn1pt9mon.net
newgoz,1t0xhkm1tjthff1omfi5sv2frik.biz
newgoz,1138im1glf2rf19eihoj1cnxt1o.org
newgoz,v1hh9b1js61yj14mlsndf61g5e.com
newgoz,97hnvygykbkr1yblafzhh9qy.net
newgoz,zez20x1tmsw6x1lgpu051ghi44z.org
newgoz,1l0kz421wagy5716z0m0vvp6dhf.net
newgoz,10djnrtak3cvp16ki11b195y7pm.com
newgoz,86nkuk1ay1c3yc4w6eo10ctotu.org
newgoz,pguu19e0m3k4tkxyo4fwuucr.biz
newgoz,113spt25czlebxcnrh0zw96eh.net
newgoz,16cwks0zigam7s02d0q5x3t41.com
newgoz,jl97luc3lpux1on51ng1la7qs8.net
newgoz,1mt3cg11qmpb2q1ble2ey1g7lje7.biz
newgoz,1k2fe0h16w8sqd1l32gcad5s0eo.org
newgoz,1n9wjtmxa4uv5197v3rz1xqyqhj.com
newgoz,ko1r7j10y1cu2rrhe5l7p1eh4.net
newgoz,1dlg48ykf9b2x1yaqd9b1sldhpi.org
newgoz,c6j75m1jn61fv1aha74b11bbt2g.net
newgoz,1lald0119nxoeg1reyka9u2b3s1.com
newgoz,w4m2ro1y04rr7s67361v2oc4u.org
newgoz,jnb3kqgnz2c1avvy7v61u97s.biz
newgoz,1i5w56j213am1ambh1kw025c4.net
newgoz,yhm92w1mjrl441ello0c191qktd.com
newgoz,jy32slnefr1jficwhn7os79s.net
newgoz,1a2bytqr0o4o610tyxt21qse9zr.biz
newgoz,15zg0zz1sd1gxz1ao0uegpc9ktg.org
newgoz,16thxl196497247kajan9xpmc.com
newgoz,c9qm5a10xggv1rp2xfg1em9zbh.net
newgoz,pf1wfdjksquo1ey2fn9mvha3v.org
newgoz,1n8vryk1ifg6fc17u8sjao1se8y.net
newgoz,1fljrqd15nqb13kfg5461h6mhpl.com
newgoz,ciba4r1ck2qca14xqs9k1rl42ww.org
newgoz,1uezasl19gozhd1q9l7xw1knc8tq.biz
newgoz,1qlz9af19qxsxj1mip5dd1c1jl7d.net
newgoz,gr94ul1y0ohczpg8b334xa7bj.com
newgoz,n6k3t41b3tmh4hhqpvl1i6863k.net
newgoz,1x7ytt6y4zu8242x8ush5mcr7.biz
newgoz,lh6fgx1877ego1b28sna1h7oj48.org
newgoz,dl20xr169lmn1yofjoet8spkw.com
newgoz,phi7p21x39i141iq9ka93dtmz0.net
newgoz,14ldlxg1b81har1qz773m1kump2c.org
newgoz,hb9bvilbmiwl1syejcmo26imh.net
newgoz,1itqfel1hm6scb16mozgb1ywnk59.com
newgoz,oihwki1rpgm3u10c4xwhjf7p8a.org
newgoz,1f37khr1omxswz1gyw15tlxi167.biz
newgoz,sn6ptp1l6k7bp1ofcgi4du7z1a.net
newgoz,ogjc688ii171wx0wttc74406.com
newgoz,geyz6atvlhu31m7sewm1b1fi1.net
newgoz,1i5rlw41j3nuau1k31rcy3cfxlm.biz
newgoz,1xul4yv4eiorv14btp2wnfmek.org
newgoz,1mhk3021xkaqa6zujl5aqb71b7.com
newgoz,a5qp7615qkxam1b5gvcw1r4803j.net
newgoz,ti83031nm7art11kjj0l4jnop3.org
newgoz,1o5t40u1ro2z8o1gcabfu1197gl5.net
newgoz,b43hs2lj2cq21qtf55gctbrt8.com
newgoz,1w9eqfcdoh83co0159p1m7mp9a.org
newgoz,1ln7xw6pgt1zcgxa4qx4p29re.biz
newgoz,10i017qwysm5rppeais1vpv2qz.net
newgoz,1g8rhvv9xiiho7k8zkgx77h2h.com
newgoz,6tlhuv15k96ayb5lxfb1pnhul7.net
newgoz,huzn2uhsvkyv1xb904r1wk5qxz.biz
newgoz,13vxm6jxqbzv9qemyuzi0psia.org
newgoz,xl7iy71je1z291q0662khww9lf.com
newgoz,i5tjm3uh97hh1a81mnyorlkxj.net
newgoz,vizxg9y2310v1890v4z19gi0ou.org
newgoz,v0mmgpmso9201tcy7kz17dgny4.net
newgoz,w6q44s1ll8swk89nprw1hxqtx7.com
newgoz,1g8n0vh17jasak1lzswontf64x4.org
newgoz,15dz04a1s88dn72hm1i41w5i0r0.biz
newgoz,vnm59g89z2n2te50s02xevmi.net
newgoz,2f2rts8h2ta31gs9qm0kpism1.com
newgoz,prqdxqncw6lx1vk219dcuzif.net
newgoz,1tr7c0zqhw62p3xozy81fl5v5t.biz
newgoz,19v5tpc1d280k3beypgfzd5rfj.org
newgoz,es0w541yf1717ikibfl11oqmjb.com
newgoz,nb3era2e83ba18o61o01kth0at.net
newgoz,1vjb12a13ci7h51h5aukp1onc6bp.org
newgoz,993id03rtq061d6sia31m38a1.net
newgoz,18y8gpl6c9fs51y17nuq1qv6rir.com
newgoz,y1bpau1dak34g1andvom14wwueg.org
newgoz,1788zsi1idq3ma8cgg31d48llk.biz
newgoz,1s27pm1g3yn9o1ar31kzl1vphn.net
newgoz,3hvglstioovg50y34qh7zdfa.com
newgoz,h39i6g8id8pu191rqsv8kt2fo.net
newgoz,1dwrsbd1hfa5si19apg671g7r9st.biz
newgoz,42xsjhbpapvm1y0oz5i1dguhwc.org
newgoz,1l2h0sp1jk8s1i1u8in77473grx.com
newgoz,og8o5qviep6ymodyhr1wnmlor.net
newgoz,19qunrwzkboy4y8t838194lfm7.org
newgoz,19paeaq1vx4cf1bwwj3814uapep.net
newgoz,gr78ch12vi5jg1ni3jfx1vmcree.com
newgoz,g7hxq8nszom21929s4u1h832ka.org
newgoz,1sj3pfskuqij5248sx8bcrzhm.biz
newgoz,1akosjq10mubn111nwx19ayrxls.net
newgoz,1vo1ti21b3lydagqx3dq1ebiani.com
newgoz,1y6rhlx1hongij1b640is121dru9.net
newgoz,441fkjz6slqi1b5ljs3nkrcv2.biz
newgoz,rsxoxwcw1tcl178nxo71mg2he5.org
newgoz,1upmochoq79ey1p85u1b5tbo1f.com
newgoz,14itcc8r8jv791nbwj191y2onez.net
newgoz,5gvtccevkos7clv83825eyls.org
newgoz,6t3rmwhizjvsps8mil162j0ho.net
newgoz,pmaos01wqbo771o9v9nrssapn.com
newgoz,wjinim1dxqxz21998xrr9tbco9.org
newgoz,16g1mcbifmedxso9u2g1duo5vd.biz
newgoz,1mhg724tjhhnk1xxcwdxk68867.net
newgoz,1mgogz111r66f311s2zzcte2je.com
newgoz,1rlkc8gqm6ls91mej9p5cuxeyn.net
newgoz,1jergmpc4da76prqiz2hkydoe.biz
newgoz,1l9hv1e1235zta39hmgiucb7l.org
newgoz,1td2ztc1016g881pvv4lh1q12ptb.com
newgoz,ohgi8w1djh1dg19ykeqh1vehso6.net
newgoz,z4ob5olsmxho1t2tpecjabex6.org
newgoz,s4b7fi1yk67fc1ppu40n445knl.net
newgoz,1xjwfay1ktmk24w8y4j14a26zn.com
newgoz,toyb1k37f14wfjfr831x6j131.org
newgoz,z5yw6o1ecl85s1slnvwi1d8vhpr.biz
newgoz,31ie5f5ivkcf1fi2n2sjszdfk.net
newgoz,nvavve14nnrnb1ckraeyuz9pv.com
newgoz,zyub0o1vw0b7tja9ega1hixr16.net
newgoz,6vv4fx1ey58kkot3pix1a5n4kb.biz
newgoz,ajjgvo1bqn63xz0fjsbjm9opk.org
newgoz,1tjehcwv0woui19racpgh204ed.com
newgoz,1do3x9j1d8uujf1gtbbzn1cyspdx.net
newgoz,syp46d1bt2zwk1xosmk0hwzizt.org
newgoz,tj6uk51i2unsz1y66kjcjallmd.net
newgoz,17ftft8o5l8su1try2xn1r8dxqw.com
newgoz,cfm4mp14sykt11aj0461orjho6.org
newgoz,1gx8lv5tmktaa5y8fz1l2f99u.biz
newgoz,1akctho1xdg5stejydoxqptt80.net
newgoz,14depxx1bfmjsn1stlg5kykkbik.com
newgoz,clxagques4ab15g16hzr7uemt.net
newgoz,1h97rrb54slp51ou280qve10au.biz
newgoz,11elyaw87espl1hsguofwgxmru.org
newgoz,15a1yx91pf5elw1tf9ogs1svtv7n.com
newgoz,1l1oikaq6e87nu2v0rj192iseg.net
newgoz,10xzny1wubl06132h48hdzps9o.org
newgoz,slm95d1w7ub1n1j109gay481dz.net
newgoz,c9trizhyy2i91xgq54xriw2v.com
newgoz,1fj8jpkxc66ksqzxg2f1xa5px9.org
newgoz,1rd2cwk1a366kv296fud1e7apvl.biz
newgoz,kxatmr1fg7dea1do1l211xs0eba.net
newgoz,ab3dtm1lc5pqz1hhpxwkx25go8.com
newgoz,93zn6a152gev2huaoykv6helu.net
newgoz,12a7nkedzwksdwxjysohvp00e.biz
newgoz,1pak28ttd4dan33pj5hgfg8g6.org
newgoz,1qo50ck185xl32jmylsn10pg0pt.com
newgoz,1ddwncf1fpfdqo1on9csu1fngawi.net
newgoz,16756s9pa61m5lirvc45wv1pi.org
newgoz,1wmoasjzuin40btdyjo1qeiftg.net
newgoz,12lpglgoc1vtm1tb68f61ql20fv.com
newgoz,1vk4wzn1k4b5gj1l6m7ez1fb5vk0.org
newgoz,13os7z7137rzbcpscgfio5jtnq.biz
newgoz,fdutyq1cv9cyx1u0qy22girk5h.net
newgoz,5b8iz810r4hco6edxh64lvilh.com
newgoz,1jjexhz7dx02s2bbiy6i0kz09.net
newgoz,191davds7u8mgf9jcqy1vu4xm5.biz
newgoz,gzwv4so9e7uy10t6aer11hszco.org
newgoz,iqqjjd1vqjkbl13f9jdvb5zh1x.com
newgoz,1500w83uhnfjedgadkj1fh77ws.net
newgoz,5c7j04quxom1frxl9asvvw1d.org
newgoz,4bajrkqbezvlrcse9fdol74w.net
newgoz,1kq84f81wgxu19mi0n4du7d0qv.com
newgoz,1x5selgcnq4cusqsjb2yylqpm.org
newgoz,1d6ocvo20rdko15dxj4v1op2qlh.biz
newgoz,bnh12tykulfu11v2l6etitly3.net
newgoz,ku7txvx5hz4r1yg2c0xikll45.com
newgoz,3x2vrv1obd1r1o7zegwlo4nmm.net
newgoz,f4s8ms1ew3fo075yj5m1uk5nmz.biz
newgoz,1luzgvewf0rw2uje0uejed55q.org
newgoz,1d6mybr1xek7im1vws0lpwyspth.com
newgoz,m4gbcoe9oz011atn255iv1pxr.net
newgoz,17r08sgkhup3c1dm6wjw5yl5bn.org
newgoz,3hvl5wc3f2yy8im4eb1mmo4ri.net
newgoz,cxb5lm2wycfx1ngqdq21sx4dxk.com
newgoz,cma6ux9d8h1r1gqw7f6uvn43d.org
newgoz,ep4r50ow1v37yylgwbi4tc98.biz
newgoz,188wh7oj4sxg39pzccnpndojx.net
newgoz,y2lod91jsyyfy16b6btb19vmmg9.com
newgoz,1oai4w8dntij5ronsfm19ps8yn.net
newgoz,1vtje0814533s2uy5tmp13ystv1.biz
newgoz,1lztwyoe8ckgk8o95zh0qly3.org
newgoz,1czsw7fn043ltaah4j9ks9zw.com
newgoz,vgjguv4r32f311zvdzezighyi.net
newgoz,180pc6dmgncznnt7cq5ie7vu.org
newgoz,j89p1t17doaqa18a3hfxiopt2b.net
newgoz,1tuqaeqgjf0ft35f5vy1u05whw.com
newgoz,16xaihim38nz2153otrta3g3q5.org
newgoz,q5xb5010aqyt11wauz8d7l0ck.biz
newgoz,48i3l5m4lgpvj8vha9b3zkd8.net
newgoz,16ty4ai1gj9ubm9sia9i1p96yri.com
newgoz,a7ie3hta3goeoh5l2nv9d2oo.net
newgoz,1pshkdatwf36gcra9jc18odh4x.biz
newgoz,347irz1cvbtvclcas8qvet56.org
newgoz,1jw55ws9j6vd31yu04bp1ov285q.com
newgoz,1giokj31c6haj81jc96b3e36jme.net
newgoz,aicq2m1nyvfpx6hrhi61vp5220.org
newgoz,dycr3foi2aeg1yfbq6w1tlmur8.net
newgoz,rjnaif1o9encq1e08wsyfr0f04.com
newgoz,5yo7d31kxru36560lhe19z8m7l.org
newgoz,q4umecerya9wi4wvdo1m5en8h.biz
newgoz,1d1iqivm4ortgd8weew1bk6jex.net
newgoz,4nnasxymuvw8it7z40yzktfg.com
newgoz,klodxcomeol41y9bc2k1h7ay2g.net
newgoz,1uurh0h1ask52k18yahxta286kx.biz
newgoz,1fnuito1qml9zod49mvpk4ab5h.org
newgoz,kei7c4d8w21f1vd5qzckiai8k.com
newgoz,1whu2l9gtmcs7162p3nu1jz675z.net
newgoz,mnni7ppttxiv12gl8kv1g15hkw.org
newgoz,o8cea51ai6u0q8wgauqch3kab.net
newgoz,byk7031ccypvp1ytexljsz7wco.com
newgoz,175b581vmnv7n73hhvi1yhxko.org
newgoz,mn8zk8h79g8ngdlqwce11mx5.biz
newgoz,15sw6kq18g6fiqsa7eozvxd6b6.net
newgoz,19pq7t31m19mlg1n1si3t4oc9tb.com
newgoz,1c4194scqhpvwbcse9t129h24k.net
newgoz,bfit4h1wmix7pz95swqqh2816.biz
newgoz,stjr61lmyr3aciqz5yu3qswk.org
newgoz,ltaspom2e7kb1le0u5c1lqjml4.com
newgoz,1972y461y5q25kvl6q6r1ej7dv.net
newgoz,l1oaqbpkq9ggtiz4bedxin9.org
newgoz,1sxlo91qahcakjdf6b01bhy9rm.net
newgoz,uznmmtbkfomgafmu2ebdunog.com
newgoz,1rdh36n181pkw88i5gu511s7o4b.org
newgoz,b3ehnkso9x69w13upbar0347.biz
newgoz,k7j20d1ewjgpv5rsbn1wfqow4.net
newgoz,18ejjwp1jt9hmg1auyhu81lrfqie.com
newgoz,1u9kc091lqa9fl1bt8njzd2v34h.net
newgoz,iupinesopy83zgidfj3k0x1m.biz
newgoz,13o85ri19obd2173kl321jvl9ar.org
newgoz,yf4k34rksa5s1yl8mvzyk2wmq.com
newgoz,1lzabfx1s6btms18dmbdzyozc2a.net
newgoz,rxvtb9ek0ixx38dawq10lyle3.org
newgoz,pf4wwybt21vv11qieqe1lqt6vq.net
newgoz,1rfzhvh3cqs7s1a2repk1mwjwi1.com
newgoz,1lbsp6g7lzdku1uoky6i14mt2z3.org
newgoz,yml6rqpleq9u8x2adaiiug3b.biz
newgoz,jlsbt1yis9bovdmru5uc1yh7.net
newgoz,1uyd0dk9gyzwq90cubs1adom8x.com
newgoz,98yf56kay647x7679n1vmyvs0.net
newgoz,1yr5iso5ufenhlckqw9hwn0fw.biz
newgoz,yufrgr1nejpuv1z0aenj15tzdw1.org
newgoz,18jhbfpbzotz41z0wxexhbj24q.com
newgoz,1sp1mylega1zi6igbcfp865jt.net
newgoz,csdouy1uko70011k33g0gmnhq5.org
newgoz,69f8uu4paz81o3qknn1yegc62.net
newgoz,sutupo2s743v5zoaya1k02bng.com
newgoz,1xcf3cb1livbkk1wa8takcc7djj.org
newgoz,f96a6feaulmy1jbycn31t06kon.biz
newgoz,1cer92h1awsd48t8jju11324u81.net
newgoz,2cjug6mp5ap5oc2gu9132lcli.com
newgoz,41j2zx1a57gg7ki0aqsqpum3.net
newgoz,9fasbv18vhw5g1ierlqd16g6qtx.biz
newgoz,1s8109v4dzq3n4fe9np1d8qbig.org
newgoz,w1vaipfclutz1rmsisnp3pp38.com
newgoz,kf1rq7pxkhl31q31lfi1w46626.net
newgoz,3yo44v13cnw53v0azw9o0m9ki.org
newgoz,1xn5s4zyy4drd17muzu616s2ruk.net
newgoz,1onjqfauzrd51cdvq776b4lxk.com
newgoz,1qis9ketvzeqx160dqne10wuwqm.org
newgoz,16ml7se17ved7qqem2by1pjja7f.biz
newgoz,50dkt1byf47ms4of8214itspz.net
newgoz,19ob2t37amaed1so35ptl9p1ur.com
newgoz,drmpirx65bj4173pbtv12n95hm.net
newgoz,13xmq821bjmwqq1gs0zid1x8lu8k.biz
newgoz,1gh3ao5yq6z6b1rr5znz1jsfzoe.org
newgoz,1wiakfxji1q0chbow17jcf3h5.com
newgoz,1yorxcfm0s480x6uqz4d8rs30.net
newgoz,13spw7a31ogba1tu07sv132icem.org
newgoz,1j3p1tu7wi7wlq7d4erhavvb3.net
newgoz,oyteg0szgpir1st4bzn1iyd51c.com
newgoz,10jjc5qwhvzpt41dyv9g9hk03.org
newgoz,1l9kf6ipplgd21drzs201a6hzbs.biz
newgoz,ob6pxk1an00up1xp6i5dmfbbd5.net
newgoz,12thkdr128wn921vydzegy4xbh.com
newgoz,dvzitto5dvjh1mva3mj1lsy1fr.net
newgoz,yn75cg1wx0oix1vbtt5j1153ziq.biz
newgoz,1bz54t5l8gg1q1f5ku7m1qeqevo.org
newgoz,uxxb73r7vyo6pu4wue1z0awfk.com
newgoz,xrbwzd1hgb85b8r8s8l1al8u2d.net
newgoz,1c895zumojihd13qjhprfcsl20.org
newgoz,o6bke6ywu72vocausc1ukw017.net
newgoz,b7unlo1k8vbsmg2yymy1108lyz.com
newgoz,19lvdbr8fjfsc120gybj1ow2dfq.org
newgoz,qjn8hv1z74uo182mmn41t3d6k9.biz
newgoz,1pkm9fy5ibqdi16plj561gjh3aq.net
newgoz,1pbiw1j1swkdlq142vdjms4e6ca.com
newgoz,1r4snu71cfjk1iq2p57x1mqx9kc.net
newgoz,3j2ydku9ktd4pjtukjlx4rnr.biz
newgoz,1eeocb21kdfl16sprbku1alfjv2.org
newgoz,z0hw2z4si0czygdpvc17p1nta.com
newgoz,da7x7pd6a95k1fqnld913chqj4.net
newgoz,1ywe9mfgqdp041n4j4vt1dzg0qb.org
newgoz,1c4ulnw1ounrbl4wedm7adz5hj.net
newgoz,64jz4j18059lv1dxdl0n1vy7pv0.com
newgoz,1aiceyf1342ghalyifbeokoouh.org
newgoz,13p20le22ystf1ip8jnh19plufw.biz
newgoz,1h5t0v1qpye8ajtrfr1htuvew.net
newgoz,1o9kpnc138pdrx15wbbog1b2dl9g.com
newgoz,19twwjesgqd1gtog08b198al45.net
newgoz,1cfwoc7bb1xvy29l6603mrh3y.biz
newgoz,18krw08c4tyndfzk63y42a904.org
newgoz,1y69fk6176k5nhe0zt91w2xm2s.com
newgoz,1fv3nu912eaczgmb79a66gw22p.net
newgoz,vfhvczz0a1nob39fah1dgjaeb.org
newgoz,1r9jhew12bv4z1y44fs21qvxk4r.net
newgoz,1i9zkei1tni4vq195aneb14jyymh.com
newgoz,1hdawfu7m31mxi8kwuo1jr45go.org
newgoz,1pc2xn81rto9pyo03c8h4ptca5.biz
newgoz,1cksiy71qzqj4g179a60jzkxmof.net
newgoz,1787yv9lp4yu512l9cqdgoruuf.com
newgoz,cmqb0e16wjrcc1dwurii14yv4cn.net
newgoz,chwyr0814pqs1axd8wt12nhes0.biz
newgoz,9eyiet1j1ictwh74w901uu8ldi.org
newgoz,qjf4f1jx3iz81ojnb451ia6y7h.com
newgoz,gwfrsd1uo7qeh1ui1auxw1gtfp.net
newgoz,6siybsvxqs1u1gbdspc1ir8l5a.org
newgoz,1vltufb13uoqoy10br0bskauqpq.net
newgoz,12rgy5j16we4tg8zuel1jstbd3.com
newgoz,x6nwp51du58ydj3vy7e1adv0sz.org
newgoz,nhdgzx171utqwyk2rf019jdxlz.biz
newgoz,1e17828sopl7818f9dlt6wae1j.net
newgoz,bftkpvajp5lao6wqornd88cc.com
newgoz,1mftsap1iicccv1c7qjk618q9p1k.net
newgoz,17y47kv7eudq8zsvqb2b34zw5.biz
newgoz,3cy5m010el3wayiab641ijlau7.org
newgoz,1sfm9mo1x5q6m81y7e2to11rytfu.com
newgoz,wggvyw1ico3iv18zqmnxofmchh.net
newgoz,17i5hq11wnprlpii2tgbocp3m.org
newgoz,pxst7cas87361c8u5vp1fm8oxx.net
newgoz,m6edy1jnaib3liu2ir1q7bbfc.com
newgoz,61lz3t1e6ca2315mdasle1a6yi.org
newgoz,1qsf7af1rbkrj01tah7ry3jwlb0.biz
newgoz,wv9zl7xbvk6km99xvdk3tdxw.net
newgoz,rp6adx1kom8jm1p2uzvi14dq6ik.com
newgoz,e1bl3312pto3s12cie0mqq3w1i.net
newgoz,1qkgvdf1lpaqkvqruyoc40srar.biz
newgoz,7k9prm1y9bb8px5pz3n9tx347.org
newgoz,1x8eiutgkh28p1hye9a41kpu5wl.com
newgoz,17dtyo6rfts3x17i7w6b1j8vomo.net
newgoz,13k69bw5j1pbmywk9b1xsa6h2.org
newgoz,1ukxvrkgxfns719b653w11uafe6.net
newgoz,wupqnl1tzdyl1yq9w7v1wemooc.com
newgoz,1j8qcwq18vgf5c8ex7odw1rwlj.org
newgoz,1c2ajsb1swten01tmmvwy1req9to.biz
newgoz,gij39816q1bl07zoalqxmf2ol.net
newgoz,1k8a9pgpho2uz2uchh779cb6w.com
newgoz,2851td9pp99b1dxs7tut5fvu0.net
newgoz,j8650yv2rbb21c2xakhmbl98i.biz
newgoz,1wm00rxogoxwzyru271jsylg0.org
newgoz,19xii5ytdb2qgrdu3v01quik4s.com
newgoz,1gfbskb1cmm5lq18g5tzmc10ap5.net
newgoz,1485gzl1c6rxxo1po66wmdrbcmo.org
newgoz,owj0bo1fz74ooqy5djbcoefti.net
newgoz,19au37r1ixwf2g1ux9azh4axks1.com
newgoz,128oxa7161nkhlg24az0daoy9j.org
newgoz,1hi6asdv6ka0m13uhkrihaqh3h.biz
newgoz,r6a5vwvavsa7ut9x6f1rkyroq.net
newgoz,vs0va6126y9c211enfwo1wi39r5.com
newgoz,1qhz7t9kued2kuxshgj7dfgbx.net
newgoz,1vkybjv1nphk3p9c77bl9i6bjx.biz
newgoz,f8be87jfdl9dsw792f109hq6d.org
newgoz,8uvnak96dygaui5iql5quemd.com
newgoz,19lgxei1g8c421u2a02s1c4zdpk.net
newgoz,cci6s3d8x27712qes3g13gebfz.org
newgoz,x2dy2019x3ci3umxma205rev.net
newgoz,bf3kiu13ti7i3176z3jpxnbeqc.com
newgoz,1jox70oxqy8ud12mz9l01mkk5yk.org
newgoz,g03ltqrima4t1ibperigyv955.biz
newgoz,7p4xx3l2n6yh1mderv71q1qcoj.net
newgoz,1omq7z11dj5r9mn4tkj49qxv0l.com
newgoz,kczobwr23kk5146cthcc1p0go.net
newgoz,1v749i51g25fij14cdf19v5u9zt.biz
newgoz,1qg2c7g1g0pplifao6r610x7kip.org
newgoz,172ddq71p2hj1sn74tqs1vu9h3s.com
newgoz,1l3usr71e1kobypb0hb615ayf2d.net
newgoz,1wii8vys23ofb1cniiqj1ve49sj.org
newgoz,10p5q7oj2s3x81vcl5iq1p5pmxb.net
newgoz,ceend41ufyfvwzwlc1vsx0v6o.com
newgoz,22no80mdd9mk17h7oxssiahhg.org
newgoz,1u4cqp6jgju4h1p8henp1716c3j.biz
newgoz,13gjah6td9cu360qi1rahsih.net
newgoz,eupelb18bevcy17bmza8w1dh7v.com
newgoz,og6n5hnxyucnst0z01m4yu6l.net
newgoz,xctgjv1yl2qtxmnlj9rzu8xgp.biz
newgoz,sfkiuj16jnyeuze4fm21xmhzs5.org
newgoz,78gubq1a3d3ohl58oyt1e9af5q.com
newgoz,1dew2wyehkv1o1y3sl5g1khe9sp.net
newgoz,5e3foak2ho0xmshd456zls5.org
newgoz,ita9o6xee73x1p6ppzcuahabr.net
newgoz,1dzoui31xigqec15kuohr4pon2o.com
newgoz,bt9jlym8ynoh13claif15gijq7.org
newgoz,etjz44nzc5atliymngvmtgu1.biz
newgoz,14fyk42bobbdymnnptk1lvwb3y.net
newgoz,1u4bf4h1jz8ub815si2qerabz87.com
newgoz,1mj8aws4rk3ae1qvd08o1xz5j2e.net
newgoz,ys1ioi1cakzbn1m9wp8g1adpybz.biz
newgoz,1g0oq0p1e1giom9b508q1ttafkg.org
newgoz,d9d95ouakd4r1uu16541wapfkr.com
newgoz,1436292lo1sf4gh0buu151rhi4.net
newgoz,85vrg1m709u91bezrqu1gdk6od.org
newgoz,3ss6k51c2vcf9gjydfa3i8y4o.net
newgoz,kljjm41tl90y41u00vwd16pf94a.com
newgoz,1cqyw8q1t8xhzj1sx1tbe115z68o.org
newgoz,1pesbq61ptmhh11h2bxay15qcp4b.biz
newgoz,1qjedu1hcjoia10jroe3l568hf.net
newgoz,12jzvn71onnwj0nrt2541299yvs.com
newgoz,y9gkl42jw4tu1p8ik4neuq814.net
newgoz,6iv769lwbcje1haf3puthp8dr.biz
newgoz,gh3wlv1m6h0ht1r7zlutmnwr6u.org
newgoz,x6v04kcgzogh1er811c1m3xaon.com
newgoz,56ygt81djuzu7625dj71f4eefz.net
newgoz,g3nyogv03ltt1f5ylmv1i9w37s.org
newgoz,qfxh011wvzd4v1hmapzo192et7a.net
newgoz,16ncocyn5i98yyv2wk61eic1i6.com
newgoz,cd8i0v18in6b712r9fst1yeek2r.org
newgoz,ywoi1h1b1o7k8irxj61ely9.biz
newgoz,3jsrive38grj1xzunlz1bkxunp.net
newgoz,xgbyv91rd942a1eyyok61s140ps.com
newgoz,owo6ul8uehg31fib806fea1i4.net
newgoz,9vyy6h11dmj6q1put2jx1paukup.biz
newgoz,3mpvyo1tz22ds9qlt6w199n5jy.org
newgoz,7ap66y1m9cxrq1gpds6087gy7y.com
newgoz,1s9zsnn1vo985m10nnej91nzeaey.net
newgoz,2sqdhiwv8mx1128cpcb7w6p0q.org
newgoz,1mmtgp51opwefz7b8coi13yyhiz.net
newgoz,zjuoi71fhzp9ckkelr911g9ig0.com
newgoz,vzoz4cbt77tk1jk4m9cti2p5y.org
newgoz,13b7ib8dgbxcp15ndzwm2etqnk.biz
newgoz,ybr2c318s6n43dgu4gc1y7j88i.net
newgoz,wa5jru1r7560m110oa6ocayii5.com
newgoz,1v7s0bd1yhyc01mavwcc1w8khti.net
newgoz,jojeo41f73gk11j7w8sh1lv0dry.biz
newgoz,18ujaus1magaul1k6po3soe1hku.org
newgoz,1tj3wpozssfskoji5ebh8wnh7.com
newgoz,1yjg32q8eqxpi10ky3l31p1nd28.net
newgoz,1tt6ad21p2kev21ft8a1ltk3x0h.org
newgoz,3lvtkd1y0j7qgayu0b9vyoexi.net
newgoz,1h9y3b01u9tg0iahgvcn1v5bdhh.com
newgoz,1hgwu2or414uhk5ojh7pqdack.org
newgoz,o82p8vo9px6g1d8wpzok25qa8.biz
newgoz,1trwlla1mobnd0g2go5t180sdik.net
newgoz,y3jua26p12gilj7m3e1da7q3i.com
newgoz,13mlr2qetg7uevhy0x1iu28b1.net
newgoz,1nzwoly1retlowlb51r1a1m4m6.biz
newgoz,15begco7updlb86h6yxxtzjh3.org
newgoz,1f22vsuxo2dlri4cgua15wgbs3.com
newgoz,bsozt8r0gks2866zpu8sww3w.net
newgoz,1bh5s4b18el08018a4syx1bc2n1y.org
newgoz,1ehvfn3btgon81wr6h5z3id0yg.net
newgoz,10unknke7g3qiytyeie146tbao.com
newgoz,1m2r903xd20it5iklrn1mbg33n.org
newgoz,6nsk281fljldy1g47mktf3ngfl.biz
newgoz,1pa57fkgih00kwgyip010f4ctx.net
newgoz,6e8ygy1gixxs6z25ribe9if.com
newgoz,9olfoj1p130uc39r7jb1sqo3td.net
newgoz,z4h6oxzp9gfg1fopwud7xeo7.biz
newgoz,1gjyp8q1vm9t1va54kzg4hkpou.org
newgoz,11a0n211386qh2s4vkme2mxark.com
newgoz,1osmief1ku2w9z8iyoa21t0sfqu.net
newgoz,cl5ie81hkaeta1hoxoq21jq384d.org
newgoz,1jy56elzxafqm1tgpzf9zfnntk.net
newgoz,ccqfg61ttpr754ymh4k1gbplto.com
newgoz,1xpiax8wtr698nat69jfvfiqv.org
newgoz,bwsdlkv78mrqq826lk6lukar.biz
newgoz,55ddbz1si7wlb1qgtdgm568q0u.net
newgoz,1m7011nstzh2k18tbkhodzajbf.com
newgoz,9x7v2qzjzy761ysxfpzjjrb1a.net
newgoz,1dj5pct4s8vtx1tv7yhirdyxk5.biz
newgoz,sb1d8wzysr3z13jw64l123rkib.org
newgoz,1n8kdkq1cmxs595910pdti43r8.com
newgoz,292c711ize5161ue41ml2mt1ud.net
newgoz,15t1uog1xy3yya1i0675mmosyh4.org
newgoz,4qz4si1a9drfj1uortpmzs5266.net
newgoz,1vo50ex1r4z06ca1riri12vo7kg.com
newgoz,1etdrt61c0fhh2gs5i561boz6su.org
newgoz,1vnrto01a017wp1095mwa116zzmq.biz
newgoz,5cmcz91nh3z4n1wjsicc1uyfk5.net
newgoz,hduro9zk4xxockwum4fgi7ek.com
newgoz,my2xwlx1v0kn17v38dh3phqcl.net
newgoz,dh57j0a2fnl61fb3dkp1vx5zv.biz
newgoz,3tvqy31l69yt31flppm61nqkcco.org
newgoz,5iizhw2e1bdqgohjai2sba7u.com
newgoz,1605gtpl185w01qxqa4q1vr9fcq.net
newgoz,sha1p910sbinv1231hx61m887y9.org
newgoz,15vwjo1czy2am1nhxzx7d4arel.net
newgoz,1fbtgf216dqh851n9avsns1b7n2.com
newgoz,nsv9jypvbx6xfgz70zz9wmbd.org
newgoz,n2ereg17taoz7em18jhi1g2bu.biz
newgoz,6w43fgzfcnn3h9qn9m16wenl.net
newgoz,1ct5cbd1fif8n5cqcna2prm8qz.com
newgoz,sjiwx61f7mdx297oc0p1jyedzc.net
newgoz,1tsma72kc1src18xq18215bypi9.biz
newgoz,ohvft924ytf21i4j45l8ybu9u.org
newgoz,9wx8yo2t8at31jb2pp2aobro8.com
newgoz,awb3gf1l8jlh46y294hj9uqt1.net
newgoz,xjnblt1i7htbh1jxwxhj1i1d2lg.org
newgoz,1kakiqfqayrb33fekifclmtb.net
newgoz,14aehfae65mlcr7zgbg1sd1mym.com
newgoz,5whwu11k68eq61b6fl021ob4b0x.org
newgoz,1y7z39tij5uw7g4rqc2w9geq1.biz
newgoz,17lznu0w4lvb3vuacww1m2nthl.net
newgoz,74cjd31urbvb1ublqpp78u906.com
newgoz,1q0r51w72rxf41u5cadeshndij.net
newgoz,1n2vhehgc7h80rra0bo1b86yng.biz
newgoz,2mnvs2ltw4rf16gychp16vcn12.org
newgoz,58p4vv1hlb35aclafe1e41t5s.com
newgoz,1qhw66i29b53bmuo076s1wgrx.net
newgoz,1pbhu3o12qsq6sz7yp634wn3wx.org
newgoz,u1gc7y4yvnciyqynli1y96nus.net
newgoz,1d93pgslpf9xu14jommv1s75x6v.com
newgoz,1l0k45263v9balkkwdn1ys1cw3.org
newgoz,1cdo978q2ekqu16qn5531ydje62.biz
newgoz,kzigdm6vnxxl1xtekg3l9midn.net
newgoz,le26in1gjiof91h4tqjseceu8e.com
newgoz,1azazf2tutp7vr7mdch1qy2xw1.net
newgoz,15ede1772knhe1cwk8y31nmg3rb.biz
newgoz,rv7p1e1bz6y0an9wjpu17r4bxy.org
newgoz,jzh2h1xruy8k100s6aagg9ab9.com
newgoz,19cy32nojf3gxotsmeq19ybsgc.net
newgoz,oc7pw01usiwiquki8wn1knxfch.org
newgoz,zmm3gz133a6vlgky8lns93m8w.net
newgoz,176t88r1ryd8vqnf4xttn357tj.com
newgoz,uaqyxquqvp4btfv0121n6blcm.org
newgoz,4n8506v2301urwka6g9ird0o.biz
newgoz,115ivfjb80yvbieczcf8gysk0.net
newgoz,hijhgq1tth0ohcmt4kt10zdbn8.com
newgoz,j5bdpj1qgeh8s1moexdc18xibhd.net
newgoz,tgm5ri7mpls29grves1ft5d7f.biz
newgoz,qakggq152aoqy17jn5mnppjmay.org
newgoz,1lzlglg1ng2kt415k69fx1jjtauo.com
newgoz,10fmm3c1w91qe0gl4ycj5q1wl9.net
newgoz,iscp8813uz9wnjzzjng1e3peee.org
newgoz,1jazxi8byfme2vme0id180170g.net
newgoz,w1cfofzujy1y61su81i4m4ce.com
newgoz,1364i8ufq5odd111lhpu1iehcf3.org
newgoz,g8r1ffg9nli013d73x8cj250p.biz
newgoz,1ctjxggcxvqpchx4voxse7kih.net
newgoz,14180d91cwobrbghg5kt1gu06qf.com
newgoz,1jrsw20fhfvbxivhiun2v4vw4.net
newgoz,l23v56g25ugcr5l68y15e79f2.biz
newgoz,1daqzty9vjr8gs7fi484ysjbv.org
newgoz,16kdkxqp8sckbqtu4di1v1r7mf.com
newgoz,1qs92rssnh5921smjutd1irzrzx.net
newgoz,9pn3w21lpxwnv6xhl401vrics5.org
newgoz,jjx0xg1v5v52e1osc3191dgpit7.net
newgoz,1fatoip18is0ry1k0drlf171dwnc.com
newgoz,1oo7jct75dnn5n4toka1a3m366.org
newgoz,17k10519tqtk21eu02ss8evtxr.biz
newgoz,1shll6ads29vq1l6hyrg1f8a51p.net
newgoz,19hzke11ssm54m1xww66b1mluy6u.com
newgoz,uis9rm2fq7ta1yiii4gkvfrm8.net
newgoz,1ojyihd19tqeey1j2wucj1rn5v7s.biz
newgoz,w4dxic1kmtwhg19ow0fj1kw3gzk.org
newgoz,1w4k8uq1ba1er618wrzgj1o8g7bv.com
newgoz,44urtc1fgge011ptaak4cerb39.net
newgoz,1sa27qdng4kr41wcq25l1bug0ak.org
newgoz,1pwixj2106izpw1wtq9vj1cnqil0.net
newgoz,1no7va81y8puc34dgld811kf57k.com
newgoz,11dzr1hitki5b15utayspxs9f.org
newgoz,ejuqkmr59mvsbcb7xl1xtbbiy.biz
newgoz,c2vumxvvg3vc14e6dhu100ung5.net
newgoz,1v29v09tn1sy0n7yapedghjg1.com
newgoz,opg4ye6q1r393t3zsj90du14.net
newgoz,1dd410njws0jdwvbtip163tzup.biz
newgoz,3vj8e3162e60c1xrguhx1rc1aq0.org
newgoz,15sz6z2g8bxs5omw0k8n0feuj.com
newgoz,ff5d0374u1sy6g8051r1tx1r.net
newgoz,1gjr3ief02b011r8zw671rp445g.org
newgoz,1e7uz53jcs53omb0h9i266xqs.net
newgoz,fdxtip1kst7zy13z6fwf1rxtdgu.com
newgoz,1w40epw1rkelf99ghalp1ubj1j5.org
newgoz,1abn9yh4pr8m0c1uusj3q8k3j.biz
newgoz,1inndh8vivvqy1r6p6jr1yekl0y.net
newgoz,1a0nrov17x644w1ofpw26p8m7zk.com
newgoz,1ydi7or19yvksv1tgzkhop2w2ns.net
newgoz,1kakd331lg4fs9izeh521o21ucp.biz
newgoz,3rkayp1tkvx8z7r22d4dkxbst.org
newgoz,1ok8ggj1p4degjknchlo1exax90.com
newgoz,7vecju18w25amwkjp8eg8z7xa.net
newgoz,19sw5uda8s6tx11d20el10ov5k6.org
newgoz,1movtoaii2uk109wr3or6y7hi.net
newgoz,1yz0t78ubwlrlbmwzwr5tp9qj.com
newgoz,13nne0j446e59fnnywi1e8kwxr.org
newgoz,d7eqbd48emorqtf3khn8s6p3.biz
newgoz,zqlznu1pm5nhmov8xbm34plzc.net
newgoz,10087t316y7rp11rvid4lglkrk6.com
newgoz,1cru4popn2wqs1ad6nh1m3aad3.net
newgoz,1j90vqjbmteb71rsm40w1r7clyt.biz
newgoz,1a6v9hxvlptkpbhk7vitavfhk.org
newgoz,16y0w7910jvgl43ov4hm1d6g5co.com
newgoz,1pf29js1nbzi661yn1coc11zytyb.net
newgoz,1m8qi06f730ki1xs16q3itnmop.org
newgoz,14n8e3ahsfol1abgkqw12ta3p0.net
newgoz,12rga2kcfce2bsptmu51idpuxl.com
newgoz,4b9sz9bs5wcpjac042e1cw.org
newgoz,6l61x7iogms71cfvmb519mc5i5.biz
newgoz,4lzvyu1vmm5uyuwnh9o5bwcbw.net
newgoz,y2xdl018wg8ge1lr7ffv1voqlrr.com
newgoz,1tblmbvqf4u7hoqcnok39slrm.net
newgoz,vqvgsrcd6dyr13g3r5rsxsy1p.biz
newgoz,1nixdhr1n1l0sqpu800a76ai5i.org
newgoz,s8q2gl12fmu4jewh3hjhlcpn.com
newgoz,ijddlt1215wo0a9eo1g1w0yg2b.net
newgoz,ayfjet5d48lb1txiykto0bpcd.org
newgoz,16rbaoo9xo4atp2iwx1hbctyv.net
newgoz,c3gfcmy59j461ctvgx21d2ubh0.com
newgoz,lz7tc81j6jzdy1112r3s1vrcbcz.org
newgoz,bxugszhakvffrixv3f1xgpeee.biz
newgoz,tkw7gjpmuhja18wp91yn2bzyz.net
newgoz,1m6pmlf1rcu8moo99rbw1dyl01j.com
newgoz,1kvhav510z13irxn87m51vuxtr4.net
newgoz,jv8gzb1kupdhwwhwntu1rp51za.biz
newgoz,1k6ba0f1riyjqu135cbok1441eid.org
newgoz,gw5aw71yojzzr1btk3vw98fs6h.com
newgoz,10di5gv19ls5d018jdhkq10rj2c5.net
newgoz,1yw7g78118612g162vyqi102ec2e.org
newgoz,vawo4n1xa5i8v1g8xysih5o2ut.net
newgoz,rsjh9612q9hpg8821ps4yq11c.com
newgoz,1j1wj0jlq6ldfz8wit7c0xh2n.org
newgoz,1we1bfr1islqhm16387tm1bi6bye.biz
newgoz,nj4rbg14jjh861lhyjcb3t4tn1.net
newgoz,1sqdpo9bvb9ml17pwq5z1pjfpmh.com
newgoz,jym3stynfj951qok5g89cxvua.net
newgoz,12v6nbc1kj9md01dubv3d1ahsj1b.biz
newgoz,jhds2816nf55cspbfh3bgvojw.org
newgoz,1n30hn5fj218d46rtemrrqust.com
newgoz,4ev8ho1t3ks87169tb1v1wngkqs.net
newgoz,1cdpemu1m4emclqlabfq47bg7o.org
newgoz,7b1f7i14t6il4j7fu1jvm6wcs.net
newgoz,16kpgdy1kw8y15fl0j1980bz67.com
newgoz,ms2er1mz41xz8d14a41g6sviv.org
newgoz,fibvd8rfm7e9y45jgw9eb5h.biz
newgoz,6uw0398i4h6w17y0cf7olewig.net
newgoz,d0mo1e1tjub4h1l8xshnaaxws2.com
newgoz,vmojwsxlb5rl1430m4p15y9v7m.net
newgoz,1gdrjd11ruyakx1udeta7ih2pef.biz
newgoz,1fjuz3f13411xb1oeifgs1p299nv.org
newgoz,zomkifmggeqoa5p16arpjqth.com
newgoz,1oiq2r21xeaftsl0x0ts1qb6ntp.net
newgoz,19euvjv1ujpz03jzb89j17g20dm.org
newgoz,jl7jn7w295i01kny27scvfysv.net
newgoz,cej7q9hdieg4m89wyb1y2rxg6.com
newgoz,vbu1cb1bmotjou9tks51e72rle.org
newgoz,upg3x1c707qo10b8nsoc3big8.biz
newgoz,kq1adp7chebi2tto0pbjpty.net
newgoz,8tumotpghemaknmzsq1whkvxt.com
newgoz,1jnirmuw57ic31cvzaqevrktyi.net
newgoz,pglvur1fe3qbrs4tz6hmhroer.biz
newgoz,1styaia1r49sb5n9eo5q1ldpy8s.org
newgoz,1ij7g3sek8qwhlwc0dg8qsrir.com
newgoz,1k0j3yduee4tr1jakg371hggrtc.net
newgoz,2nkoww1l508xx1oxo99pntmwdd.org
newgoz,qakzma18j9qje1h7e27t116skdh.net
newgoz,1uzhpk91f88my61ddby9csjv0ot.com
newgoz,5cq0cvqckyilx1nf90f29483.org
newgoz,a797zee4wtjjkzw2ma7o41c3.biz
newgoz,1mbb0dil445p9ih3y191u6zgj7.net
newgoz,18dy9id1opmh151em2u3t9742lz.com
newgoz,rio7r2h4s5naai2sz1vg3g7n.net
newgoz,mxsr6dblsdkp4lbn0k15gr5pl.biz
newgoz,1jo5iza1roy7wn5uf4jpegkqkc.org
newgoz,9vzmor1v2hxhftu9cvj1wk33tj.com
newgoz,6rddg81hva28wm30a0yq7xcz7.net
newgoz,xbi5fg9gwwmo5zau8143z4q2.org
newgoz,53vhjitrfriowxr9ns125vr7q.net
newgoz,1c6q8w21cbdkb41k46uxinqfh3b.com
newgoz,8ugn356b8sdnyafykc1oyw2wa.org
newgoz,9rm7ogj582brp57e5b1j6vzb0.biz
newgoz,1gn7jpzdbdt4p1mbsgqmykv8vp.net
newgoz,fuud0jqn7evp1akmoepm49xtd.com
newgoz,8fdg5puaeolkfeqdpaf1n3zd.net
newgoz,1azt0j6k3g2dmfwrcjqw2php.biz
newgoz,12cddzo1vivkhppabghopc4qvu.org
newgoz,1ewi3guu1uv3a10qj8jnyj8spt.com
newgoz,b8lu7u1mnuuoe1paw8og18otm0m.net
newgoz,18y4ufa9rup8otpnrl4mx9y47.org
newgoz,3i5vcv1f4wks2pta20m1xhafoe.net
newgoz,zo95uiug54ue1wku57c6hmx3d.com
newgoz,k0fb4v1lwj4sqxm4fe346mexu.org
newgoz,1v5n965t2xb2214hqj7h1gfwkao.biz
newgoz,t4echh12rm2ibl07f1917shm44.net
newgoz,facgd01kqdt33nw6au1llgznf.com
newgoz,1p1iqmz1re781m119bjfl1e6xmz0.net
newgoz,wnw4cr1qjsmor13egvba5e0hcf.biz
newgoz,nwdtf55epn6tcork4wk6ue2p.org
newgoz,otir8o2y0xqkjjm6731k0aqyh.com
newgoz,xk781trvis8h1xqm7381qtscgg.net
newgoz,1nj32g114nps0cf4fjl61b10cb9.org
newgoz,8h7uyg1vo379lflrkmoo1jrrf.net
newgoz,1xky1u31sr62kj1bp0nacrlo4io.com
newgoz,1jrsnbm1toxcwy1kvfjwuvrk5jb.org
newgoz,15hbajkpqyfnq1tmrdip189wfsk.biz
newgoz,gcyscw1b5vgfc1vmbazg4ipnq1.net
newgoz,md4e7i13pnd3kznev7bbirfpy.com
newgoz,1cvho861f028ow2bd12x1l8bzfc.net
newgoz,1wxcze1197zznj1w93yhnzffwm2.biz
newgoz,l1xwznmf9cea1u6dkhdo6uakm.org
newgoz,jq9yqa1jdx1ju1aghld21b54kip.com
newgoz,1wk0su918rvt9nl43k5f1lq831f.net
newgoz,vvcu8y1xgardd1mulys51hkojki.org
newgoz,115bu2714ovejs1iukecb1ris9vz.net
newgoz,rehprg17qu2amp9zx1l3uvyk.com
newgoz,1fs58q8rgvrcf1wxzvkcmmvml4.org
newgoz,2pb19ua88iwu1gsucc115j85ci.biz
newgoz,1y0kd1v3o78kn1hx9dkych8t37.net
newgoz,8fxapk16dxpgtmxkndw1rbnf04.com
newgoz,1hnz3n4jqhm2v18mihp31ycxhum.net
newgoz,yjdd101d3vc4h997g3v6mrgm.biz
newgoz,k96gt04xbrbi1gyh7ot13vsy6v.org
newgoz,1povdvdymvc681llf8hvqmecar.com
newgoz,wgxjugw3jsm1g7c1b312hbazp.net
newgoz,gk6zpsu7x8nk1di2h861uscs9d.org
newgoz,1cztfnscwok9b122d1pi1txt5q4.net
newgoz,5meelt1d6p3t7u3eccp1jgjzjt.com
newgoz,1ostt89aq67hzzqek9hb1mwsw.org
newgoz,1ra4st5y9x0pmirwqm31jqk2v7.biz
newgoz,1l7m4jt1qs4emn1t4zs7oxck6e4.net
newgoz,cmhu8tscx36hhovn6g1muu0c7.com
newgoz,k27ei18gt69b1aq0hdtflzti2.net
newgoz,umhqij1mwkqac14d3lwk1kim81m.biz
newgoz,g8ihyu47hrr21047dy31wqskh6.org
newgoz,1ek6l303hs5ss4t6sjdmolbtm.com
newgoz,1qh4jjwzuuite1tswtqa1s02ixg.net
newgoz,197p964ihfezwg4ex7b1bvabgr.org
newgoz,1anetcb1rgaxpb1lyauszivhk11.net
newgoz,17euuecbn1kdwvahopeo2fkh5.com
newgoz,j5mdt71j34jbk1mkcxb11f9zvs.org
newgoz,14wg6zl1vfutec1nh1u0s1qyqahu.biz
newgoz,1qmwv62143j87x1dhzurr992iwo.net
newgoz,1iz35gu1ivpwdi1jp9d0swxxdfo.com
newgoz,1bkad3n1v24ezi1cvf7vfw9j0qp.net
newgoz,1yu00chvxppkf128hmj6a3ykzc.biz
newgoz,cmvufku310wip4ydi41kx2wn0.org
newgoz,cs67021o5pgc64jb16sf50xz.com
newgoz,noxtx01w6t4kv14vc08x1xnnj2t.net
newgoz,13gonte10sfowzns5k23hn4nq.org
newgoz,jciphi19zhyo8ktnmz2vjq4jr.net
newgoz,j3qb2l1261mo51m0niedznmfk8.com
newgoz,93x7yp1rio8s31fu8p2vsjtq76.org
newgoz,1kzdlqk85ptjg1ccb4nmce4oj7.biz
newgoz,1k01bp71xbm9p51fadjbjlx5l9q.net
newgoz,12s0qwepmvyv3wbjwe91vwag1n.com
newgoz,10kk6901c9cn2h1o4v0ii3bp5fd.net
newgoz,1smm0qywrynifjzu9k211z1vfu.biz
newgoz,1ul7jsgypitynhf9l6ci6paiw.org
newgoz,r0g4351vopr6y1l0atcnhf0f70.com
newgoz,4jrjj51q85firxzoce7l856z7.net
newgoz,3q0lifb84gnf1ojdgthlmi6.org
newgoz,prgvf72jjnr1x91ucba3sji.net
newgoz,1a5kwoej1qzb3s2c4yp1uoc94a.com
newgoz,1e0uwxilnxsax6bsmm919zjl1q.org
newgoz,1avcaoq7p61n1s7jz85y987m0.biz
newgoz,ygc0iqktig3u2amg901xw9wcw.net
newgoz,2kfwdu5guxjy547i21uj8z0u.com
newgoz,pu4np844dxwq1g16qga1yx77ov.net
newgoz,1eikyda52vrmc13nn3ypi22hum.biz
newgoz,1i9qftq1oso982mkb1k81osgtmb.org
newgoz,1r5es9ofdjs8me21ie51qcdf5o.com
newgoz,9hvsfd1nr3k2b1dbu61v1vv80sa.net
newgoz,1wlbf4j1rv7wlbyqy58d1vrt4ka.org
newgoz,1flxa8310pzf121dtkyunuzp59g.net
newgoz,ne9muk15u3qfx1cmm1773n6udg.com
newgoz,1de4opc5768d02vgj5f1h8djv2.org
newgoz,1u6k19ikrnjdx1jfxd5b1792jav.biz
newgoz,p8rx1zvq698614qurwwac75to.net
newgoz,qw2odf1yu64h3hnozyn12zhps4.com
newgoz,hrkk4h1lp804l1yxxwsf1jzzntf.net
newgoz,1yweybkytqcvnikhle4w5c8jk.biz
newgoz,2sx3uj1qe5hvn1aos5dv1es29lw.org
newgoz,1nc2mpz1i065p713kxgfgxd3xar.com
newgoz,17a5k70rj40k01x2jpcqe62mz1.net
newgoz,4newem1v5vk6iij35k14dxxov.org
newgoz,19plaig1efexrkeg9phi93em.net
newgoz,1c2bseuwtlvs0ctnh399kswr6.com
newgoz,1hiq91pasq8uhwidblyu8ku8l.org
newgoz,45wguj1stdpkz8x598t1m1lq0y.biz
newgoz,6uce1neryr7zwhp1msfkniy.net
newgoz,m855mt1ytksfhwgja4217ff0st.com
newgoz,1n0jkdadtlskaz7ftxndjguge.net
newgoz,1o4mrccbdxdcmljncrohvyd7d.biz
newgoz,h1q7kjtpnxvwyk7rv2174rs0j.org
newgoz,s7m7ybimdxgi1aq1byq1vmwswo.com
newgoz,qbtan51ayqoyb15ff575118w042.net
newgoz,18fx94vsnjqa7252iws1br3kj5.org
newgoz,1w3wg6z1dxi54p19k6l4d12586j6.net
newgoz,1b5dsnz1e0eg5o1099jfnudxxs4.com
newgoz,kam85l9k2tnw17ys7v61oq050n.org
newgoz,gexedja1oqu11dz3qamqc87w3.biz
newgoz,1mm8rj5bftutw12mihqxjb5dvs.net
newgoz,ug1jjp1b1e8ktdvbj3o1d9zwo7.com
newgoz,1x4mc341i1ylnfmk6et81fksaj9.net
newgoz,1djwrt9nbequju08ol9gklles.biz
newgoz,1mem16byqvg8l104o6tv1fcc245.org
newgoz,1fqa3lh190hjhi1sjaxrv10bqanu.com
newgoz,1sz0yvvh90h0u1pjjhw78cwvpl.net
newgoz,133j1hkystvqs1iot1ixjro9d5.org
newgoz,svq41zgnc4l7g6kg6l1vf7gko.net
newgoz,1h4kghx10d3amb15mko2i1j3bbyx.com
newgoz,1jlo4pa1xy7lm86klof1sephma.org
newgoz,vz785l16ia0b1j83zot173u77c.biz
newgoz,18f4ny5x40f1i1nkc7ct1vlspa4.net
newgoz,197umrremjltyaw3p4m1a4ag8s.com
newgoz,3nxa5nvwviqtn657ohhlb5nu.net
newgoz,pxguyplp7xpx15lttz71irjndk.biz
newgoz,1k4tfbh68xf2dol25j5cjqlty.org
newgoz,6toazk1bvyqb11eoxoqk2dl2w.com
newgoz,j74i81kctn01n9virq10yhwcg.net
newgoz,1rfhs1g1ff9s5a1jfhm8n4bk6k.org
newgoz,do30ay17eso4e1xbr4ha9nxwnb.net
newgoz,1b706jo1u560q315m9euw1i4uh2d.com
newgoz,1ocyz1wjcmwz31litkmtyrspgh.org
newgoz,9tr8pk36rlzpxsb3co3jzn1n.biz
newgoz,14xusi0jtew1t9ipxdediti14.net
newgoz,1sgqc271p6i2mnx35wl11xw6mfb.com
newgoz,lz6hstpucvql191032kttupmg.net
newgoz,1iylrkvfa6txkwdbsym4oxr0i.biz
newgoz,e9rnkfwcntw81w6pvsw961rsm.org
newgoz,13uoe1k17a1xodluvlan1on4ku7.com
newgoz,of8v7k2s5a16lrljxaw9wf8t.net
newgoz,13uftifrqkquqzz2o9w1n696dg.org
newgoz,2fhbns19f2tib1cphln41fzucvk.net
newgoz,16lta2a7pmhmzf6029o13nw1vw.com
newgoz,1ctr0ei3b38x47m44qw6us2mu.org
newgoz,l5udg8ewf42qetxck21gckrpn.biz
newgoz,1q4c9cnyypqh5bp9iu6z628x9.net
newgoz,jewui9131nz181nuby097htktn.com
newgoz,gchqhg1wod73p2rlibqtmcmzy.net
newgoz,1lweu2kiyxs741yarod67ial2a.biz
newgoz,1m95u2itm9lt81uiqb5e55b60l.org
newgoz,1008q2cr15rwo18808znxac6qr.com
newgoz,g7opbd1gsvzyw1wun3ijalu3rh.net
newgoz,1pvhgauej38wp1abyldcc1jkjz.org
newgoz,oy2hcn1vkv7u2q1a387op6c04.net
newgoz,88sphd14dm0a6zji2lmpjetb.com
newgoz,f220sj10d433etgtoo7257x5.org
newgoz,oknmj5qa6m3srdkbe91frvwhh.biz
newgoz,63141l1l9wb601ae8g654etlzl.net
newgoz,1irdsps19m759avgcn48xmw3f2.com
newgoz,1hoiqx0125ev3bvo4jcn1oy0mbo.net
newgoz,km858q1hw742o1x3pis64r4pqo.biz
newgoz,mcn920kmmmalvsjcajklmvpa.org
newgoz,xe19y0wg7yzr6fj3clsu51h3.com
newgoz,ru3os1wtwytfd1hzwqy82aw9.net
newgoz,mug7kf9inrad1ad1xhjrf4ns3.org
newgoz,1q8605shiy2uu1l7r33jz9258.net
newgoz,l1uqb2sqtdmeuzbx1m9xo76.com
newgoz,gzu29v1dsg7f1iavg3iibnr9i.org
newgoz,18vgbav1kvkj3ekgupbbjwwp0j.biz
newgoz,b4479fl1h4bt1vkjb601plz64l.net
newgoz,ol2girzd75rvwxmych1o6ezmq.com
newgoz,4h6h6b1y6oav4191hcmcsj6ro2.net
newgoz,1lq54gbaztla51xxmizloc8md9.biz
newgoz,1mkv8dz1xxfqz316gwtzy1m69jn7.org
newgoz,v2xttf19hkitt1kz1oi21mtfejm.com
newgoz,1brsti8oeazog1cv66xr1kf3vxq.net
newgoz,102r4dznq96ooq6xfqzkendg0.org
newgoz,1h01mj01njkumz292eln1vxi8w8.net
newgoz,ihdgwl8nwqtic7cjy61t2na53.com
newgoz,1rk0k5fn8tivtgozfefl5sa2o.org
newgoz,5h01q12qpagw1h48wlt1v43eo5.biz
newgoz,mqqwz69el7m31ldfyo1dg9sgk.net
newgoz,k0qego1xbgfn5510u827u5jdl.com
newgoz,1bjv67r1ion7qm1pxfrtjy2eo91.net
newgoz,4lmnvt1yuz0meo1mdu6xpa90.biz
newgoz,1u0c3q9bylzaf122ymymr1cxac.org
newgoz,tvcv4k1uojlt2pmzofpg10zmz.com
newgoz,h0vua016a3nxsyopg9h1rs5oqq.net
newgoz,1iey8za2rq5zmm62yqgcq7j9e.org
newgoz,djquiv8slbul1plsym519hnn8o.net
newgoz,1d4inrj1kx29au1suw4181n2mmwg.com
newgoz,1d5lp16qn33oyro3umh6n7h99.org
newgoz,ahhec61p3iug10jdwewx077qm.biz
newgoz,1pujg4lxmuemzrtfxf9bzyeju.net
newgoz,1ghyswq14dqabdcfxdyu1mfx88b.com
newgoz,1wtz54014ptzvsrzx14kp50jjc.net
newgoz,rtd1j417yj2ttfxokq112r0ct4.biz
newgoz,16qm6tw1bjpino19w0uzb12gvhvh.org
newgoz,1gkornq176cvmc1luv03t68so97.com
newgoz,1fx0gwl1nn7oto1rlphcmtbr7v0.net
newgoz,hk60wsxlb1t816f88s016wwv6x.biz
newgoz,1c9eelx14rylr31rrudlq120z22h.org
newgoz,l4mzoktenzozja72heu4x1dt.com
newgoz,3pfiit20btv518z55hv1gtq63g.net
newgoz,17bmxu075h4sk1e5azbc1w8rkqy.org
newgoz,138ypvrn3msfs12glgfi16j49sj.net
newgoz,1thu9ofhn2ptpjlhzc61l9nzn3.com
newgoz,1axbknb1c083cr1g4zl1n1ihopl6.org
newgoz,1odj4131bfkdf514ksl12d4z0i.biz
newgoz,1v0mvz1wldev11ligs7lcuxcp.net
newgoz,1or0laogermuj1hykk0618kk5o8.com
newgoz,ji5ait1ss22gvba6sdz1lxzaeh.net
newgoz,5bo4q51cz9jhk1bjddrbl7o0c.biz
newgoz,1c98zuxbeb6mwrxo8re1f2dp3q.org
newgoz,1bxttm510aikwbb1joi3r1i3e2.com
newgoz,1y5f43314akds31okhjwp1xl24pq.net
newgoz,sadewn1vh55j819bblae133xcv9.org
newgoz,zyl6261upvq1z1qi8oxfe2i6uo.net
newgoz,1r3ws1629uv9h1c6lfqy1mh0vfx.com
newgoz,qcasm4h6wojg6fj95yw2il6t.org
newgoz,1rlvbt85s07mg8o0er9myronx.biz
newgoz,1tcyed71celw8chc25utdort02.net
newgoz,16hb0dvmzdx0s1d6t1q4j0g0i9.com
newgoz,1mthq0asthtv43dd3e05l5upk.net
newgoz,1qqa9p81obgdtb12qjol1cidifn.biz
newgoz,kcttpj10yjf0e1hlho7o14zrg29.org
newgoz,1ql3528107l8vji9hrwt1pi87mg.com
newgoz,10lgz8h19ogxsh6m4inp1vbzpr9.net
newgoz,glk44kteb6eplnyk7tmf6piu.org
newgoz,1srgnve1ivmn6g1g4tyeo1npho9b.net
newgoz,27j10415ge56r1ntdyu35b55hx.com
newgoz,d5xocs1ty23bgr2pm7i4hklp4.org
newgoz,1hqmw6v19wbhtapl2388hv7v2j.biz
newgoz,x9eq0e1qhhin1m794su19moo0i.net
newgoz,1l69wde1qvowaosei24m1p1unnv.com
newgoz,1fcdyg2ibakq91g167c0iua7w9.net
newgoz,1ez77hjisa5xajuhx701sh09c5.biz
newgoz,1d5q5qu1l3oev98snb1rokae9.org
newgoz,19mfja313bffh4s799gw1v6iung.com
newgoz,wm81xi1gsyf3wypfeq61ckzl8q.net
newgoz,i5xcb217nxo6sy90n6k1sgolu8.org
newgoz,nouudn1efv4vm3g25v31vkd80z.net
newgoz,sbu789o6yeyci3x3it18f3g84.com
newgoz,1frpixm1lu8g87i5s0h7vj5gxw.org
newgoz,1ws68d11a8fbjri70scbrovpju.biz
newgoz,1c53cahpp1ae41jzzaapvgmrrz.net
newgoz,xq86g1d5dj3j4872wbhxw3m.com
newgoz,1krqaxs84yo7e5v1ijh2ue3r0.net
newgoz,h4ldr41k2ed4m1en9b4b101r55g.biz
newgoz,1qaa36r10sqszf3sf0j3hxlr8f.org
newgoz,1stav9noavh1l1596jq7g22qrz.com
newgoz,11tmg7cwsyfbf1imnuvo1iq2x9t.net
newgoz,1mgabz8wxjil54mxq1unt9zbh.org
newgoz,1b4wvfy1shbu2epdfhr4mgezjv.net
newgoz,izflia10zq68g1yzr1i3cgm2jo.com
newgoz,19yz329x5rk5q1gyshsvgghf2x.org
newgoz,g57w9m2g96341b5drf2h4xzaa.biz
newgoz,6zgh5o132f7c69z8b9s10u8lnl.net
newgoz,57v9v9f9uexr7co8e40tokb.com
newgoz,1mzcknt10484trcgj4dx1fqpprk.net
newgoz,7qetzf1k9iyo2t34x50ny61zr.biz
newgoz,hn8kor1opa82t1xyr72m18zjxqq.org
newgoz,e3wdiy1virjq71kgee8l15t5i89.com
newgoz,1v43kh01b00q8pwjltxozgprzf.net
newgoz,1d4r0mh1m42vgq1xq1y961lmgibq.org
newgoz,18qa8sla298ztyrb8ab1x72391.net
newgoz,rjm3bj140xxpt1bvcf8y14mb5u5.com
newgoz,1li2hfs1fhvsf411zw7q715h39oq.org
newgoz,yne89ujstftko3fy60ysvjzi.biz
newgoz,q1kwon1rnjjmm12vpdcxjz73f.net
newgoz,17ie6f1w6icowv609k21vjo3tm.com
newgoz,1wm8t3519jyol21flu1cy74s3vd.net
newgoz,1cfwab01ufouori9uw0t1g0d26i.biz
newgoz,11m8zcv1e9h2zn1yyz7af1kavjxb.org
newgoz,1tub4uk1oih3vf1l64r2q1u6nnzr.com
newgoz,1c2nqq61p22d051iv4m3uokzbl6.net
newgoz,1i8njaxe808cddta4sh1k8wg3p.org
newgoz,1ntcos4rcldf81oyrtkx4ennoz.net
newgoz,187xgivad4yku16gpui9fb5jfk.com
newgoz,18twgpa1gijy2g1eunwva1glty35.org
newgoz,6q00c618vspqe1pucyjscnxiin.biz
newgoz,1epiy01bz6lm816cfm5m1o1oe8c.net
newgoz,2lhmq28btycz1e6ibvwvt16fw.com
newgoz,mxv9ef1fwp7na1kh2p0p701mz9.net
newgoz,1j24g891kj13t01ycvb8uurup1n.biz
newgoz,1hryn771bhd88y4sawrpoa9jym.org
newgoz,1sj3xj613m1rhh1it0rf93w1wud.com
newgoz,8poi7ngu7wixel0wdi1pf4ost.net
newgoz,1rz5i8f1wrafjp1kvvfba1ifossx.org
newgoz,m6p2amffo6p31j116u7fz1ihq.net
newgoz,8pndol1iemci8119qbd0nchnwx.com
newgoz,risya1tfmyk0kd5q86115tkzm.org
newgoz,1ips2gq17ql556cgq9xrx0hkhf.biz
newgoz,qvxizp16cr19j1fi3q7y6gwuwt.net
newgoz,ly3jxpyvmv37mo8suci793q1.com
newgoz,pzkkpm17pkdbq1qahu4ux7kmbr.net
newgoz,1avw5ouj48wzynvsrtoqve81g.biz
newgoz,ov2sdh196ydua1svmv961bxyilp.org
newgoz,tmigam1uz6z4b1ag1j4z8gilws.com
newgoz,11nimcv1lwikvs1epcx62sowa8z.net
newgoz,t3z97oh59tw1q4p3v0ptkq7h.org
newgoz,d301b0kepy07gpn46g17vc7o9.net
newgoz,ya1vgdmpehvhgg86o112pfrkc.com
newgoz,1lxt4291p7245613w159yyzdpo9.org
newgoz,1ulgl7u13m0p1k1oxe30jrh45jw.biz
newgoz,w01y9s60573u12r1nog1lkd58z.net
newgoz,si6cwv149c7a42dzzosauq79z.com
newgoz,vjnxwy1te0nyz1isqhrpxr9cik.net
newgoz,rt3tpm1gw44hkhe8mn733p3xz.biz
newgoz,voo4bl3lt1et7ji0parcix76.org
newgoz,bhwbv9suu29x1v8pt4mhcm9ao.com
newgoz,1j51sw01iwsu8y1fisnwl1lqc045.net
newgoz,381yb1q73azh1nxaeek18r6dja.org
newgoz,12s7bnz9fom6p1xk2lic39h6kj.net
newgoz,5lq40y1xkczpc1r6skjc1ge4i8d.com
newgoz,i50fd3gobi0scexjtl34gjzb.org
newgoz,szhnbled3f8v3mtmzixkmvvs.biz
newgoz,16wwe781fyi1lt1wxzp3d1xbx1kt.net
newgoz,1yc6cv72gpzw9kuqfqc5vs079.com
newgoz,1uszyddmyrnfs1wkvqjjvxff2g.net
newgoz,orruwcwhh7w05nhnmvrifoi4.biz
newgoz,19d1s4riar6w5ybs3ri4j6lg6.org
newgoz,1dbrbta1uajp6418q4qfm1bbkb6p.com
newgoz,ukb61r195n5drwzgctzl6ztro.net
newgoz,snfmw013ldfi9bcheho1fdl4ln.org
newgoz,1i3x7kv18777t21rk1dzh18zqqw4.net
newgoz,tt3h6rgxew91xklmyn1afujp1.com
newgoz,1ivgebc83e3038atpnb1h4jf9z.org
newgoz,1wp8944pxt9og1lcd29s16l5yzz.biz
newgoz,ebwpt0dkdoa11gsohs651r0ny.net
newgoz,1fj0haepv75ht1msd1zx867squ.com
newgoz,kw8pqu34aiip13tdefuueh4zc.net
newgoz,nyvnra19ppeusoklrex8ledn2.biz
newgoz,1dy1o691lb612g1ypwsw71bdnca8.org
newgoz,azj4tz1x33p0n1vbmxbdo5erfm.com
newgoz,1552o8p1nf57r11204m311ha56wb.net
newgoz,9m4r4jn2b8nplbkgp0qye7wu.org
newgoz,1bhp4k91nsj8xltl8tai1szmiok.net
newgoz,12fo7e0oaxn3k1u5c29kf6xo45.com
newgoz,yaindiwcb0ge1f3jdf617bckim.org
newgoz,6nfy5ev82ohv1kc8l547csyn2.biz
newgoz,9ha5p01a1nji8q2zg4x2ysu4y.net
newgoz,1ecs54jj35qhgkbr1v3oetdwg.com
newgoz,1jx32yr1frgjzmxya1ho19myte0.net
newgoz,7i58gqllvudovzjcmaqu6k1s.biz
newgoz,9dtbdb14ep26cmup2lpqx01ue.org
newgoz,6gnkqvo21n0u1j72foc1srim9x.com
newgoz,13hehjw1gq5n831u1e85s1etui26.net
newgoz,y21p10ru165g1fvqr4kpjz96y.org
newgoz,5onj4719k4os0p9i5yy1286i7b.net
newgoz,1oojwzaxdbxut1gttrxu1xxn49b.com
newgoz,qgowub1rbvle3l2vhk2desqek.org
newgoz,11i84ns5ttrhn1muejv11yfr9yz.biz
newgoz,kg7a1z1hqnbvk16iky26rwenkc.net
newgoz,155betmap2s73ogkh6b5upf9r.com
newgoz,joj8rvmsb3s01kgh39x1osyil6.net
newgoz,qgk62p18ys4uw13t9tfcaolnzg.biz
newgoz,omhnydqlzn1dfk4lwh15medi9.org
newgoz,1rhjd5k1cujz5gwl6laaxyz8du.com
newgoz,mdlrbwxf4upq1s770kdqx7rz6.net
newgoz,1p53gk31tyn2ddrl3toq1uczzqt.org
newgoz,1wtggzg12dighlnkjstjhg7zvm.net
newgoz,odhawjgzcbl8jx2jokjv1bhc.com
newgoz,584otq122msjyymxfs11kkuwnh.org
newgoz,nfc3mm6ydaeii7c7fh14tao0r.biz
newgoz,o3licf9v5p6w1uh4icjz6w80a.net
newgoz,mg9xaa8pla4bvizd3ey3rzvx.com
newgoz,97pdej1bxjpl11ysadlzcor1mq.net
newgoz,s20bns1yydm9q1iw9ggh1okeuxa.biz
newgoz,1tpqwgt16bdae41ji6vh6dntzyl.org
newgoz,1lnd5fismvza11h4ihal73o6pe.com
newgoz,bou7lz1gnhftd1wx5i3h16ljthf.net
newgoz,1jjsbeqf6il85rv0i8480ki0y.org
newgoz,odf79udxsiguwcjdhthzbmxd.net
newgoz,jtv0bx1jrax581oyypwx134gzul.com
newgoz,1kbb622sy4zfs11ggalxpdaog.org
newgoz,1bscz0kgkgmru1wlcbgl1byq0qx.biz
newgoz,dgg0x9aq7h6w1aij2ie1xo7u88.net
newgoz,hjgcal17uk5kn10d2v1sfp55k4.com
newgoz,gnlysp1jxatvk1qb3ssk82oiua.net
newgoz,1fuzf64gc1xwu12lkluz1nj1cd1.biz
newgoz,1domsmy18z3acd18z6bgf15uxkd6.org
newgoz,11wvhcugyi6qq1bs0fqgw68brq.com
newgoz,15xsgvhzizcj1a33c9ggjqpbn.net
newgoz,4roh1z9qdzcg1u2hyj217vv4bj.org
newgoz,tmhiiffu4rvbkwwj0e1evf596.net
newgoz,124w4bm1cimjzn1m6ks4z144cacx.com
newgoz,1oxupxe1n1p521se9o5f1dw7eph.org
newgoz,xe6era1sozfw61wlx4ik15r8ic3.biz
newgoz,ohrehe1leg7dw49uwzlkfst9t.net
newgoz,1rvu6zx9xd5e0198ma5z7z7nyh.com
newgoz,yd047hc4llxri9dui5fii3o4.net
newgoz,19r85vkp9q7rcridjifrl19h.biz
newgoz,6blf8r1w45biz1axc4mh1ems92l.org
newgoz,13vyl6n1bniwq3wvews71cz68o0.com
newgoz,1c07nr1g8buy51ygokyba6vozo.net
newgoz,1urtsjux2rsy01i0tzfy1affi8a.org
newgoz,h8zzzu12kx83toju7dsc3ts6s.net
newgoz,oiv8pck14l41xkmdpy1psypfq.com
newgoz,1gs4zmy173sydnb4v3wpylbmm0.org
newgoz,71ztcoze12e1txz3319bho0b.biz
newgoz,10mv6xndeokrzfbbsdmqwgvkt.net
newgoz,1luhunigpj4vk128ovhfr5kb9g.com
newgoz,405cls20m1i8sszr10nq5d4s.net
newgoz,m5aqkyyrer417epc3b1ecxud9.biz
newgoz,cqpojr1uncxte1uv6bi31mtsesa.org
newgoz,18t4xxd7hk3dlfogo0g16l5mk5.com
newgoz,ls21li1xl2v0j1ffdkpa9nn5ia.net
newgoz,p63qro160kiww2l1ruy99gd54.org
newgoz,1wftr1d1f9pm8s1m1dux217l9pm5.net
newgoz,13xjpuk1gbr5b81vfk9jj1bhlkt3.com
newgoz,1pxv90e1ab88vtdbn21c1g07h53.org
newgoz,4u1xc61dhdtcbncurk0w9qbfl.biz
newgoz,17ie0jpn4o9tfsoc5lv1u2i88l.net
newgoz,y1g8aevmlbsfs5jls8hj2q2.com
newgoz,y7464sv0unucqehb5j1yolug8.net
newgoz,19x2jgy1kbzvf01uixi01v5m5uc.biz
newgoz,1dia9l7112z31k322wl1qxkhoo.org
newgoz,16oar751094j491b349ir1sni1gx.com
newgoz,135a1wh1w2jef42raxkyqb95xo.net
newgoz,1gcwd0nekq7kr1d6gy9v1889uf8.org
newgoz,1towcquwmfpes1y92dpb12ixlqt.net
newgoz,1qh7a7514078nr1umjra82ysuls.com
newgoz,7cms50124omsx8d52c1u01pi2.org
newgoz,1s3q5bze9fqr037i83p1bfsxrd.biz
newgoz,ehn6u01k35ecadyfv231lfymvx.net
newgoz,175qq414jxbm8dwnwjp1kmk3rg.com
newgoz,t0f4sd6tuhgd1d9bvpo1ea6z3y.net
newgoz,i6kcaanjzz8z1c2438518ozuj0.biz
newgoz,1iq77gy18ya0thxnb74jisjdop.org
newgoz,1g8eon1r0rygm42m6m714sudtk.com
newgoz,1okcprespnlqn1fpeeiz12ncfyr.net
newgoz,g5wq021d93nv6ozr0586eehsv.org
newgoz,1k9sn4zo2zdyi16aepxb15c0tq2.net
newgoz,25406717nzu8f1eb4yjq1r8g96l.com
newgoz,hvfqw91wto7olzq9mbx11j7ssy.org
newgoz,guz29n186rxh21nr7coz5aoh6g.biz
newgoz,1l3wu8y1x456dldp3pobbo76rv.net
newgoz,1sytsmnlfx12j1nj1s2dlmgkk8.com
newgoz,tt5db667sdpdx65ugpy0sfcf.net
newgoz,14tsksdbemytcc8ln5775flzl.biz
newgoz,1jzxnww1e9rb9v18fv0nj1gnhllx.org
newgoz,qm55ec1pp6c1p30jwzvs8z1g0.com
newgoz,tllcl9qqld16hzqwgb1dwhmfr.net
newgoz,75115k1k5ibjf1drepahzi94sw.org
newgoz,1c0h5ts1tgr4wdmhz6yjfrb8qr.net
newgoz,15mkfx4gi23ca1pl77m51ti5lk6.com
newgoz,12hqacqjckiei1hh16pacwok6o.org
newgoz,1bz5v3g5mlk2uuqdoax1bki2dm.biz
newgoz,vi00n52hhn9v88yvqw1wq0gnw.net
newgoz,7v94oh32qvg61vajtl01njkx3j.com
newgoz,ofhf6f1a4pul6vx5klf1k04hys.net
newgoz,1acyoz717sajk42qbck61himyey.biz
newgoz,1eq6pnp1e1hdwe1069je15gnqu7.org
newgoz,53b3rcr485g81rj1azn1o6rc2s.com
newgoz,1u394iynz7wzzix6ysmog21s1.net
newgoz,1gmpnqw1z0b3wp1yxta8trdaeu8.org
newgoz,1jsegefrjz6pa35pwmb1hsmyup.net
newgoz,6lpvil1khtgy412758s7szuolu.com
newgoz,doq07blx74b91tkxq842yveqi.org
newgoz,u1twa8iujpf4nnk2z61hxqul4.biz
newgoz,11tj6sr121o1b31f9nd1317t379p.net
newgoz,13kfyus1xssx1dq3jjsq9ffx77.com
newgoz,1yrasg11gsmc5yhlo1b5chz2th.net
newgoz,1x92auvutmf0y1w5py09xvdvk.biz
newgoz,5m8dk01k56gxd1unrr1iqm13ru.org
newgoz,19kdtklvrz7owrx63d81pm3qz1.com
newgoz,1xgtfj21vss15q14awlarmi6e6b.net
newgoz,1rkwlto101mqkb1eruqqe1qc2e4x.org
newgoz,yat5mg4ugfs5yfjwoeze2h4v.net
newgoz,j1jrq211hyth51kfgqpiproqds.com
newgoz,1qmq27agptjxk1m0s3fl1yi4vnk.org
newgoz,n52b1d1paamti1kdhnf61vt7tw9.biz
newgoz,zy1rdfuiqda014qbd6lyx9ib9.net
newgoz,wj06j9dm47xgk2ay6j1ykzpop.com
newgoz,12og8ak12ly4cs1jxt5tr1kltfwz.net
newgoz,1pcfysm1nkkp61ty13y01lmav7r.biz
newgoz,16yncnn7fqw4k1osr1xprkfzbz.org
newgoz,hb25ck1rmihsh1b4f1jnjku6qx.com
newgoz,1flaum61i83g0crwdq7410fzikh.net
newgoz,1q60djjyywr4b1tn2tr11iz83cs.org
newgoz,1luborv1v2oojj9u1ndt1bvlpo9.net
newgoz,1jp3fkpnkq6yizc8qv11qg8e80.com
newgoz,1uqh4ch12mf7wiyh59b61be1ynl.org
newgoz,13oa86gc4jplbu9gvs2s5515i.biz
newgoz,1rxtf6j7mgq3f160oxgk1g4uosv.net
newgoz,19qln4v1spuaztkgt0i8knjtka.com
newgoz,1c7e3kq7hr3xo7e7er1t8jshp.net
newgoz,zkbfza1tiza3l17bu8to13hkkgq.biz
newgoz,e7rsvd19d8snz8suvx1ty1u1u.org
newgoz,1awa4zv1ua9bn0h4uc5ee5khsd.com
newgoz,1ubp3scjllgn5rdts6f1u5395l.net
newgoz,bb4zkn13dacj33ucfsufs4l6s.org
newgoz,ap4y4vrfmpbf8wdvk61vuwg8y.net
newgoz,mz579f1hvzjem1uf8xsa45reh.com
newgoz,10asz52lmqfl316i3mi21a5k76k.org
newgoz,1eer69w1b3rn9k1pro2899bovt.biz
newgoz,c1afvd9nmy39f4gdpkdk4x6h.net
newgoz,ppbz1118ye6991uwr6u1n7t8o5.com
newgoz,x2d0crxishd5k47ho5bawjn0.net
newgoz,1adigkvbmux8u8ie7r3vsy85w.biz
newgoz,sstjn81llaqpl1vccccmydgok2.org
newgoz,kxk9vki5nev51wqs09815kg3nm.com
newgoz,1bhxazd1e7k6hy9gp7fqlglvc3.net
newgoz,b2ab8l43dai51m6t42819p5d5j.org
newgoz,1oebdf4pcoer316ssl72r35568.net
newgoz,1iwcowz1l7ugtvg6g7le17c6wcd.com
newgoz,16hhu1k6gw83e1c0ps0x1p0tw84.org
newgoz,1b39bphq5ppc3twj48q3vb40p.biz
newgoz,tm1wa21m8ac6r2gdcszytea7j.net
newgoz,1edrqi31sm4aqj1ypnr6bnraqv4.com
newgoz,15c2dnpsoqc2x1p3ksi01ht5mx.net
newgoz,3d69rt1f7g3nif0mjfg11b41jc.biz
newgoz,ttgb6c1quza9w1knixvu188kw8.org
newgoz,1ghdyojj749fm185lgq31wgxo4x.com
newgoz,1v2b9f2supxov1yyyor71hiickx.net
newgoz,wyww2e1qwffpx196prz71wx4w8b.org
newgoz,4qqq1o114tj9s1x3q4i18u0u51.net
newgoz,kgqn6v16g5nkr152hxj012ub2r6.com
newgoz,1459zem1o9lzi1txkyq1q8921g.org
newgoz,12bi18u1hfulqawwm3eryi82c.biz
newgoz,soi10pgd0f5auttll1cbckco.net
newgoz,1oinwwj1jimxcs1laj2zs3tn5kx.com
newgoz,s7iofa1sgcy24l4baie1hs9ey.net
newgoz,1pzei1b1x9bcwi75tbf3tykrx0.biz
newgoz,infjytxaxt7h19xk6uh1bbyig0.org
newgoz,1xtsrkbma6m9y1jip2tuxzbb0t.com
newgoz,1ba87t7118akki3j7n89b32jg.net
newgoz,1hx8ti1jydmm83nr2pu1hb7qv5.org
newgoz,lhhdt84v5xcr37uoan1mthewh.net
newgoz,1up4drk123s1f7sjn94qs1eub7.com
newgoz,e0l5qjawcmws1ffbwo11v40zai.org
newgoz,2ekagm517xfb7o6qfz19hgx5p.biz
newgoz,1jl0h7wase6ouumb3b41d8loe8.net
newgoz,1el0e5bthwizs1mvim3na1ey6x.com
newgoz,9rb6oyu153zx2va7km182czx4.net
newgoz,1gaiol913jephlcla3b01pilry0.biz
newgoz,sx3g0s1qhawnnkpqpy6mh3xg8.org
newgoz,1y4fmnntcsrhbl335xc1e9tr25.com
newgoz,h4yg7vznjmearp4t8udjll9i.net
newgoz,434p733xqej51mqxz6afzs3r4.org
newgoz,v8fw5uj57rfq1t64rij1tu9u05.net
newgoz,30axi1l34tt6uob9nqi39a3d.com
newgoz,t097pq1ji3a77iksr5c1c3h3sd.org
newgoz,1v74wt5y1nkna1kwg397hp4t97.biz
newgoz,1o8mpjf1h3se0u1m3rkfl599oh8.net
newgoz,6b3nqy1cz88rr1fj1exz1l8u73w.com
newgoz,3krst51072yek13ljmjn1xl0oug.net
newgoz,1duin7rexbjudev0ivixdm63p.biz
newgoz,1ujt67u3jlyxt1m6900z1c7td60.org
newgoz,1lffo5w191mdx01f8k9td11ccusk.com
newgoz,1kzeseg9srunw1yb67hp1rzo7b6.net
newgoz,5673emj28yh0znzok5c9dd5c.org
newgoz,7dponl1jco3jmssbxpy1q5c1y.net
newgoz,y9xok211noqv019tt4lm124833x.com
newgoz,1fqhdxs7qum5q5nb4pcir6xw0.org
newgoz,16yj59v10bj87g1day2e912sjtna.biz
newgoz,1mpo7px1k3otmr1y51ypz1siwi46.net
newgoz,drntvcyikxabrfhueoqfoqsy.com
newgoz,g6fdjrpg3muqa7va3h1gppick.net
newgoz,7kuh791fye0x91pqg9snjimxc8.biz
newgoz,1fbcbv4pczhbsjjw3c8skww66.org
newgoz,1lqfzfybbdexz1o8kzqwoxyes4.com
newgoz,84tdt57nkuv31co4dknojoi5.net
newgoz,l92q35ui9h8jd5y8u16etio1.org
newgoz,1b0t60g4rez6i774om91lhtn6s.net
newgoz,hts0cd1cgbfu7h0ci8g1p9m60a.com
newgoz,1tq4x0o2m4a3rl9k1r8g24d83.org
newgoz,dhrdqs9vqy3n74kye911q1ynk.biz
newgoz,sbj3as1hgi7ffdlr7lpw8cmy.net
newgoz,8o74ybbcwa93qw5yo9u4yej.com
newgoz,15ns7n1qz029q164cvmov5mlxx.net
newgoz,umdjaxd0qajije0lqa2vob0t.biz
newgoz,dd3tt51e19uj011lfcbb1a8guyd.org
newgoz,mt55ao6r5fy4rhxccf33srp.com
newgoz,11w630y3uhkevv5f90u1jqtjwc.net
newgoz,163bh3j1lx8xpwftav9gjfrz9m.org
newgoz,1wny9fe1iav71c1lsfxsezk8ek6.net
newgoz,1eqoyq414l7j9q8ubd9ls4zt75.com
newgoz,12zfmwm1dyzi45ng5gquji07s4.org
newgoz,1yqockg1i6083v146kos417ty3nb.biz
newgoz,1saap0n8phh8m1kzejzt1n7wike.net
newgoz,g8of29rfh5y61fkv95isbbgb1.com
newgoz,1bps4mu192j0mk1ugi2lggwcm45.net
newgoz,v3rc0bkhuff0cz0s86ht3rky.biz
newgoz,29r4bz1mhmj7ncnima78c6czr.org
newgoz,1pl7c841v8on58hv1jm61ni86ga.com
newgoz,1g9eav77z7yozosguzs1l1jhqm.net
newgoz,czhx9qv3qe4z1yuz09fxbfw8v.org
newgoz,arkwt61v87m7e1qopfknb2q4qt.net
newgoz,w4zaul15w8rutqrau6ldg6nxw.com
newgoz,n3h5hwju4z5l8q8o2510cw63a.org
newgoz,97so4aq9wj29qvs8u1k5af7j.biz
newgoz,1380o0gaflx2bow0z33jymcv0.net
newgoz,1kst5c0114izyj17p2w3q1kddycc.com
newgoz,1a9vt6m27e9w41bf9kaf6ldpfj.net
newgoz,1egzzknxvks7jz94m1lag38tp.biz
newgoz,1fx3cq19dywol17u98291qbog9t.org
newgoz,1kqwb63hcctba1qllfhn1qda6bu.com
newgoz,d2q5ua1p7ga091cyiij8appncr.net
newgoz,ecdo22czdgti19j07xgimt28m.org
newgoz,178dfe31jmtlk487xmw81un5bs3.net
newgoz,1j0g2hk1z0am3t1g0vu2lfpmeo9.com
newgoz,1xgu63twm1ahu1ypfqyv1yej8sw.org
newgoz,960g00g5fhonk7j7j5116m36m.biz
newgoz,gnzy89pxm33m1iis210q8jtus.net
newgoz,ygpt381uf7hoa1etyn75gnqvbe.com
newgoz,ng9vjb14tc68j5dgwmwyxc8p0.net
newgoz,1kbegu01inip4rqtfjr0komf6b.biz
newgoz,17oo393g4cpelldxxl6br2j9r.org
newgoz,1dlam1jvlaakq3290dvvv6j42.com
newgoz,12qu8nj1897gwd79dxyv12rr5zj.net
newgoz,shgz0r4ymf69k4uu1ncn3kj.org
newgoz,uwulz748vkdp5xv54r16a6iu9.net
newgoz,9ihtef1h3089l160j39j8cmj2s.com
newgoz,9oig9rv7x6ye7brwn91e1m5if.org
newgoz,18hhmn6o1fzo1tx3sq4zey4iz.biz
newgoz,bgqy3y1a2y2l6wauniy1crx3yq.net
newgoz,1bsktsw196fi331lixuz5i349rk.com
newgoz,xejkpaurzrs81x9e5aou5nmqi.net
newgoz,15c64tpnfl1oa14xjbpi10s27la.biz
newgoz,1n94yww1c99keayjn6jl125kn29.org
newgoz,wznbptczfs6w1xdjpzu19g53de.com
newgoz,tps98j18wvwjk13zian9gk7im8.net
newgoz,1pmac92h5rza114vta4t1qqrr1i.org
newgoz,tknhc51wme9dq1hwh1spvjile2.net
newgoz,6nf7pj1jhutbn1fdunwg12aw5gw.com
newgoz,1lp52q61kbyz9p14dl6qi1i2s333.org
newgoz,13mbrexslfumkxvitk91umxwzc.biz
newgoz,nhkw50odcm6zgokght1yyubmb.net
newgoz,hk4bxs11cpkkg1m21alwgj58y3.com
newgoz,w2gbk81o7434x1mj1vjpaahs7q.net
newgoz,3kcr5uqykl4914cnd4z1ivylmd.biz
newgoz,i6o8jg1qkjbqo14fuu9lmyn9v6.org
newgoz,epfmv5gotoxu13dscdd1ymht2v.com
newgoz,1wdvg2r6vdr7txwi0k751kuv5.net
newgoz,g8fi3b1l5xazxfgoygvpd03jw.org
newgoz,18112g31akbgxg1obkmfanoi0fh.net
newgoz,1fxaflf1k7lpuyijajc011rihs5.com
newgoz,rqqx815n2fvbvrtp64cf4s5p.org
newgoz,1yc5db2rr2159fqdssp86d1qy.biz
newgoz,14p93bu6fc7ku1yk6d6k1vctiru.net
newgoz,1my0hgkw8z1mk1p2srns1hzlw0a.com
newgoz,1hiaxtm18dcn18xkuuy511gxxp6.net
newgoz,c8jpsn1r86e1irgndd61k7iwpg.biz
newgoz,1yteyrp1rlvx28in9ffqp27xe2.org
newgoz,u2zam3rel3bn1vdj5zhigzlu0.com
newgoz,1qmd8nt1t7cxt825dt5i1yrje5b.net
newgoz,1hprxb5fwvt2wnreh5j14uxtfv.org
newgoz,1s4yk671nwufqwojszbwgqvr64.net
newgoz,1dskzdvb2hnvya7rn1w797wu.com
newgoz,13b894b6o48o31y6jb8ohme8vc.org
newgoz,23mblxq5tda8zzj5kw16qaaom.biz
newgoz,18195yakfi3dr12we14t1viy94k.net
newgoz,1c4ctxqyhi2ime73cdrn6tx5l.com
newgoz,1exoxsgbu2obymao6e95ixyex.net
newgoz,j9ejmm175bsgqu363fw1ygawnj.biz
newgoz,1ygle4w1xnhatadccvjm1o7snb3.org
newgoz,7rngni1hvh8v41khbi2ip5fwm2.com
newgoz,uvmhg61kelo951f3vsbpdd170m.net
newgoz,9ynqch1fkms9h91k7c91vjyx72.org
newgoz,hd51yr1ciyurc18qo9h95kwqld.net
newgoz,3zxk3e1tvt0ffz71l7gi2ngbh.com
newgoz,1xzk14a1xffa6d43vx99g06gr5.org
newgoz,7roaas1i3bk8c1r51t1v3b9t10.biz
newgoz,zin48ndazz681aa565m1gye284.net
newgoz,1arq85k1wo36m21dw7toj1a1ol85.com
newgoz,172xpm71d2edsm6fog5p11ualgk.net
newgoz,1in7ek9k6p2eiyinil351yjc5.biz
newgoz,1ivg260t93gi92haf6i3qkkoh.org
newgoz,96sjznbkgoqj1tykzlv124fjx4.com
newgoz,1ohiaj2b47ktjy1cwmk0tjvt.net
newgoz,ac44m7ee2fs31e2sqqdg8n16b.org
newgoz,16ceuak13v0jh4ggofzlwbm7oc.net
newgoz,twwi921og11rz14ts8qo16v3tm7.com
newgoz,1qna68fkhr7sp85hawz1jbfs9x.org
newgoz,1m2gj9e1q9uafp49j9m518bhlgs.biz
newgoz,177wtxc1fdor4r12nasg21e3d9h1.net
newgoz,1oynh1y5l1xyg1lcdojc1wxi2le.com
newgoz,jrl4ki1sz5sm21wewafhbsewki.net
newgoz,1oxwn0t1wzv9mu1st1vr3sxluvp.biz
newgoz,1oxzvks142v4py1207mlh9rwwbc.org
newgoz,wn5a6312jryoq1fnh7in2cgf7g.com
newgoz,b1lutit9n8f1a522gbn8nmtx.net
newgoz,11n06y91qijx8dq0i3qo55rucf.org
newgoz,vff7bx1htz1wdbxcenq1k33v21.net
newgoz,fwm6a8sajr57js2ji2yh894.com
newgoz,10zsqznjhe5j9bb2jw1suxytn.org
newgoz,11ktdcg1xd3q5eg9xuvqordgjp.biz
newgoz,8sbzyapfq0gg1p3nv9h1tvqeuw.net
newgoz,1lylj7pi2rb5biiypbc1820x5p.com
newgoz,1v6j1n01ou7erapv0jqmnt6j4n.net
newgoz,w7i6bst6dzc6xr6y6wwfw35x.biz
newgoz,9p3r6y1skdksnh2kq7bp420os.org
newgoz,1aj2g6d1l7b9qx10kq08c1u7kek2.com
newgoz,jwf2c0pt7kr31f875qu1v5x11p.net
newgoz,1befcst15dim7u1jjl2yoi2c6t3.org
newgoz,zg1r4e1yyxysi1mm8s0435tz87.net
newgoz,h95tnx157gf6b12ijci1ecsy48.com
newgoz,r0cmkq1nj9wmz1lvls9o1dl82p4.org
newgoz,26fuw97l20i7b8727b10nds9w.biz
newgoz,1k79hhfs52b0sem8jqw9ao5jb.net
newgoz,1of2ie51pilj5yta9blr1pjnk2m.com
newgoz,yipu0k1hnijg1rj3odql13cn0.net
newgoz,hboxcuskj0p31ahdqr91ahftrc.biz
newgoz,1gdtlkh14jcetf1xg7dme1mjb495.org
newgoz,7436ah5wophr135zbvl9vbvwg.com
newgoz,1n4g69o1vxnxtjx4d1w21czg9et.net
newgoz,wvu0dzzc6a5b1ts1h0gmflrst.org
newgoz,1tkfhpm6ammln1w8ob5n1qiiori.net
newgoz,1h0i3srlsfrgjujiee1w8a94x.com
newgoz,1qzur141kl3vkq1cxq5kwgyqqsa.org
newgoz,ztotho8oy4ckwz3mqez6jzqo.biz
newgoz,y0pixl1cf3eyzfa3o4qxvcfh.net
newgoz,1dalotj7js53t4exr5z69d0je.com
newgoz,1536ykw1k7kvx1131hd7a1l3xx08.net
newgoz,16s6otneeojtzd9n6wp5je85e.biz
newgoz,1ji8zwhtscbcyki6e62tzggax.org
newgoz,1cz1xfb1m68kze7h42q1vjht8.com
newgoz,1fq0ygysj7ygc185h0ww7u0eg5.net
newgoz,y1tyn91f18c5raegg0e15cq619.org
newgoz,ut2mq113dgtct144gaqxt19671.net
newgoz,1thyp2g1gagk4qpqgc5pndo38z.com
newgoz,lfu2di1by1vh9yfksrdwwv72h.org
newgoz,1oqaz0evrb4t5bjx7vujkf5rj.biz
newgoz,41xtlagv5w7cs0o6srxquu6x.net
newgoz,1am6av0z6sg391y92xh85xea77.com
newgoz,o2ss4tn15l57pi8f9vbiy3ag.net
newgoz,eh3f70175s7qn1e63ocq1lqyqcv.biz
newgoz,1vm92oyanre271qwxz5d1czgkyb.org
newgoz,b54axreq1445kobxj1na4v4j.com
newgoz,et8u5f13u7pcsiww8oqzxgjwm.net
newgoz,1ku2brc1352b861tgdn471drrz5b.org
newgoz,1eu8vx9h5nj1vkt32o8dfli5.net
newgoz,hf2aqi1fvx56e1w4qhts1cdhdar.com
newgoz,zibyh512kyw3k1heib5crdmj66.org
newgoz,g27y3116fb2md6upmb21piyws8.biz
newgoz,1ehjgv912zbcjuyqpf8p5qpq5n.net
newgoz,1hazedfpremrv1fsci5014muy8g.com
newgoz,1txf4pcwot49y1bsu6rmh42u40.net
newgoz,1ardwxfr773x61fcqcvn6ghbtw.biz
newgoz,1gqah25p4cyxpxzyx4zavv3qq.org
newgoz,1bfx7j71rf7yhr1yg9tsxgcjq6a.com
newgoz,1pxeq5h1ph0uet1w0y0yl16uwgf9.net
newgoz,1oytmpg1dj41dwyf5abtm3l6da.org
newgoz,kz8hibaa20dh8k18u61ioe954.net
newgoz,1ifbhgv1j1s9mz1hcys9152zx98.com
newgoz,1orn3nmhj84h4mranm1h6jjym.org
newgoz,o3xb5jzoqtio1fd9vpz1ubnvjw.biz
newgoz,1n1dydsjzpeby1af6xn1gqtzqm.net
newgoz,1ijrnwymcldjv1fc58wekskl3h.com
newgoz,15hdw8j1m4egyisn8jcz1o7h8j7.net
newgoz,7c5pvpn0exka9btzmrc3a3rd.biz
newgoz,12zdilwi0n35rwqe6f16v8zim.org
newgoz,7zqivy7jr6pe1uj0pgo1yqhh8g.com
newgoz,1h1csqur5a9w113111ls8whl9x.net
newgoz,16ddeky1nafn0n6676ah1lftaf6.org
newgoz,c06z9m1inbekyhxortzy9w1in.net
newgoz,1bfm8zz1t81y0o6kafjy6lybsz.com
newgoz,1pxu98wi88qsiq9y9zm1k3c30j.org
newgoz,fp80ozm3przd4slhoj1xv5pao.biz
newgoz,1sxwfse10oir9c1nbri8p1gxvurm.net
newgoz,nnrc4d110t896m2rosqcxsi6j.com
newgoz,i8sckr1lgiuevvt8s0l6m25ud.net
newgoz,rtsq7011vgmg714opl0ij0i5hs.biz
newgoz,m24q8f196z775118p54nogigis.org
newgoz,dfv9z3n58u31yopae01m2j019.com
newgoz,yt67wh1iw7z71ykcbg61is9ne.net
newgoz,u7yfl3kbkzfnunvm387wydc9.org
newgoz,yh98kr1hi1esp6xryl610gemo.net
newgoz,1svh7vewjdtoq1jlbuqf13suoy2.com
newgoz,cklmzx12omp2y1majqvsbs7bi4.org
newgoz,1lmpkm7127wljx1xn71m12mo7f1.biz
newgoz,qclb54cf0aem1o32aoec7c8gq.net
newgoz,wiep341phr1inffhi241s0bami.com
newgoz,1j7sdw51u1mwp216tcczb19pdr41.net
newgoz,1853cucs53bvn1y3icmruyn1kl.biz
newgoz,fpm7z7ndm23rtvqy6u16c4vri.org
newgoz,13atevzz1dhp6bjpyla1p7chii.com
newgoz,aro8he1jn2c2a143ruo332dcco.net
newgoz,i0rjqb1znfg12lcq5csdt0fu.org
newgoz,1v4htnkqhcd7qdtekvlgo6b9l.net
newgoz,67sbaj1eoywj92xk89h2umn9c.com
newgoz,6j6edy1kc9rp31rxo3r4o4xna3.org
newgoz,ueqzhe2fnmat1ldk6ziujvisr.biz
newgoz,g52dyi18mxzfsw1kagv1am7end.net
newgoz,p8amag17f13obdcwmnxg2x8s.com
newgoz,1ce2v7n19ibdjz1lw3c1n1celiks.net
newgoz,p9jthpod2dra1isyzeqb36gnq.biz
newgoz,17u0omn15liu8x1rqxnbr1tpi7mi.org
newgoz,1ck1l8a11n9x5p1q6sjvfh795rf.com
newgoz,fvl4m01qdv86ywa7oafdt4s89.net
newgoz,1vn9k5vav0e2v1itrlk8enth5s.org
newgoz,1uhkme11fjssvb1azn7bki24ecy.net
newgoz,nzqa5w1yd3o0s13kkce72yyr5r.com
newgoz,pw01s298rmo454pi3jlkh8oo.org
newgoz,1rugdqt1br4hvit4z16st27zj9.biz
newgoz,h9vomukwhos4syk60t1poh1ae.net
newgoz,1ibwrvjya1d2a1tnc17z1kdn8zc.com
newgoz,11csmiicnncgwns1n5r1ut91rm.net
newgoz,1vpviechce51815hkwn9ch1hey.biz
newgoz,gd03pfvdhnud18dck4rz7acbm.org
newgoz,84xb6e1g99sjmdblsexffaev4.com
newgoz,1icu55u1fiuk1lt3vpf217gu00m.net
newgoz,1erhijg1rskpa8zbkl4z12n1d61.org
newgoz,9ln6o4d9l01u7uezx21wdaxa8.net
newgoz,1bavpl31l0997218uyzwo1u5pevg.com
newgoz,mx09oznf2s418nhqutc2j7qr.org
newgoz,186pgwq1nuqpxh1x82tj2186vcq3.biz
newgoz,14p4b8whd9lhx167flblkptug1.net
newgoz,xzj7b4dihporrt75qn1qzjeo.com
newgoz,158ikyfs4dtiu16i27z41t14794.net
newgoz,1u7m1fl1dyut9j6erji01xyrr3w.biz
newgoz,5zen691xs58soh6fv8c16rkgy3.org
newgoz,6jeawo1pnti0d1rtlu0i1pyxykl.com
newgoz,5b7ih950zei21galziy7xd21e.net
newgoz,1vdry9y11c2fda1xgna4uza8t8j.org
newgoz,tsfl871avbp6o103k68s1e7bh72.net
newgoz,itunbi1er241olmckau1pkchkl.com
newgoz,avv01o1ryl4841x0e0k71n2xu4f.org
newgoz,1pnr4951jeyeqbn9b5uzse6f0d.biz
newgoz,b97bkrrkohpn1ccx2xgurnhuz.net
newgoz,i1ebh572vmlp19l26i01pj7hrk.com
newgoz,1f45biy1wpfbnzawxo5ux29zmj.net
newgoz,j470hvatxd0314z9bbash5wb.biz
newgoz,136yg47uz7m7amgi87yx2s742.org
newgoz,oq3s3as4gyy51rx8hyypb6v5u.com
newgoz,jlb8uy11i5ihpm1eq491gvrmn7.net
newgoz,nkrdz28ivzss1xf4gm5osd35e.org
newgoz,1a7bvfk2aq20eqk6khpumzlpv.net
newgoz,a51b3g1xegwle1ilcrbqqzlm52.com
newgoz,v9ojov1vs00yu9czwjndu0hhs.org
newgoz,e7nztg1gmtaw1wdbnzqrvv3my.biz
newgoz,13ot67s1r64ugx35e2a91ng6hpc.net
newgoz,i1eypp9lurrw6iq7c0ir3fvp.com
newgoz,1jusrumyntfdh1fe6ses14cod98.net
newgoz,1wrjuzlcw8vyk9s34oe1did4u4.biz
newgoz,6tkx0s18lrzb51wpvni9181h8jz.org
newgoz,1vhudra9i48udhvod2sduwy7.com
newgoz,pw4fivqtzk2d1ekcv6g8e2akv.net
newgoz,1q4xus6mr0a9b1k0uunvcawg3e.org
newgoz,1yxd7ys1vtkm8domqayunmpkdi.net
newgoz,18afsh4110dpcw1usnxhgmguvnq.com
newgoz,44tdo71y3r87o1g6ptaa1273uw9.org
newgoz,apw730l2c8du17pvsbejiea2r.biz
newgoz,uied8p1penmcq1ufqww2g80qwz.net
newgoz,18njn5ct693rsavehd0xdr4wu.com
newgoz,rp3qta14wtekdbus7rt1d94ekk.net
newgoz,1vdxvk327o0w01kv7fezhyq3jr.biz
newgoz,p6mzk1nka558cd70au1xs3zzv.org
newgoz,paizfj1awjv0n8nqqps1464oyl.com
newgoz,ggmf1xtyo1vm1tdsmvm10bj27o.net
newgoz,45q77b1b2mx1b1ls1tb5fwc3sh.org
newgoz,1ireawkohpvdle5d6y24gn052.net
newgoz,u8iucq1amf1moa541je1vlbq4b.com
newgoz,x5jpnhxuqkyurp2gyy1bdx.org
newgoz,1ugdd4uo1bwa7yqkcru19hvgno.biz
newgoz,v0banam0fwfx1kcwjgz1u4hao.net
newgoz,113xjia14lm2581cua1gp1wke7uh.com
newgoz,1n7gvuy1j6qrh61kxcrf96o6sr.net
newgoz,151h7db1yblfbs188lzpl18kh7dv.biz
newgoz,vetlkj9h25v9n7hdfb2xy1ur.org
newgoz,1sf40du1bx67bq19x7c8g17uo3q6.com
newgoz,mxbqek1ny1t668ums8m5gsm5.net
newgoz,1r69a81xm5yff1gltgma101o2d8.org
newgoz,3xf6nq1ah6u54xdkdhe10w36bl.net
newgoz,msw07p113jgzw18s346lsqr9qf.com
newgoz,1k3ta201blr1i71jzqieznzjk5c.org
newgoz,1wv3b6ajw7qvn1sh66da869cbr.biz
newgoz,1jvlncids2np71ykydv41vx7i9j.net
newgoz,12l32pt1gvzgjy1m8w3zx94p3qs.com
newgoz,m5ls5yhijfzg2j81is1rd9bo1.net
newgoz,1wnlr174qjrsajxfyfwmtshnn.biz
newgoz,14iqt4013abvzk1qvh6v8jprao2.org
newgoz,lko2ocgkkc2l1kg5glz9ikidd.com
newgoz,1uk14gl9lvv6t1r0pcfh1566gmt.net
newgoz,18za7rn1sagi3afwajhbkrjpou.org
newgoz,b504ti1qjhg927ihw43k2f30.net
newgoz,1tklpx21swizzwj5olt41n59e26.com
newgoz,116v0r49mvwjj16df8gnka5sgw.org
newgoz,hg3g151g7svl571cmzm1en0ueo.biz
newgoz,2bm83d1v5dm999mb33p1l4ay1o.net
newgoz,1ypv9d913wrfjq1ea9k13950eoy.com
newgoz,1le3ox01m61wek1q79d1i8aztvf.net
newgoz,1fcw4b2jsdmkvmuttvz1ja7s1v.biz
newgoz,165oho148upsk16yp9l61wk9cik.org
newgoz,7qthlakpxusu1xky2m81fukx4r.com
newgoz,8nrznt1q2lz281uognru15l2gej.net
newgoz,iclq161qjyz61hzjcj6kdw0ax.org
newgoz,1ljuhsd14u4p6v15wr96ue15wbp.net
newgoz,1j2pbta1j4pslmgi53d82tzknf.com
newgoz,6b1klc7sg0w41rnatrc196ur99.org
newgoz,tjqk6d3dvdmj1apg3d01y9dkni.biz
newgoz,182vqzyzw8snnepr4i8imzh34.net
newgoz,m5ydygzsi77coipktph2gven.com
newgoz,4wtdh7awbkak1o7gt6d1fxwvl3.net
newgoz,1qohbjc15ydv9kv5f9w91sd9kxi.biz
newgoz,rzbp331pk99d57wwnihs59hnx.org
newgoz,14wivj917olb1fwr5kdv1qryz9l.com
newgoz,1dklirh1gxptl91ozwo889h9s3l.net
newgoz,1dqajwjosvzx6qiupxa1qdsmzf.org
newgoz,hlpgff1jq3zuu1ydj2u4yq0qly.net
newgoz,n1pngz1t76brujy44yu181qkok.com
newgoz,ik88bu1muh3jsqa8ycv14b1vsh.org
newgoz,1pz7pnay4z65n1a2cohz144ke7y.biz
newgoz,polkzc9zlwm9iuartz1yvw622.net
newgoz,w1uaduqve241rd6go41tqmnzp.com
newgoz,iy4x7cuu0vvt12xoeoh652gsl.net
newgoz,lp7kdtjx90161udci72xktuck.biz
newgoz,ma6b301qcy0fvjp3vz015wmc9m.org
newgoz,1y53png1fnfuba2lmjwcd5a1hx.com
newgoz,kb2p9zvtep1acv41fl15b4ry.net
newgoz,la69fltsxako1vvyosn1qys251.org
newgoz,2hnljd1mt2famud3z7e1m6bfh5.net
newgoz,veuwcx11z3zav1wzrko01dwpx39.com
newgoz,pyierf1udtlbr246wuff8nb9o.org
newgoz,562m6y1qclwir13vhwubgc6lnr.biz
newgoz,1xiwg4514w8vre1hjtjng1tipf9d.net
newgoz,l326y0hm6nj1atqil615u2yey.com
newgoz,1cyk98wh2t25wr8wgwfdj6poa.net
newgoz,1p6uol510h0f3otc921014pueh7.biz
newgoz,hkp7b130v9nj11s3a80o0qa3h.org
newgoz,j2vn1i1e3fo9oo5mj70d1vvqa.com
newgoz,1lk9s9lkypt611b13pqo1gkragk.net
newgoz,1rci4hj67qkg01m4s1wuprsoag.org
newgoz,1knwor0iw44qr1l2kuddc8dlys.net
newgoz,bq4vbl14enyajgqm1we18tj1o.com
newgoz,198kjlbxffjrlcmmdbm6j5kun.org
newgoz,lhmccmjne2l5dri51yyck56.biz
newgoz,zvpiipiddsj51yuvzs4mvmo77.net
newgoz,ibotllan13p21b8ix6857bcje.com
newgoz,1jeit7tk0ewjkq6h5dh1awfqq9.net
newgoz,unwgb8118yi3oz2j4ez18j2zi0.biz
newgoz,1q98gisjqmd2g1rm0d7mnqf36f.org
newgoz,1cll4lbhsh1mm1bo0psraujq4y.com
newgoz,1by454p1ijqgsa1wg4ifi1ckagf5.net
newgoz,1s8b8mgrsk05wact04n173zua8.org
newgoz,icck5a111e68z1mvyzvg194e7w4.net
newgoz,yifme5ya1kmkidy4v015ghj2d.com
newgoz,18stj8q8mix7m16gdzdkn8z3bb.org
newgoz,4kqrtt1mqvlqf16z9juzg1z53i.biz
newgoz,4bvo1qhd234htvlthz1sefylv.net
newgoz,1np0j1o1i4tkg013evttd1ektf2.com
newgoz,1klzjil1n4omxlx304sz46rf8x.net
newgoz,1t6l3c2xmvqmr1fp3kh713if3cn.biz
newgoz,4bnahv1grguifcgbg7e5wu8vr.org
newgoz,1f495i3g7j71w1ehsc9o1tjrbjb.com
newgoz,arj7gq18x2jbk1beieuberw0w2.net
newgoz,11aduog1364iui14exf8m1fakjtm.org
newgoz,1c7k0fgspq2hr1vcpj48detpy.net
newgoz,cesmau1x312ldwpyh1c2aecej.com
newgoz,1gs1vy6p213hex6delcgnu4nk.org
newgoz,1uuc3uit14fi7a7wgokk1c8uv.biz
newgoz,yl4eoc1u2k76yfpipyu1p60vet.net
newgoz,19s4qkxdepit71z2589eypnq4.com
newgoz,12gq3gi1wtv9q21d1o9vdqag3t2.net
newgoz,1pnuz46198t7xs40z79d1lez30q.biz
newgoz,dxnlycgs4kxo1nqgvp7y0qbt2.org
newgoz,1lxl3mh1eb0b0vjjb0kz1aa8635.com
newgoz,1lmr6gperqk5138hpy9ytpp93.net
newgoz,1rwolmf1cdiy9w6r0x0f1iezp95.org
newgoz,ydd0n314i0g82178vanj1d7j9j0.net
newgoz,1qfc3gf1y7met81df3njd1c1w9an.com
newgoz,n6kt2f1o7a4u61jety5c1sn2acj.org
newgoz,1tcbtql77851ga1leheh8ib2g.biz
newgoz,52nuui15wzc4819o8jkk1f8fiav.net
newgoz,11cvsxmj13wrj7z4g2z7r1opg.com
newgoz,17snsqwclq02970gj7417bywgf.net
newgoz,vbos0g1q3xcb16buynx1c04l6t.biz
newgoz,lkf3kl5npfrv2vvc9q1ck7ijc.org
newgoz,102rvp1vtbb54cttcn2nhvg7p.com
newgoz,195211y1klsdxx1x4wrdm1wrpau6.net
newgoz,qz9o591ltvgh212se1oj1emts88.org
newgoz,1pxulcf4ze1blmg7l48p9oa60.net
newgoz,13m6m4g1kq123w2xfrg51b3tii8.com
newgoz,qy9vtr80ruot14n64b32xu10g.org
newgoz,db4c2w14qlq2e136wlvi56t55o.biz
newgoz,5qny242a45zg1r3qcn11v064l6.net
newgoz,leqdb8c7wj9dysx6k11uv72pj.com
newgoz,s4pt133eo94s4rq8bd1np99h0.net
newgoz,wyalxn1fxus2t4iykud1oc1j8s.biz
newgoz,pnp889113zpiz18phl0uioesqn.org
newgoz,1q570t7hfoby3hzd7uxve8kpe.com
newgoz,xtl746196ldvy1ab6vjs17rjjy8.net
newgoz,vcwrhu1gds5hnngkiaq1p574kb.org
newgoz,jyam9j1oz47651g6pb9sdgbnrb.net
newgoz,c04fz0shdivogpj9fy16wg6ea.com
newgoz,1pu1u8a1c6bs27iqpjchp7olo6.org
newgoz,n9nhv0zfyn8q1j8mgk51kchlvc.biz
newgoz,1fox6rufe0m7f1r0rj9413dw0cb.net
newgoz,1qh845t4g07fcihw8kg1c13fdk.com
newgoz,rhjrrt1xa5wu18pfoic1k8tfq8.net
newgoz,1otvniu1vvk6msah8sl4jbg0wg.biz
newgoz,1r4q3jq195b7y51w1q6f2avn3qx.org
newgoz,1e6g7oi1e0wfy1e7soew1qp2jaz.com
newgoz,1vmlr77mqro9ohixk65b2g30q.net
newgoz,unjf1w1svo36h1qzt8o7119rual.org
newgoz,1js1fwv0xxdwg24co1exoqd1.net
newgoz,1yudax21u8ma7u66zfis11efr1s.com
newgoz,1iu42eb1nl80o51ptymeb1ir2yu2.org
newgoz,1c4dfohw4eoo41ryip6s12kgfxu.biz
newgoz,j1lhd21mhk5nm16cunapkqlcil.net
newgoz,6cl9vf1tp9e6udstaec11ofy9a.com
newgoz,2ub56qjhk3syg7iine18moc1d.net
newgoz,drigq0v49ynd1iv10cl2xzzv6.biz
newgoz,n7nruwpnczlkspozg01utun21.org
newgoz,uapdyt1k25iw12qeirh45l0ig.com
newgoz,1ciy9gy16z0cxe1i7gjl61vi1awc.net
newgoz,gecaoh1tuv9w81g5ulvl1u7v6k1.org
newgoz,18ewgc5sewbk6v0vy6b1v0bgmt.net
newgoz,1fv7gqe1fwudosue6yq180pkmw.com
newgoz,1y945qp3qbr01ap5uprdxn35g.org
newgoz,9owoqjao4bnb1ebakj71m6iy8g.biz
newgoz,1xcsdkaov0ousm96ityjs391q.net
newgoz,1pozljxoulutl1oba7sg1ef4ahp.com
newgoz,p027xjfsjuke1acj1pvsriyti.net
newgoz,1a3lza51pps5l1n931u6f7jmcp.biz
newgoz,1041ykpxslwqf1asuurn10b2js5.org
newgoz,1meuoxngvnibo1x0bsyz1t14qul.com
newgoz,1pxp4wbcmijco1lv0pta1jjeyuv.net
newgoz,1pfgntys81l1p1va4gcy1d9pt99.org
newgoz,1t5kehc1veis7d1sqll3416ny4ar.net
newgoz,p9q4yy1j2h1lo74y4glg33huj.com
newgoz,1ovoyft1ph1pz8ymd0o26xkhcl.org
newgoz,xr1e341u3yod5ehmf6q1s12pe8.biz
newgoz,pz4wz31ca724x1fkxgb6z96fm6.net
newgoz,5ovln41txpr8a16m62p0129bua8.com
newgoz,1hxspv24hl4meqfjurn4qaoba.net
newgoz,39kdrkiauz4qhrylfl23do6m.biz
newgoz,1af0rlr2s3gnk1qegun0pymucj.org
newgoz,1yknvevepyuaf18ig4o11aibywe.com
newgoz,1xrl4simno14hvkzak1kcztmz.net
newgoz,816l3r1u9cp43p9534u1a5lfbn.org
newgoz,1cv9qaf1yu76gubhp9gslade6.net
newgoz,jz5qjq157zb231e49ugm1laowzk.com
newgoz,1bftvvabt8ggpbmjl9wj6fgiz.org
newgoz,h6jbrtjhzcjf28yxw123wnqu.biz
newgoz,u8qtaq18q2huevdh6rxiazt7s.net
newgoz,egpg7c1iumzqfsj6vm4yhbzvc.com
newgoz,4unvmi996nb4kealt0plyjcb.net
newgoz,1b1jwlqdy96bbaev0xc1b8dg7w.biz
newgoz,kxjyst1ee4j6c25mqsd12y36uj.org
newgoz,1wxo9n0tanp261psujgb9m3ru8.com
newgoz,1iky9zk1hin4x6z0f9ax1fhfpi2.net
newgoz,4bkxc737k1r713n816t983ycr.org
newgoz,17ygtnfq4j0t2xq2pti1aag2s1.net
newgoz,16wghwrgab691g50rcne6p1j3.com
newgoz,1c7q3v61anzzoogbprn91sgavdw.org
newgoz,1pz5trp1j5tzzjk4a2we115zoay.biz
newgoz,152b3rd1vqvnm21s0gxnl125afqs.net
newgoz,8tu1ecetpy0s1y1efjs1362076.com
newgoz,lxq7kbcqna871t14yfidk1t7z.net
newgoz,bm0itf1stc5g6ruqsc5dwc54.biz
newgoz,tjn7qb16n22fky3pvmkyx7y3i.org
newgoz,devak116qnn1u168okk31c8hs63.com
newgoz,pcc66gn9vq5g1ntt9zky9yio9.net
newgoz,oneal0qfv1k51v961sd14aum64.org
newgoz,1jl2sep4ci6zy1tk4cvo16d5fae.net
newgoz,1mnxzr4i2vq594tlrv7sz4cak.com
newgoz,1i9yex11oo73az13v0t741v3ggyn.org
newgoz,19cmn09haug5n1mni8yuyhv1gg.biz
newgoz,1d52d4m1mahiez7pi3ut1nq0yf8.net
newgoz,1hp4ndxliqa86yn4v241ykfgk1.com
newgoz,g77xux1bp1c201lgypoamlo1j6.net
newgoz,1resy1mw3lgwh9t35j620cmm3.biz
newgoz,rtgzyt1g1ugn28eirz015xh4nf.org
newgoz,1ra86t4tuaxy9ui07lmona0id.com
newgoz,icl2rd4re9v616bmo3p6dhh20.net
newgoz,1ppyvguuajdb7xog2u9ytkclz.org
newgoz,1bvb86q1tv5d491p2y1c5tkdmdp.net
newgoz,xpfy0ew2iza11364andi16tv2.com
newgoz,1b3u0qt13mqvk81cwrnxs17wyj4b.org
newgoz,1n05lwgwdpc3y1g308m2101m9t8.biz
newgoz,1law2yqcmcnq912qhl521pzwwaw.net
newgoz,1g19wdk7dc7331upwt52k8fdwp.com
newgoz,6zqrfjpc12i8f5bhm1hmq8kg.net
newgoz,tf7y9876cdq1x03x811oycok.biz
newgoz,185p1hd1rz4ge51y5329w1uwe0d7.org
newgoz,1ds1zqtpvhmgx5qrsn917vgveg.com
newgoz,8l0m1x15t2fbum6hkgnpppev8.net
newgoz,19cq5rn1ooxum91ik4ssel4fdvq.org
newgoz,1xdd6xw10sq4dpwx83z9aerh5.net
newgoz,25ccfk1y4btt3pj6gopmiuk2t.com
newgoz,18kx25jyxpmfv1iizlgsrbh0ek.org
newgoz,1jr56is1mpxt0u5e143c1yddymi.biz
newgoz,1h2vhiadsqhb8jx3q7b197h40k.net
newgoz,170i2g8ylv893plmau1fdrwkc.com
newgoz,5l90pt61uwir1j428gqhseeej.net
newgoz,8z2um96kdh9y797a2u1hsl31u.biz
newgoz,nnlzv71vs8rxk1m0w83q1jaf44f.org
newgoz,ogp8x9qxz1e0cfco8w1bqq8n3.com
newgoz,1sqkl0k1eorn2ec8z5281oant8u.net
newgoz,1naos8v8mri2ae3yihb1jkgz9x.org
newgoz,2sggc0x925ib1hw9ujl9r5w3m.net
newgoz,1h38e5ih5h9ma4zgyrt18jdhks.com
newgoz,v56fuy1rbevo61l6ji611h10pky.org
newgoz,15qw123xfjf73dxn5e4k3cmt9.biz
newgoz,kkkw4916mxcime46abhnzngtz.net
newgoz,2aqlnz19v7pgeb1kk811bnf8v.com
newgoz,108uca6zlwpit1eqenuv404cpy.net
newgoz,18zonc01n5e4ua36y2qybd6go1.biz
newgoz,b3ydry9gln0j10tvv6c1ddc3ur.org
newgoz,1xf9y7n8lwq2lj9p5mv1ou1823.com
newgoz,zf6q7q1nvo9u01i3z18r15j4jl9.net
newgoz,1ft9tr31b9g3egqdu640j35e42.org
newgoz,3j9njw8qmmcto4ofj5roevb2.net
newgoz,103soim15tgfsps68wu91f54hfi.com
newgoz,gaeivc1hkvr8a1thbo8tylcgf.org
newgoz,ipnt1ebemxo0q8soof1sv5bzw.biz
newgoz,1jdwnq1q37ftvjhef9n1ffhz0p.net
newgoz,14t0j5e1b7irlcsue4u3wb5hmu.com
newgoz,1v0024qqp8ggdfzbavl1lklfe6.net
newgoz,12chyzojsl5eo1brfwzi1sb1pws.biz
newgoz,1dtphyu1s45lml4jlu5qq5ydhv.org
newgoz,1aygywcsd5p4ru4vil71bxuwz8.com
newgoz,1sgvn7gdr76ibb5lupd16lcixi.net
newgoz,f3v89f13ghnb314272la1uaprix.org
newgoz,t4d58j15jaqs566ayvv6evv4d.net
newgoz,1l5l7791uj00px62sflv1dj99iz.com
newgoz,1mt53041wof7mb1gzwhs2forq3a.org
newgoz,1ov3c1i1pd2zmu1xyd7zrkly5lc.biz
newgoz,1ib2s1a16ohmyz1iej81p1f4mhl7.net
newgoz,aeggoogzzwc0h7bia61drat9f.com
newgoz,1xcmuocldg5gp5hre17rshjks.net
newgoz,ijeixk1gxzqyvqokuq01i1x0av.biz
newgoz,143y59k1dqqxmx1wiii8vxbuqhq.org
newgoz,i4fsa1tdkr87b5oopl12xr6vk.com
newgoz,1dmsk467jeznahj72b210ptlll.net
newgoz,sq01qncmkh6uc88oihufeck0.org
newgoz,kw91rbp485418rcqvs18m5ap5.net
newgoz,18k634f1p8w9kulyhmplab80wz.com
newgoz,1k6umzu16joyux3fq69p1pwadpq.org
newgoz,1xnxt8j1yw936kf4y131veza6v.biz
newgoz,1inus5sirqdcf1531c40ofchij.net
newgoz,1g9oyce1t3hjqb1w9e0nb1u029on.com
newgoz,61hapxf80cit1nn4tenryhc1w.net
newgoz,g43e0e1cb3jde1msmk519v4gq4.biz
newgoz,115g71gz2skrcljzjso11hgiv.org
newgoz,1kf2o5j18pzowax0r2jyjigwb8.com
newgoz,lsy8esq7qtyt1vsk5i41qysuc1.net
newgoz,1regab4sydpbc13ch5041hodakk.org
newgoz,11h51gl19j86ua1wlb1uwqriyrm.net
newgoz,9evjipws5app1vyijua166li4w.com
newgoz,1ve3dcqb7t1wn17r8311doeq7h.org
newgoz,ig9eio1rsbh421wm1v5g1sphep0.biz
newgoz,fjvmh1u8himhpbx0v2fp5g6d.net
newgoz,14gdunhf1mph7s2vb9s16a8ms3.com
newgoz,6uhvthj8avkjre0y81by1f1z.net
newgoz,1n4rnb21se8jsv1ltjm6ofz7hwi.biz
newgoz,1kscnie14s0fiwxy9131ciyqi3.org
newgoz,10149uoldd2wb11mlw8w5amqkv.com
newgoz,e8ul4xbo6b5l12pqp151lcofl7.net
newgoz,1mgtzmoiol3zx17btuzq7t42jz.org
newgoz,125qmo713cgmqa10k2r05r1aauc.net
newgoz,1q0zaya1f19jdt1mtwneynpxm5g.com
newgoz,1egcivw1wbl0457thby61plvsv6.org
newgoz,jdsknf1fawafj13mptnp1sfv6yo.biz
newgoz,1mqeumbsnaev52bm9cs1gzapen.net
newgoz,1upyj43112cr0m10os1oj266f8j.com
newgoz,wvd5a51i2ohn1dduxbe14jo00p.net
newgoz,276dqc1p1y5fkpgmgojkkliah.biz
newgoz,xt78f215w1xnx10ixjk81biq3ac.org
newgoz,bwdg9h6h7pkqbh1l101uaczyl.com
newgoz,c2uvy4r6cuea14kxgv81u07xdo.net
newgoz,1did8ei13wmoq41cwrc8e1yr27dw.org
newgoz,1vfc59euq35hp1wy7g3n1yg1ypn.net
newgoz,1ummw4wilgqw570bffgu8rgbr.com
newgoz,1nfv0qwmjciv9zm69zl1x0i6vd.org
newgoz,zu10qk1qdw307uzmf0b1vy9968.biz
newgoz,mswu9w23hs0mn5zxkt1lvx2cs.net
newgoz,lareyz1699xvjbb3ay4ydtqc7.com
newgoz,1iqxey3ic9pir10i3d6rqrbtbo.net
newgoz,a565c8hpswh41pj0s13w9p72z.biz
newgoz,s2ywpc1lz4m7g1851cor1k9ejh6.org
newgoz,wck07s1vpvlgk1e7ersx1i8tjuv.com
newgoz,1pkk28eeypey0h7nj0m1o4fglk.net
newgoz,1hfgy7lyq0ib61tnseag14xwbjr.org
newgoz,1f97a3h1x0drs3vmbm9e134l3yy.net
newgoz,1720r7g1hl5ueu1c2enp3mtz4bo.com
newgoz,lsxgy56t3a3q1er70ot18jryjx.org
newgoz,113r04a8o6d6t1m5g78ki94483.biz
newgoz,1k7iuay1yrvyke1m2ns61kyro6d.net
newgoz,ujh2begeg72fp3v4f1hk76c0.com
newgoz,t9mjd817j6yqc1fyuvmj13b6q89.net
newgoz,rj7rq4bbqyat1idwsop1gdb7fj.biz
newgoz,1bc5uucwct3iw1tlasb2h4xb1k.org
newgoz,14p3rlu1lttowb1evpbj81n6zugr.com
newgoz,1p8ep5hzesyia1hq5otc1v3n6y.net
newgoz,osdbps1hsophx1a3aa1cq4cuq4.org
newgoz,19hqc3zrczicp1ofty3igeqt2q.net
newgoz,17owojgj4e4yv1c4jfwh1h2qbpi.com
newgoz,cc6wrd1arv0v2p3gzmm1vsptka.org
newgoz,1l02h5i1gsu89h14hasktqa5smo.biz
newgoz,1m3k1el157jx4p13a7tce2twc5.net
newgoz,14v66ml1qaxdzz5xe0uf10wcz8b.com
newgoz,ricpkas9x4x9y0qdsq1nd33cs.net
newgoz,74lh0y1pcmgwz117bwmoqyt2sf.biz
newgoz,alv3tr17ttv4v1rjautw1uw7ugd.org
ngioweb,minihileth-subatudofy.org
ngioweb,revodihudom.info
ngioweb,enisobure-antidimadom-minikevuship.org
ngioweb,semiridinution-postepudency.com
ngioweb,prolefexity-disorisance.org
ngioweb,nonebazish-disahibelen-misehurarage.name
ngioweb,ilolupage-nonurisudize-minikazolike.net
ngioweb,semicofaxiful-enixakor-subafapehen.info
ngioweb,overedaxive-nonameraness.net
ngioweb,prevomozary-microfemaly.info
ngioweb,ininokodan-semivapecudom-postefalument.name
ngioweb,ilibegocical-unifacamern.biz
ngioweb,transeletession-ultratovizal-postesovic.net
ngioweb,semihatoless-initomassion.name
ngioweb,minixetepate.biz
ngioweb,postazasivency-imexezuward.net
ngioweb,eminasoth-microgefosist-subegofoth.com
ngioweb,micromefassion-multifedath-emusubefy.com
ngioweb,prozoxeless.name
ngioweb,ilaresement-macrozeloxusion.com
ngioweb,imiroloness-eximepiward-prozoxarish.org
ngioweb,emolarofy-subogotuth-unohulify.org
ngioweb,irakonikism-inovosity.com
ngioweb,prosekabion-monodibatal.org
ngioweb,antigutation.info
ngioweb,macropovizish.info
ngioweb,transifexossion.name
ngioweb,postenibency-microzesutement-multibanizous.name
ngioweb,postulupixetn.org
ngioweb,emufisic-enomubizing-prececety.name
ngioweb,iloxerorance-prelokizance-micromiboless.name
ngioweb,coforucahood-prodasodism-premelapable.org
ngioweb,imexoheward-anticomitely-inihuhegal.net
ngioweb,nonisibulike-monovorussion-ultramabith.org
ngioweb,iropodiship-semibacecity.com
ngioweb,prolezugern-antifaregetion.info
ngioweb,transusedaly.info
ngioweb,macroricafoship.com
ngioweb,rebimebous.org
ngioweb,rerecaful-transitagition-multimavifish.info
ngioweb,cotepusify.com
ngioweb,proguteless-transoradevous.net
ngioweb,misufacusion-ememitulen-macrotasovaward.org
ngioweb,prelaxakaless-ultraxigafy.net
ngioweb,exizerulike-iracepocite.info
ngioweb,multivikision-probadagoful-multimimabuward.org
ngioweb,antihokigiless.name
ngioweb,ultranupaship-antikedifian-imuzoboship.com
ngioweb,microhasadom.info
ngioweb,ilomirency-microxulurible-unavuding.biz
ngioweb,enixocutancy-rerededism.org
ngioweb,monorazofassion-macrohafexelike.com
ngioweb,antibofimer-monokozidetion-minifaviginess.net
ngioweb,progukuzite-imecoseth.com
ngioweb,prekaression-multigezuth-exotevify.net
ngioweb,exucugulike.org
ngioweb,semikeniment-postonehodom-desameship.net
ngioweb,exexekitate-transofocion.com
ngioweb,sububekoring-macrocufekance.biz
ngioweb,enabozuzing.org
ngioweb,nonaxudikic-disimezuful-postomaterist.net
ngioweb,prehimoly-minikafisafy-irebibefant.name
ngioweb,ultrarimesahood-exebicesion.org
ngioweb,antinefedaly-enuxucaxal.net
ngioweb,exedabonize-disehuhary.com
ngioweb,imokotenese-degohirity.info
ngioweb,disorefety-macrodahuvoth.net
ngioweb,nonocihiship-rekadorudom-ilixoxoment.name
ngioweb,multivarosaward-semifimutuly-disapinive.net
ngioweb,exoletudancy-inopuzession.biz
ngioweb,underobaxedom-cozakiship-monolazeless.info
ngioweb,inorudacian-semisupucetion.info
ngioweb,multimokomish-ultrasecadify-emafofoth.org
ngioweb,iribopuship.net
ngioweb,misaruzesion.com
ngioweb,irizizous-inebutapen-noniciseness.com
ngioweb,subunupufy-repukexible-anticafuty.info
ngioweb,ilozipuless-interobogicure-unogenobable.biz
ngioweb,postineseful-disozonician.net
ngioweb,ununuhenance-dezufuvure.info
ngioweb,minifidihish-multinukocify-overonovadom.info
ngioweb,minihodosaness-imihepern.name
ngioweb,macromulalath-micronaguty.biz
ngioweb,inugebable.net
ngioweb,misibinoship.org
ngioweb,uneretist-disatadukible.org
ngioweb,proruvozity-dekobuness.org
ngioweb,nonizagive.biz
ngioweb,overucidiless-inupogage.com
ngioweb,emenogolike-uniniroship-nonihazize.info
ngioweb,enesofion.org
ngioweb,unazevetable-postigecofage.org
ngioweb,nonugetorive.info
ngioweb,transozixency-mononoticible-prosaxozadom.biz
ngioweb,inegitous-subuxosotern.info
ngioweb,inemihufian-exazuvihous.biz
ngioweb,decumolike-antiticoding.net
ngioweb,semikazadition-ilarolocable-antimemavity.biz
ngioweb,intereseviless.biz
ngioweb,overuneriment-interemoledom.biz
ngioweb,disomotuted.net
ngioweb,semiragizession-coxoreth-iremelal.name
ngioweb,inapoxese.net
ngioweb,monopuzission.info
ngioweb,ultraxopekous-disumesage.com
ngioweb,exizecifor.info
ngioweb,postukegacize.com
ngioweb,repebutian.net
ngioweb,imugivosion-misedetemion-overavonesern.com
ngioweb,semigozuly-underolecary-micropaletite.net
ngioweb,propibety-macrobarupoth-antitesagassion.name
ngioweb,multifukilike-emahenite-cohivizure.info
ngioweb,dedaleship-regarosodom-inerofoment.info
ngioweb,ultrafetotiward.net
ngioweb,monobanemuless-overimefogage-microditifadom.info
ngioweb,underoxihaful.biz
ngioweb,interupakoty.biz
ngioweb,ilobafeless.name
ngioweb,mininufatary-ilaxanidom-depufiship.net
ngioweb,emomihepish-enibeled-irecadance.name
ngioweb,postucomive-subarolian.info
ngioweb,macrogicuvaness-semifatotion.info
ngioweb,underunugible-antixemosoty.biz
ngioweb,interedalern-emeserefy-microbaxisure.com
ngioweb,imizicabity-macrosizaxen.name
ngioweb,overipofion-misecalary-interopatament.name
ngioweb,disuxovism-antisasaguful-transerupese.org
ngioweb,unihukiness-progaketion.biz
ngioweb,depipuxity-devereben.name
ngioweb,disozaking-imoroxify.org
ngioweb,monomitutadom-ultradadaship-unuforulike.com
ngioweb,exonecerency-interacekixion-prohizelable.com
ngioweb,microtohity-copoposath.net
ngioweb,unaziniship-monovociless-interarukugese.org
ngioweb,irogucive-comimuship.net
ngioweb,unigugixive-underasuhance-imacitunical.name
ngioweb,macroriveness-nonuvatuward.net
ngioweb,subuxumible-iniseven.com
ngioweb,exomedage-postatugian-emefidism.biz
ngioweb,disibugaty-macrozulikian.biz
ngioweb,multigomumible.info
ngioweb,inikemancy.net
ngioweb,exigafen.info
ngioweb,enodesition.biz
ngioweb,inuxumance-semivoduguty-inumavaly.name
ngioweb,transuresotant.com
ngioweb,exokusilal-minizepemer-overecizetion.info
ngioweb,transehipivian.net
ngioweb,antipamuvible-prorolukan.org
ngioweb,antipapogize.net
ngioweb,nonesozary.name
ngioweb,ultrapepiketh-regelety.biz
ngioweb,ilurofaless-macrotevocance-minizeduth.com
ngioweb,semizunexument.name
ngioweb,postaragonize.net
ngioweb,exebezath.net
ngioweb,nonuzolemese-macrocagizize-minirehamuhood.net
ngioweb,unimivian-interizuraxical.com
ngioweb,nonuditous.name
ngioweb,underazeraless-ultraticofism-dexigurian.info
ngioweb,macroturedic-eneketilage-semipinorure.org
ngioweb,procinopary-antilizelaly.biz
ngioweb,transuxagesian.com
ngioweb,protitemotion-ultravaluzoness-protototion.info
ngioweb,minikalesoth-subanefafy-nonazumedous.name
ngioweb,ilihemezant-semitepedom.info
ngioweb,devuvehood-antipisezotion-macrofinozeness.org
ngioweb,semisuruvible-nonisibisic.name
ngioweb,ilevicument-interaximedom.biz
ngioweb,underulaben.com
ngioweb,irafuzezic-underigeboxite.net
ngioweb,nonizazuship-antizogeling.com
ngioweb,nonokehen-minibedozesion-misohogelical.biz
ngioweb,ultrahapozify-unukavern.name
ngioweb,disezikission-underedelency-exedukacive.biz
ngioweb,macropamilike.org
ngioweb,antilipement.biz
ngioweb,delobaneward.net
ngioweb,prodemoly-ultrazacaward-repebiloly.name
ngioweb,cokocify-rezedaly-ultranukibefy.net
ngioweb,semimopiless-enexinimion-irunover.info
ngioweb,minisadacal-disogiderive.com
ngioweb,irocifize.name
ngioweb,enukitity.net
ngioweb,prenofaculess.info
ngioweb,minikalozuhood.net
ngioweb,iresikiward-prepohoful-minihabohure.biz
ngioweb,minibibelish-underanegate.org
ngioweb,monovokekuless-overuxuxossion-postonuped.net
ngioweb,microtogassion.name
ngioweb,macrolemelike-provolociment.biz
ngioweb,derazufant.biz
ngioweb,ilovemezed-antihemazify-resixaly.name
ngioweb,disuculussion-ultrapexacese-disunivipary.org
ngioweb,emisoroten.biz
ngioweb,overerahely.name
ngioweb,underufodossion.name
ngioweb,postinerabous-probuvuteful-disudozution.name
ngioweb,underecupigible-misuzapekite-transipofahible.org
ngioweb,imekuvirese.name
ngioweb,minikazifefy.org
ngioweb,emimafen.info
ngioweb,macrobusinahood-prohuxumition.name
ngioweb,interikesure-recimotion.biz
ngioweb,macrobefufity-multiceviward-exakacen.info
ngioweb,minigaritant.name
ngioweb,macrodobath-iretinudive.biz
ngioweb,overuheding.net
ngioweb,semihofument-underevofidom-macrolexizal.biz
ngioweb,ultrasadofoward.net
ngioweb,rekutaly-enezazism.com
ngioweb,subifaketh-promalidish-emotecerage.info
ngioweb,cozazeving-interaxizify.com
ngioweb,subocasohood.com
ngioweb,unisehuward-misaponing-colehofous.info
ngioweb,inizupemern-unoxolian.info
ngioweb,overapupate-micromibugassion.info
ngioweb,ultratubusesion-probegezite.com
ngioweb,emixinixity.info
ngioweb,transegonish-irodamify.com
ngioweb,antitigoless-eniperebese-semifoxuless.biz
ngioweb,ultraleguship-misogoruzor-multikexaxish.biz
ngioweb,cotukusion-rekupement.info
ngioweb,diselirition-eneraluful-enazatidan.net
ngioweb,premiborance-emetotofy-unusacite.name
ngioweb,inuguxozible.com
ngioweb,microcebudom-enaretument.biz
ngioweb,multipegemoward-monolopufely-disohanuty.info
ngioweb,multicatihilike-unucozizist-inuzipist.org
ngioweb,misutacopor.info
ngioweb,demodobor-disikemoly.name
ngioweb,minibuzafy.com
ngioweb,semipuvaless-ultralepehancy-ultragoloth.com
ngioweb,exodupurance.name
ngioweb,ilebovotion-inixepant.com
ngioweb,microtecipety-inepuxoged.com
ngioweb,rebahefical.com
ngioweb,microbipunation.biz
ngioweb,overaladish-emupigudate.info
ngioweb,overanazoless-postaberanable.com
ngioweb,emaloretn.biz
ngioweb,disibetuful.name
ngioweb,postehoxion-prebuliful-dexedusion.com
ngioweb,semikefaxen-emagahism.biz
ngioweb,multipecabance-ultralodigize.info
ngioweb,disidehonant-irugurant-disegogance.net
ngioweb,exadokaship-micronecizian-nonimadaship.org
ngioweb,unumodion-interocetecist-unarobasion.org
ngioweb,subifidipure-multifelofant-interafubegive.org
ngioweb,exixexity.name
ngioweb,ilixiludom-multidaditohood.net
ngioweb,unumihaward-subesuziness.net
ngioweb,semifezohassion-covavuselike.org
ngioweb,unocosern-postekeber.org
ngioweb,subobogal-ultradokexure.biz
ngioweb,overizedeful.name
ngioweb,inukiluty-interoniher-nonunumity.biz
ngioweb,macrodobufed-ultrakepeward.net
ngioweb,seminofaly-cobalaward-misilumatite.name
ngioweb,macrofufiraship-refiraless-devunocish.info
ngioweb,minifudalike-iretegoship-emavumopical.name
ngioweb,iluferical.net
ngioweb,irematoward.org
ngioweb,probocapian-monolozaty.biz
ngioweb,posteferotish-semimagacoment-postagilance.net
ngioweb,unecizuhood-prosukuketion-minimocazure.biz
ngioweb,enesodant-unulofitive.info
ngioweb,ultravuhopeship-probidoless.name
ngioweb,underuvozary-misedixolike-unehubiship.org
ngioweb,presebehing-microdikiment-overutoduvance.org
ngioweb,imasehaness-renumucal-imetuduness.org
ngioweb,mononudety.name
ngioweb,macroragoting.biz
ngioweb,inerehitize-emomebupese-ultravavuvure.biz
ngioweb,transecusuty-multimozicic-macrogazaward.org
ngioweb,exarinoth.net
ngioweb,nonopising-codalath.com
ngioweb,monocixussion-initarite.org
ngioweb,exivakihize.name
ngioweb,macrozarometn-interenuzure.com
ngioweb,irilebish-interibenuful.biz
ngioweb,multitalevefy-irokegese-postemedoty.info
ngioweb,postovolaping-prozohinoment.info
ngioweb,disexupohify.com
ngioweb,misacelal-overumered.net
ngioweb,imacihism.name
ngioweb,macrovihudor-postizubism.net
ngioweb,exepocepary-inagetive.org
ngioweb,monozelibiful-enonicetion.name
ngioweb,transanazoly-miniposoward.net
ngioweb,imoxexency.info
ngioweb,iluxapussion-transileroless-overudupission.biz
ngioweb,underoraradom-enukubokant-microletagese.org
ngioweb,rerimiful-macrosodoxoward-seminiciful.biz
ngioweb,ilipekety-posturecazible.org
ngioweb,monoxexassion-underezisodate-semidifussion.info
ngioweb,cocarelike.net
ngioweb,emuzahuhist-underecugation.info
ngioweb,disepubical-emaxabanite-coputikith.org
ngioweb,preladevement.name
ngioweb,macrobutumaward.org
ngioweb,exuhaloth.com
ngioweb,exepimuship.org
ngioweb,reluxefate.org
ngioweb,rebiveful-underaridotion.name
ngioweb,interinezecity-misadabefy.com
ngioweb,iredetivian-inopogament.info
ngioweb,overavohulate-nonanadite.info
ngioweb,ilovumity-overenasable.com
ngioweb,imalolafy-exocupure.biz
ngioweb,enibisexing.com
ngioweb,nonabavozable-coxecuhood-exalirity.name
ngioweb,minipopabeness-nonubipetn.name
ngioweb,transiboholy-underacexety-minitiracism.name
ngioweb,interapanate.org
ngioweb,monoxobugite-imuvukaship-rekaziless.name
ngioweb,ilefeparure.net
ngioweb,monobitilety.biz
ngioweb,eniratudor-microredipity.org
ngioweb,unededifor.name
ngioweb,covareduth-unegenufy-misekixelancy.name
ngioweb,transecefible-misebalelike-microtudession.biz
ngioweb,ilidicidom-disegenament.biz
ngioweb,disabegite-prevobefeful.name
ngioweb,multilasenofy-irarureth.net
ngioweb,imovakant-cotaxuvulike-prokacussion.info
ngioweb,minidupehasion-subirakazate.name
ngioweb,inevisible-pregoviful.name
ngioweb,comerazous-transipasugetn.org
ngioweb,nonibukuship-iromuhalike.org
ngioweb,irumifary.info
ngioweb,multikekesion-prenogament-minimuhudical.biz
ngioweb,cokahiconess.net
ngioweb,nonahuzamize-minipopucalike.org
ngioweb,emihurist-interelelodom-interexekian.org
ngioweb,exanopity.info
ngioweb,minilefehood-resubadom-multihanogohood.net
ngioweb,prehanotion-underubuter-pretucedom.name
ngioweb,transivepance-protocudom-disutovive.net
ngioweb,antitubevency.org
ngioweb,pretazodoly.name
ngioweb,interexisotant-misegagukancy.info
ngioweb,ultrahihihood-semipigolition-enugotate.com
ngioweb,imosodism-multikasuganess.org
ngioweb,nonigosafy-reneriled-reninarassion.biz
ngioweb,desarilike-microkidimic.com
ngioweb,subucirusion-semivasament.info
ngioweb,transabasetion-enaleheful-underopakipetn.net
ngioweb,prehogiked-monogenoty.name
ngioweb,delafaran.info
ngioweb,postuzonebion-emefubogure-coxupuhood.com
ngioweb,misonubaward-microhodimaly.name
ngioweb,interoxedancy-profaxuly-multihimotufy.org
ngioweb,unosakekal-underasupiment.biz
ngioweb,enazopetion.name
ngioweb,cosetituth-unibogufy-imudecizure.biz
ngioweb,interilabikance.com
ngioweb,iriginian-ultrapirixic.biz
ngioweb,multixefelify-rerunely.name
ngioweb,transexixehure-antixuvazidom.biz
ngioweb,dexekoluness-prexunotion-overudugurion.net
ngioweb,misobifive-underamepable.net
ngioweb,ematinish-cocabiness-unufahish.biz
ngioweb,minimefomoth-unuticify-misovumeth.com
ngioweb,emetisal-postopomism-prefemuty.biz
ngioweb,debucavite-transozaror-prepelolian.com
ngioweb,nonaxelary-decesahous-macrovicereship.com
ngioweb,semiritedom-disidecical-unufixern.name
ngioweb,disokonument-postivakadom.biz
ngioweb,transazadezian-eximetify-multirabihood.net
ngioweb,iralofuward-emufiliness-promilotion.name
ngioweb,underadivaly-inufezexen.com
ngioweb,exodofolike.org
ngioweb,nonukulofen-derimubeward.com
ngioweb,exapesomist-minilaxovify.name
ngioweb,disasuxidom-postivibism.org
ngioweb,iridohasion.net
ngioweb,semiculoful-multicavucable-degohehood.net
ngioweb,emanafese-minibekevaness-exaduhish.name
ngioweb,iladining.org
ngioweb,emoliminant.name
ngioweb,macromekulike.com
ngioweb,revuziniful.biz
ngioweb,overozopufive.com
ngioweb,micromukabate-microbilugament-enoxefegish.com
ngioweb,imehovihive-coganudary-cokokeness.com
ngioweb,antimicegassion-minixizeth-irohifofy.com
ngioweb,iretisebese-detahigahood.net
ngioweb,microdesokity-transonofoly.biz
ngioweb,ultrakuvedoship-mononisikidom-minifodetetn.biz
ngioweb,minizefision-exohafer.biz
ngioweb,minivikihic-iloniven-subazavusion.com
ngioweb,rebemomian-antisilodaty.info
ngioweb,eniguting.net
ngioweb,unohozaship-emecukish-underucizession.name
ngioweb,interenorudom-overorekiment-ilutakese.net
ngioweb,unosaving.name
ngioweb,postixefabern-monodaluhive.net
ngioweb,misotexofy-rebetamuless-inikinen.org
ngioweb,exulucary-coluzahic.biz
ngioweb,inezimism-monodexucant.org
ngioweb,antihigesution.info
ngioweb,minisafuness.net
ngioweb,antirelisussion-multitamikulike.com
ngioweb,presoromeful-multisefiged-interucitous.com
ngioweb,emoserixese-cosafemish-overurikoty.info
ngioweb,postofomelage-rebuxizement-overataror.com
ngioweb,unomafahood-subivehusion.net
ngioweb,emexehiness-subevukeward.net
ngioweb,misifexion-postaxadern-prohonoful.name
ngioweb,interufapage-rexifuful-overukeficic.com
ngioweb,semivecarian-imumivish.name
ngioweb,transofuzuless-disuticuxical-subofemian.biz
ngioweb,minidateship.org
ngioweb,exirusenive-underuledion-unatupasion.com
ngioweb,monofurakely.info
ngioweb,macroxuvixiship-micropaxeless.info
ngioweb,ultracevunible.biz
ngioweb,underukosepish.com
ngioweb,nonifivoth-semikekunession.info
ngioweb,interebuhify-imipoxigible.biz
ngioweb,depicetive-ultrasetuhood-redafadom.biz
ngioweb,underameseful-inafomition.name
ngioweb,postonatic-prokogotion.info
ngioweb,underukefihish-probolepure.net
ngioweb,antihuvamous-nonorisate-demigoth.net
ngioweb,resaxussion-multixileth-antibotanassion.info
ngioweb,overicalan-mononigocoment.info
ngioweb,macrolirision.org
ngioweb,irovanify-macrocilision-revunopoful.biz
ngioweb,postihorety-interoxazely.info
ngioweb,overoxifussion.name
ngioweb,minivinifism-inigedement-ultrapanilike.org
ngioweb,nonihagage-postatosogible-exutizihood.net
ngioweb,proxomition-postolehic-probadadom.biz
ngioweb,disezitary-subonucosion.net
ngioweb,unixahiness-antipokution.name
ngioweb,disuhigous-emivasebing-minirovovuth.org
ngioweb,prolevahiment-postefoduhist.org
ngioweb,semimaveful.biz
ngioweb,enohenocer.org
ngioweb,exerecefency.name
ngioweb,overimetical.net
ngioweb,exadosaward-antizazadoly.info
ngioweb,overatemalify-irotaholike-misulideship.org
ngioweb,propedudom-inabedement-underokecian.net
ngioweb,subarugohood-misinefosion-profucatiful.info
ngioweb,transavimern.com
ngioweb,monocaroly-overipeseletn.net
ngioweb,exebanerern-ultraxolesist.info
ngioweb,ultrazezusoward-seminulaful-comibusion.org
ngioweb,exipuhokize-interenohed.com
ngioweb,irikerath-subagocafy.org
ngioweb,antinugacadom-cotumimohood.com
ngioweb,irelebize-iloniloful-underarised.net
ngioweb,monobosiguly.biz
ngioweb,minixasify-antivuzoxoless.biz
ngioweb,overobudement-interodilage-microhoression.biz
ngioweb,enicosuging-imehakehood.com
ngioweb,exovilish-underavenical.org
ngioweb,nonekahion-macrovosacern-ultrarikeriward.org
ngioweb,nonubezant.info
ngioweb,underenunission-ultrasafelalike-exabupaship.org
ngioweb,imuxumable-interaxanibity-emifadesion.net
ngioweb,subatador-degukupable-disireleful.name
ngioweb,ilecuhity-disabonive.net
ngioweb,prozogisal-iroluxing-ilebamepian.net
ngioweb,iminaxubity-overohivinical.org
ngioweb,retogetion-minivuravion.name
ngioweb,minikexiward-misuxifiness-irimotoward.org
ngioweb,unuvemive.name
ngioweb,minizimify-subaboramous-overagedossion.name
ngioweb,dexuzoretn.biz
ngioweb,macrofoluhood-uniruvasion.com
ngioweb,microbadumen.com
ngioweb,microtonuzage.com
ngioweb,monorogarite.net
ngioweb,irokehokist.name
ngioweb,intereruninern.com
ngioweb,microzopiless.info
ngioweb,interanuvion-imakezelike-emacakigetn.biz
ngioweb,depipedoward-nonuboraness-nonehetoward.com
ngioweb,subibagath.com
ngioweb,unosofaship-anticecoless-overococify.com
ngioweb,emokavifate-inerasanible.net
ngioweb,reromovuty-disabihifancy-promusotossion.name
ngioweb,ilemocahate.org
ngioweb,prexuboful.info
ngioweb,enadenety.info
ngioweb,ultrafovanalike-misapiheship-microxeribidom.info
ngioweb,minifacihood-nonosepite-denuneruhood.com
ngioweb,anticatetion-enisufancy.org
ngioweb,semikization-ultraxilexiness.com
ngioweb,nonasahal.info
ngioweb,multibodotulike-subexetuship-antivonigidom.info
ngioweb,transefelofable-misetaxism.name
ngioweb,underisovern.org
ngioweb,microgudaty-cohicuketh-antimelaty.info
ngioweb,disogataless-enubulussion-disunefable.net
ngioweb,semitiripal.com
ngioweb,unavucous-overibixible.net
ngioweb,microbamilotion.name
ngioweb,interisufant-monokamition-postenuxorish.com
ngioweb,microfusepussion.biz
ngioweb,conaxuhance-overabinaring-misovofish.info
ngioweb,inepuduhish.com
ngioweb,unuxoging-enezibuzous.org
ngioweb,monovovutian-iruvosogian-derikexohood.com
ngioweb,irobasor.biz
ngioweb,transularily.info
ngioweb,interomulassion-transimevetn-univohexary.info
ngioweb,interamepist-nonusixeship.net
ngioweb,microzofuxetion.name
ngioweb,multinociness-imuhoceward.com
ngioweb,antisodoly-eneniliretn-rexodituless.biz
ngioweb,interoxukument.name
ngioweb,macroxuzipant-cotesafen.info
ngioweb,inafekidic-antisofuly.name
ngioweb,multikifefy.net
ngioweb,semivahubion-microvivociment-interegemese.org
ngioweb,irihozure-interekunetn-unaduhan.name
ngioweb,ilukehary-microhubezan-microtevohedom.biz
ngioweb,disicomiful.biz
ngioweb,postakoboty-transihovism.org
ngioweb,exedikian-interorefuly.info
ngioweb,postadotossion-minizosegulike.com
ngioweb,subahavancy-ilugaxidom.name
ngioweb,overekalal-promasifation-enumekal.org
ngioweb,ironizist-interomebiful.info
ngioweb,ilonezern.net
ngioweb,nonucaripish.info
ngioweb,ultrabusonehood-semivuzidom.biz
ngioweb,postidafal.org
ngioweb,antivikation.biz
ngioweb,multirininess.org
ngioweb,miselecefy-emizixing.name
ngioweb,ultrahihefy.org
ngioweb,subuvaxinor.biz
ngioweb,inerozilary.net
ngioweb,microxukacical-irekifure-minivoratite.name
ngioweb,inaperepism-antimelevish.com
ngioweb,irogugasion-emecuhabetn.info
ngioweb,minigucobefy.com
ngioweb,microxecomern.net
ngioweb,microxufotetn-examutibure.name
ngioweb,underadoroly.info
ngioweb,disofedossion.biz
ngioweb,coconoher.info
ngioweb,interaxazafity-unosasoxage.name
ngioweb,minigaraxalike-noninezaran.info
ngioweb,multibupufiward-iropazary-underesodate.net
ngioweb,antimuviful-transividotion-ultravaloxor.info
ngioweb,multivemoward-exihaliness.net
ngioweb,monoculamission-disoticaxure-exivogency.info
ngioweb,ultrahiholer.biz
ngioweb,minisuhoruness-emuhamaward.org
ngioweb,misanition-disufeculary-monohozibable.org
ngioweb,unulacoman-ultrarodinist.info
ngioweb,inasukible-monomibitency.net
ngioweb,prolepaful-ultrabavision-microfoguxure.net
ngioweb,microlovematy-ultratulemeth.com
ngioweb,microdicubism-unibahance.info
ngioweb,transakagulive.com
ngioweb,misokozeral-overilimaly-derecasible.name
ngioweb,demovivancy.name
ngioweb,ininelovetn.org
ngioweb,monotesotion.name
ngioweb,macrobusadeth-iropubofy.org
ngioweb,nonebuxilike.net
ngioweb,misirixor-transacasubor-imoxupagern.biz
ngioweb,interupacage.com
ngioweb,exocofith.net
ngioweb,emomaxubency-ilafezer-prosobetoment.name
ngioweb,overacivition.biz
ngioweb,ilozumudity.net
ngioweb,protedession-columorion.name
ngioweb,minibovarate.info
ngioweb,ultralibirible-interodapaxive-prepedekaty.biz
ngioweb,decesolulike-imivatodian-overexonodom.name
ngioweb,coguriluness-misaxetemese.biz
ngioweb,inerikiless-transonenassion-degagaxable.biz
ngioweb,disokamukan-nonuvamese-copelavuhood.net
ngioweb,micropibution-minipizodeness.com
ngioweb,unadovetish-dehinoth.net
ngioweb,prevotogize.com
ngioweb,provitamation.name
ngioweb,overovocevan-rebehecassion.biz
ngioweb,overilemedom-enotudoment-ultrasosulike.net
ngioweb,prehutigaful-deguvihian-overolicuful.biz
ngioweb,interupanoty-transezahuly.name
ngioweb,enotekession-interogirist-imogosify.com
ngioweb,microkipeless.info
ngioweb,enacufoment-transixutan-exupupuship.org
ngioweb,iramoder-multitituship-emisunify.name
ngioweb,overurexive-irivigulike.org
ngioweb,semibilament-inedavidom-transunupakese.com
ngioweb,iralatoward.net
ngioweb,unemovic-disedarisify-irokixish.info
ngioweb,overarihese-emelefuth.org
ngioweb,predepession-transusered.org
ngioweb,nonezezism.biz
ngioweb,minikigubosion-monogucument.info
ngioweb,underefevecern.net
ngioweb,microvidoner.org
ngioweb,resucossion.biz
ngioweb,minininilike-nonimomism.biz
ngioweb,transihizidom-postukurement.name
ngioweb,overitehal-misuxugehood-monotokidom.info
ngioweb,disomexal.com
ngioweb,imefumance-macrosizehood-pregucidom.info
ngioweb,inorapipian-nonoposeward.net
ngioweb,microtagixeless.info
ngioweb,ultranamarohood.org
ngioweb,exarurotern.info
ngioweb,cogifoxolike-emanuzuship-presoguhedom.biz
ngioweb,minikulozency-underahozable.net
ngioweb,unuvecary-macrocozarism.biz
ngioweb,cohotilath-antiduhosance-semivilomaless.info
ngioweb,postipokical.net
ngioweb,pretokecor-unosefehood-monomecefary.com
ngioweb,nonodibavous.biz
ngioweb,ilivirate.org
ngioweb,antihalonant-promipasen.net
ngioweb,exomotesion.org
ngioweb,subuxiriness.net
ngioweb,microhavonetn-reribily.biz
ngioweb,underasicetn-imepoheping.biz
ngioweb,coguvotancy.biz
ngioweb,disoxufotion.name
ngioweb,inotively-ultralehuward.org
ngioweb,microvuraly-disihural-refecesuly.biz
ngioweb,ilapehulure-predekeless.info
ngioweb,disinupoment-disasepihance-semipocukure.net
ngioweb,misozocoward.org
ngioweb,pronimeleless-interudihor-unizobeth.com
ngioweb,emohazivical.info
ngioweb,macrodofesor-ilurelian.com
ngioweb,remigazoty-underaxaxancy.org
ngioweb,antilonarian-misacaged.info
ngioweb,underalohossion.info
ngioweb,cocagilan.name
ngioweb,cokacuhood-nonabizing-enetalutist.net
ngioweb,exavohinible.name
ngioweb,coxexedulike.net
ngioweb,regacament-enukuxen-nonicepoship.net
ngioweb,antizuzunition-multirepefiness-unisifutage.name
ngioweb,underefiviless-transuzinussion-inogidancy.com
ngioweb,nonehelaship-proruliless-ilutinifism.org
ngioweb,antilekunition.name
ngioweb,ilanirily-transirarovism-subigatilian.name
ngioweb,underutamoment.biz
ngioweb,disafuhutor-irarazuness-emuxagoward.org
ngioweb,unagukith-semixovazion.net
ngioweb,presorumodom-inumuzerous-antikutadom.name
ngioweb,covofador-desicecern.biz
ngioweb,multixeribive-covaninefy-microsodily.biz
ngioweb,ultrafevuvuship-imobicilike.net
ngioweb,exuvedehood.net
ngioweb,emitipuward-subarazoness.com
ngioweb,anticisuty.info
ngioweb,underocoziless.biz
ngioweb,overekexancy-subevacumous-macrozanufohood.org
ngioweb,unumetaward-imucacumese.info
ngioweb,enodelussion-transuhoxiless.biz
ngioweb,transadeving-nonapikafency-interopuhament.biz
ngioweb,enehibotion-multikaxihood-unasekohance.info
ngioweb,transitocoly.biz
ngioweb,multizurefy-unukutasish-defobanish.info
ngioweb,corohilike-unokosezate-iluhogadom.info
ngioweb,multirokokous-minibatomiward-exiroviness.net
ngioweb,antilahafossion.name
ngioweb,delufuvosion.org
ngioweb,unalazary.name
ngioweb,transagehoty-miniviviness-imunuxify.biz
ngioweb,postamokily-postiletakity.com
ngioweb,proturoradom-multipitaship-emazatism.name
ngioweb,ultrapolimahood-subesakokism.name
ngioweb,ultralanoness.com
ngioweb,imupedical-ilohunely.info
ngioweb,iniruvese-emitototh.net
ngioweb,semigacovify-irikumese-enubobured.org
ngioweb,semigivaxition-multidinehood.net
ngioweb,nonocogoward.com
ngioweb,misulogokist-postuzasetn-exunipovical.biz
ngioweb,macrorulilable-minipunetision.net
ngioweb,irerucish-ilibebegion.net
ngioweb,micromivaly.name
ngioweb,macrolimidern-overinitecan.com
ngioweb,imasitahood-unetobefern-postugikoful.biz
ngioweb,copicicafy-antivimuly.info
ngioweb,multisetolency.info
ngioweb,ultratevusosion-subesivihood.org
ngioweb,exatisaward.net
ngioweb,unuponish-minixobobian.info
ngioweb,cokigucolike-misuxegant-defilerilike.org
ngioweb,irupulohood-exupapite-inenovement.info
ngioweb,postasanotion-multisunamaness.org
ngioweb,exalitency-postutibical.org
ngioweb,progozezary-unenoling.biz
ngioweb,interivapussion-postukaming.com
ngioweb,predezorament-cogizacision-pregavalism.com
ngioweb,prefokomity-ilorebous-misipaxeward.net
ngioweb,micropuresish.com
ngioweb,irinegizern-disababable.net
ngioweb,imifimamish-multiluzoher.name
ngioweb,overegafible.com
ngioweb,antiluroty-macrosusucuth-misesidacure.biz
ngioweb,postolugidom.biz
ngioweb,multisagalaness.com
ngioweb,exehidoxancy.name
ngioweb,cohesikosion-exavisohood.net
ngioweb,monoxogamoty-ultradevuness.net
ngioweb,nonepital-disicimion.org
ngioweb,nonetofofy-mononetuly.info
ngioweb,postuhacer.org
ngioweb,unitaholike-irasoreship-presorudible.com
ngioweb,irinimian-interetizocable-nonasipance.biz
ngioweb,postogatize-unicuramian.info
ngioweb,ultragunudafy-microcikubism-misafomofy.net
ngioweb,imegezadion-ultraxuroxehood.org
ngioweb,monobizekor-monogudiful-ilisitotion.biz
ngioweb,desuxazoth-imutuxism-multisikiness.org
ngioweb,procaxahate.org
ngioweb,imezocen-transupudumern-semiminuzedom.biz
ngioweb,inipifadous-imipovomive.name
ngioweb,macrosexofing-underopabedary-relemupedom.info
ngioweb,iloziving.org
ngioweb,misehitaward-emuzubixous-macroziduward.org
ngioweb,emuhemion-cohareward-microharedaly.name
ngioweb,inugever-prodehacor.net
ngioweb,precehussion-ilubepaless.biz
ngioweb,multifuporize.name
ngioweb,inoxifetion-minidipineness-premevition.info
ngioweb,coledeness.org
ngioweb,rerelity.biz
ngioweb,ultrazoketh-subirokarate.name
ngioweb,macronohazite.info
ngioweb,underibucubify.com
ngioweb,unibukunify-interinonify.com
ngioweb,noneboxufity-macronupolike.org
ngioweb,subabusufive.name
ngioweb,ultrakumuward-emonodoness-semiraxicuty.biz
ngioweb,macrolocerism-transazusarable.com
ngioweb,imedukision-rehakenuful.info
ngioweb,postixitidical.net
ngioweb,exukucan.name
ngioweb,macrogagahism-overozocancy-progicission.name
ngioweb,transulixaxish-recemuxate-protivedom.info
ngioweb,disopobanance-subekurisable-postuzadifetn.com
ngioweb,probutatument.name
ngioweb,detehinible.biz
ngioweb,transasonily-cogiruward-imubufify.biz
ngioweb,interiziputy-cosedoness.com
ngioweb,subimuvify-antisidily.biz
ngioweb,corihafy.net
ngioweb,prorilemency-reciselan-monopikiless.biz
ngioweb,enikocion-imafitalike.net
ngioweb,rehofecify-progimunition.biz
ngioweb,macrobubaness.net
ngioweb,misaregefy-monozogehish-microgasanussion.info
ngioweb,disugumedom-underonixetn.com
ngioweb,monoleturist-rezigoment-underamakenern.org
ngioweb,microdifevaly-postotivakive-microgedevian.com
ngioweb,subocevukity-posterosadom-minirihocihood.net
ngioweb,nonufavutese-overoregaxist-emetarorism.info
ngioweb,overifubadom-enelelement-interululekable.com
ngioweb,semixamiful-iliburion-produpixiful.name
ngioweb,interubesidese-antitegeseless-minibifofy.org
ngioweb,regokuhal.net
ngioweb,emesusihood.com
ngioweb,monomubinist-profivanite-microdumeboty.name
ngioweb,inosuzure-prohutolian.com
ngioweb,subotihetn.info
ngioweb,underumasebish-rebixadancy-unagolohood.org
ngioweb,semilamution-postikuhish.net
ngioweb,nonozaxeward-unenedency.biz
ngioweb,postabacan-semipozecely-enaduvant.com
ngioweb,monohepily-overinamize.org
ngioweb,antiraxomor.org
ngioweb,imabodiship-imaxivomer.info
ngioweb,underacezibure-propomuxety.name
ngioweb,overexekuless.info
ngioweb,minitadazify-disigerosical-monolazament.biz
ngioweb,multiluceliward.net
ngioweb,monopocoting-subuvirible-deretavable.name
ngioweb,transusofission-multiviheth.com
ngioweb,proriraher-misabogelike.com
ngioweb,emadutuhood-misadusency-enubamotical.net
ngioweb,semiretevable-irunumidian-ilurusabion.org
ngioweb,nonudizalike-exitacafure.name
ngioweb,multibohegaward-antinireful.name
ngioweb,overedeker-imudaded.name
ngioweb,underopirite.org
ngioweb,misinikern.name
ngioweb,ultrafizufy-nonufileth-nonilunufy.com
ngioweb,promaxaredom.biz
ngioweb,transeginiful.name
ngioweb,enezataty.name
ngioweb,underavasiless-underuremussion-denecevelike.net
ngioweb,nonaropokify-interahivufity.com
ngioweb,prerahunor-antibovozassion-inidihomage.net
ngioweb,iminemohood.net
ngioweb,imibaxable.name
ngioweb,interuvopoly-postemikuhal.org
ngioweb,nonuxutant-coxegufy-imovozeth.net
ngioweb,prepizivese-exobelalike-imenutitity.info
ngioweb,enofuhetion-ilicekal.org
ngioweb,semituration.info
ngioweb,disovabish.com
ngioweb,subimahite-disevorumish.com
ngioweb,imaketian-ultrasisoth-preboxosern.org
ngioweb,iramexulike.net
ngioweb,microcosucaful-disehetidist.com
ngioweb,irabenafing-enarehical-nonucigonical.info
ngioweb,inigigement.name
ngioweb,underamefetion.name
ngioweb,depehitern.info
ngioweb,inuvurorible-iritenusese-ultraxahuship.net
ngioweb,profatokous-microzaniment.name
ngioweb,cosekahiward.com
ngioweb,unecivuth-unicigefy.com
ngioweb,reronuless-cokatufy-renomopist.org
ngioweb,protifolish-unoxenion.name
ngioweb,postefuger-irufakilike-nonotepous.biz
ngioweb,enuvifer-exirucoship.com
ngioweb,emicafutous-postapagemern.org
ngioweb,irufokese-disazubaly.biz
ngioweb,colebacancy-macroleveth-refogarossion.name
ngioweb,multiherohant.name
ngioweb,overebatian.org
ngioweb,nonipitency-cokihahood.org
ngioweb,rebukution.biz
ngioweb,disopimoly.name
ngioweb,underucozezize-monofobaless.info
ngioweb,overatasurable-imodefosion-irahenist.info
ngioweb,disapemation-ultraloketen.biz
ngioweb,enovezion-imugifulan-inorexency.net
ngioweb,miseditan-macrokiguward.org
ngioweb,pronazitoless-ultranamatiship-monodedaless.name
ngioweb,comefafible-interelexan.net
ngioweb,exezibist.biz
ngioweb,disivatapetn.org
ngioweb,microxehabeless-enocodan-refenely.name
ngioweb,comohify-irogurism-underekafahism.org
ngioweb,revaruless.name
ngioweb,postipimian.net
ngioweb,monopilahation.name
ngioweb,inobasadure.com
ngioweb,imegabiship-monovotikadom-denetarahood.com
ngioweb,iruvupical-cotipucable.info
ngioweb,underipetuty-transobaxary.com
ngioweb,regetosession-comehabish.name
ngioweb,interugunement.info
ngioweb,enunalese.com
ngioweb,nonuzikorist-disulihogary.com
ngioweb,emifusalike-suboxavoship.com
ngioweb,emiselism.biz
ngioweb,disusokexed-subufefeward.com
ngioweb,imeheled-disecadoxen.org
ngioweb,microrireless-mininesufy-misotolivical.name
ngioweb,underomehidern-semikopabation.biz
ngioweb,overomufive-exozuziward.net
ngioweb,imuzecate-ilinunity-antidebevaly.name
ngioweb,colazibaship.org
ngioweb,anticikadom-postalaruzical.com
ngioweb,pregibusity-enigorikish-antipicuty.name
ngioweb,postobatoless-cosonexiship.com
ngioweb,micromezirish-emuhenen-ultradalegesion.org
ngioweb,unozonotate.info
ngioweb,ultragozumiship-nonotovulike.org
ngioweb,irasasist-multimukivive.info
ngioweb,underugapubize-retolution-enuxakazage.com
ngioweb,misebunenure.biz
ngioweb,enaxedezible-provemozing.org
ngioweb,monodiconity-disimazily-ilifomible.com
ngioweb,misatexath-subutifusish.name
ngioweb,interenitedom.name
ngioweb,demedelify.biz
ngioweb,ultrarohuward-antimoreful-transagelamary.net
ngioweb,presakoced-nonuvucity-desobexith.com
ngioweb,nonudosezancy-cozakutosion-noniruteretn.info
ngioweb,inuhogity-diselofoly.name
ngioweb,covusetuship-noniruhigese-underozazoment.biz
ngioweb,inavahed-unitukamic.name
ngioweb,macropufuward-antixonuvoly-underapasity.info
ngioweb,depifuth-proxegafency-irocemary.info
ngioweb,cohotuzer.biz
ngioweb,overufabudom.name
ngioweb,minixufahood-exuvolosion-monolodement.info
ngioweb,interaxekotion-covanihood.com
ngioweb,antigulotion-postucuhekor-prodotikity.name
ngioweb,overagacoless-disagunutish-monovizuless.biz
ngioweb,ilixisusize-micronivelian.com
ngioweb,unerikage-deluxokal-inabodumed.net
ngioweb,semibizifency-reveparify.net
ngioweb,subitition-multifosoth-unonetafy.org
ngioweb,irurehipancy-multihodiship-misekelaretn.info
ngioweb,multiputuhood-emisokehed-disumivuful.info
ngioweb,interaruvegity.net
ngioweb,imebohous-coxozafy.com
ngioweb,subepohuvetn-multiduxabal-interozaponage.com
ngioweb,rezebunive-irukicugical.name
ngioweb,inovidure-unaxukefy.net
ngioweb,unoxoketn-cofopuhable.name
ngioweb,macronesemesion-predevibetn-emexoletese.info
ngioweb,dekodiluth.org
ngioweb,misemisudian-delolusant.info
ngioweb,cohirucous-dehibusion-subahivehood.net
ngioweb,proxeferaty.name
ngioweb,inovuhate-emuxulal-enibelity.org
ngioweb,nonexegency.info
ngioweb,demofoth.org
ngioweb,misapunite-multivucohing.biz
ngioweb,mininixedous.biz
ngioweb,overimabozen-antifuceful-macrorecigoward.net
ngioweb,misopuceth-nonafative-inosesaly.info
ngioweb,multifagofy-misatanency-cohezetafy.net
ngioweb,irisuzanen-ultranoxebihood.net
ngioweb,rekamanuty-interivezatist.net
ngioweb,emebopive-underitolugate-exevavern.biz
ngioweb,minininulike-microcunuximent-underohidible.org
ngioweb,subupucian.info
ngioweb,postusolecern-microvipihal-emoziciward.com
ngioweb,monozitely.name
ngioweb,inipuragency-misoreped.name
ngioweb,macropanexal.name
ngioweb,decufozate.info
ngioweb,transenamancy-exivosalant-transezupely.info
ngioweb,inuvodossion-ilukoneless.name
ngioweb,inakemament-postimilimant.net
ngioweb,emahacaness-semihucixize-microgofidical.net
ngioweb,micromifocity-unihotath.org
ngioweb,semipozibament.info
ngioweb,defomasion-misodohing.biz
ngioweb,multirutomate-denixehood.com
ngioweb,exenihaward-micronadoful-degigikian.name
ngioweb,minihivuness-subinorify-enukalifify.net
ngioweb,prefimetify-semitoxekoless.info
ngioweb,transuhanament-minixolelive-ilerugapate.org
ngioweb,misefeloward-emubizoness.org
ngioweb,emamokafy-imagicese.info
ngioweb,interalufufify-monovuzazance.org
ngioweb,emuxupure.biz
ngioweb,transafomatance-semipegoful-ultraheruriward.org
ngioweb,imoxovesish-dexudofy-microkabedian.com
ngioweb,subicuneship.com
ngioweb,nonuhicudity-devusuhood.org
ngioweb,provecomency-antideveful-transifasation.name
ngioweb,multidexiness-emeditical.info
ngioweb,inigahadese-unodurazed-disoxucish.com
ngioweb,exadater.info
ngioweb,ilefadal-emubupelage-cozigesous.biz
ngioweb,macrodevohood-irodozable.biz
ngioweb,dehikihood-irunasipism-ultrakilehuness.net
ngioweb,exolobefy-emapevency.info
ngioweb,dexinufy-antivavotaless-postafemitible.com
ngioweb,unubitelary-transurebuful.biz
ngioweb,ilixizoled-semibokely.info
ngioweb,dezudofiship-promuzunic.com
ngioweb,semitimament-disevagern.net
ngioweb,unedecehood-imakikate-ilubuxadive.com
ngioweb,subenukilite.biz
ngioweb,deladihulike-presuhekic-unugiheced.info
ngioweb,ultrakavamive.info
ngioweb,conesepofy.org
ngioweb,semirocohify.com
ngioweb,emuzumihood-semitirumese-monolocofetn.com
ngioweb,nonikopedical.name
ngioweb,inoporous-antibevolure-subedorist.biz
ngioweb,ilacepidian-semitabagible-proxirirement.info
ngioweb,ultrapafesion-rexetument-underizifevic.org
ngioweb,exilirese-macrokazision.org
ngioweb,antixosoged-nonutuboretn.biz
ngioweb,depapixist.name
ngioweb,ilavonement-postevopifite.com
ngioweb,unirunerous-overogefate.org
ngioweb,subuxilogary.name
ngioweb,transivelebion.com
ngioweb,unilepiner-postetecaked-unigadical.name
ngioweb,overosefuless.info
ngioweb,transimozelish-antixigofition-cokekohood.net
ngioweb,subaxabeward.org
ngioweb,exurefeth-preruhaty.info
ngioweb,disologuless-macrosagudan-overoriruless.name
ngioweb,cotazudetn-ilerinonite-exuhexerian.name
ngioweb,enazimuzing.com
ngioweb,exebetian.biz
ngioweb,underivabern-monosicosodom-enukipic.net
ngioweb,prexezodom.biz
ngioweb,multixabuhood.org
ngioweb,prokedition-ultrapokavoness-nonahuhish.name
ngioweb,inireping.org
ngioweb,profapoty-overikerical.com
ngioweb,seminularish-irologath-microxosofan.org
ngioweb,antiliholess-underenibussion-overamohuless.biz
ngioweb,disecahofage.org
ngioweb,previhotion.name
ngioweb,underarivipate-semifobefassion-interetaleless.name
ngioweb,postusobopancy.net
ngioweb,rezunelancy.com
ngioweb,unehabutist.info
ngioweb,multicunexable-enutabofant.net
ngioweb,misisetofian.info
ngioweb,overidosofish-emopodism-transikakant.net
ngioweb,exoxanulike.com
ngioweb,monokohument-macrozidolike-exasanance.info
ngioweb,minikoletision.com
ngioweb,micronegidic.com
ngioweb,imacifing-ilununahage-microcehaty.info
ngioweb,interigoxuless-inuzinassion-macrofakotilike.com
ngioweb,monotixugant-misetaxist.biz
ngioweb,transotasixite-exezimafite-overekenodate.com
ngioweb,exobesor-ilixihived.net
ngioweb,probanavoful.biz
ngioweb,disafaveden-prokumibance-misalobalical.info
ngioweb,ileruhancy-prehocecism.net
ngioweb,nonupevant.info
ngioweb,macroperumist.name
ngioweb,multilareward-anticanevoly-overafaxety.biz
ngioweb,interoseholess-disotonession-overemevese.com
ngioweb,semixadihument-decitozancy-cobufavohood.net
ngioweb,pretadotern-emubafiror.biz
ngioweb,transutogant-misunohucous.biz
ngioweb,ultraxupoship.org
nymaim,atyxle.org
nymaim,qynbvjti.net
nymaim,viisngixvrd.net
nymaim,sihkleo.com
nymaim,lzbcoaeeryl.info
nymaim,tywuoekry.net
nymaim,wuywng.biz
nymaim,gnsawxq.info
nymaim,cewepykoc.biz
nymaim,rtsvfvlqz.biz
nymaim,ralrjpyr.info
nymaim,kveckc.org
nymaim,suiiwpbmdtt.net
nymaim,havfdflod.biz
nymaim,liygfxfnuw.net
nymaim,iiarvyffr.com
nymaim,syltumaqrm.net
nymaim,yyeyqxei.com
nymaim,sbfwumogzfu.com
nymaim,vfczkdhgf.com
nymaim,nsnwrapnhk.com
nymaim,uldlxlt.org
nymaim,zzmmggkspcm.com
nymaim,iwgxwsrm.net
nymaim,wfmhwozeobx.com
nymaim,qvrzkicvdy.com
nymaim,pffiufic.com
nymaim,dxdolgadugk.com
nymaim,fdalwnn.biz
nymaim,jtgltwdiznm.biz
nymaim,wsdgwpky.org
nymaim,nbqeiqp.biz
nymaim,nrppcwrgbzl.info
nymaim,bepgswni.biz
nymaim,ikfwetrs.net
nymaim,zwvwkdw.com
nymaim,lngpugcfa.com
nymaim,sunrbfkkaaj.com
nymaim,acagqq.biz
nymaim,bjuwpl.biz
nymaim,boodrrdnk.biz
nymaim,icpnrtoqop.biz
nymaim,tfkorkunvs.info
nymaim,faogvwhf.com
nymaim,mdunpbk.com
nymaim,zvbkcqeet.com
nymaim,qqpximzisv.net
nymaim,vpostwy.info
nymaim,qfrrhqrwng.biz
nymaim,gwgloza.info
nymaim,atxpxawqk.biz
nymaim,sdzlqv.biz
nymaim,kllegbr.com
nymaim,xrspliiia.com
nymaim,buawtey.com
nymaim,gundss.net
nymaim,dabgcrp.net
nymaim,hrmzdf.com
nymaim,fzymcpdv.com
nymaim,nihctybds.com
nymaim,pyujrszej.com
nymaim,qzfsnsl.net
nymaim,winqls.org
nymaim,ukazoutn.net
nymaim,ntrqygcshm.com
nymaim,zwmtpnivy.info
nymaim,dhtqxxcbpar.com
nymaim,cdlaow.biz
nymaim,mxrxsukcbj.com
nymaim,xxkueup.net
nymaim,wztaaoxzvu.info
nymaim,qybaqu.biz
nymaim,dtlkebl.com
nymaim,veuhatzp.info
nymaim,tvaglgpc.biz
nymaim,xamjza.info
nymaim,toonop.biz
nymaim,kmrokkyb.info
nymaim,ekxoxqgfm.com
nymaim,bxngwqdkqou.biz
nymaim,yydfvpq.biz
nymaim,kjeowerq.net
nymaim,bfsrngqxn.info
nymaim,vglltk.net
nymaim,sfotiflxmrt.net
nymaim,sqlqbuvm.info
nymaim,zweoqpeupt.biz
nymaim,gxogac.com
nymaim,szblonuk.net
nymaim,crjvxouow.biz
nymaim,gdmhbw.com
nymaim,rdsqnko.org
nymaim,bfpwnhhg.com
nymaim,pxmviacz.com
nymaim,viekeltc.net
nymaim,ngeaknyy.info
nymaim,lsrxhj.com
nymaim,zhyryanfc.com
nymaim,rcucmwpg.biz
nymaim,vxoqywwrzg.info
nymaim,ufudrywxuvv.info
nymaim,swrfpdkts.net
nymaim,wwtxxmk.org
nymaim,mwryeazfd.com
nymaim,omvquqw.biz
nymaim,sjcslvy.info
nymaim,egsqahokxr.info
nymaim,jaunhr.com
nymaim,jtkjixnmj.org
nymaim,fvxuufvic.com
nymaim,nzeetsve.info
nymaim,praeypm.biz
nymaim,zwahiuoa.biz
nymaim,pqrwsl.net
nymaim,rfvitgrybg.com
nymaim,hmmbgvwos.biz
nymaim,wqtgeshql.biz
nymaim,cgyukdqby.com
nymaim,xuxpqxcig.com
nymaim,whhrfawghwc.info
nymaim,nqgsymeu.com
nymaim,herhnoemf.org
nymaim,hmdvxovqqg.biz
nymaim,udxpxbolh.org
nymaim,bgpxqhitju.org
nymaim,qnuyikmsb.net
nymaim,akgzasdq.com
nymaim,bquhjr.org
nymaim,dglruztix.com
nymaim,apngvlr.org
nymaim,caexssrxg.info
nymaim,teagrsk.net
nymaim,zatfkpcluy.net
nymaim,hnunkfkf.org
nymaim,yzxgza.info
nymaim,zmafyl.info
nymaim,iamcppkeken.com
nymaim,xjxtbqpwcu.com
nymaim,wkchlst.net
nymaim,oltaqgja.org
nymaim,dcjficq.com
nymaim,bgillik.com
nymaim,bazmtacjn.org
nymaim,rwlkmob.biz
nymaim,qbcmvtag.com
nymaim,jfvexnk.biz
nymaim,ufbvurby.com
nymaim,vmzgtlh.org
nymaim,blzxgx.com
nymaim,ipkrrofz.com
nymaim,ksemjoghq.com
nymaim,vnpzeiwfnk.biz
nymaim,pfqpgj.com
nymaim,wzcglzxkek.com
nymaim,ozjisqlfno.biz
nymaim,vsxsiigpevy.info
nymaim,bmreaap.com
nymaim,wkfqcmosd.net
nymaim,ntkkvardyh.info
nymaim,sjufycqcb.com
nymaim,smhwjvhva.info
nymaim,akbifvbdcq.com
nymaim,nlcxcitb.net
nymaim,uekfutasex.com
nymaim,zvqtlqojoys.info
nymaim,hiediursgc.com
nymaim,zckfyz.info
nymaim,xqicpxgz.com
nymaim,hjvfbh.com
nymaim,bnkleiv.com
nymaim,gcbycrr.net
nymaim,rpqrkwwgh.com
nymaim,lguzpx.biz
nymaim,wceiwssxe.info
nymaim,nitqcmjkqha.com
nymaim,rcsevr.info
nymaim,iaiynvplw.org
nymaim,nnggfjg.org
nymaim,xppcbffah.com
nymaim,avxiiymk.org
nymaim,gzwejlafl.com
nymaim,zenpklvq.info
nymaim,qxiggqgbr.com
nymaim,uoockfmtuf.net
nymaim,luwuhooase.net
nymaim,wvzuuqxu.info
nymaim,kwamgybzy.info
nymaim,vvyvtrb.net
nymaim,pzppshfp.com
nymaim,fugihwnxzu.info
nymaim,hzknolx.org
nymaim,hpgcghspfl.com
nymaim,tmyfwrgeq.com
nymaim,cuvmse.net
nymaim,vbxjejusage.com
nymaim,ezhhtjg.org
nymaim,wlgghk.com
nymaim,sgqkqthqmc.org
nymaim,eolahzn.info
nymaim,cfcawxpp.biz
nymaim,yifdnolu.org
nymaim,intrioq.biz
nymaim,jlerygisuay.com
nymaim,kidgehyrv.net
nymaim,ulxpjog.biz
nymaim,gugvcs.com
nymaim,wpwxcfjri.net
nymaim,radqyguopfk.com
nymaim,gnhirzldimv.org
nymaim,lfvqikjdp.com
nymaim,vdwvrqysnid.com
nymaim,phtrgxz.info
nymaim,uvqquvldq.com
nymaim,nggedubekma.org
nymaim,cxizcmmwhxy.info
nymaim,gajjpaxk.info
nymaim,ktssgg.com
nymaim,uiyludwjmfi.com
nymaim,ldpqapzwu.info
nymaim,ogmpsc.net
nymaim,xewevkjib.com
nymaim,zyythd.com
nymaim,ifyihkhtz.net
nymaim,oinarke.org
nymaim,fbimdto.net
nymaim,pjuetj.net
nymaim,brwjywu.info
nymaim,afegksg.net
nymaim,kbjnlfrpyr.info
nymaim,xbrmnhnrw.net
nymaim,unqrurkqf.biz
nymaim,nlqtdxs.info
nymaim,tthsdqoynm.biz
nymaim,yzzyjd.org
nymaim,kubdxafc.com
nymaim,twphtusv.net
nymaim,xkcildp.com
nymaim,mparokyiv.com
nymaim,dzugjuodn.com
nymaim,yeiapybvp.info
nymaim,vvaxxdkin.com
nymaim,mrrxxyybeyt.info
nymaim,qjzxji.org
nymaim,vecrevnxjp.org
nymaim,bmvltao.com
nymaim,qorngnqaspe.biz
nymaim,inszdcw.com
nymaim,bupgwptkc.org
nymaim,lxtkpunx.biz
nymaim,nixznmcwhh.com
nymaim,ulcktaw.com
nymaim,syjqjjf.org
nymaim,lgjxvj.info
nymaim,pzwenirj.net
nymaim,dkasqx.biz
nymaim,abfzgu.com
nymaim,zsfmloilyra.net
nymaim,panydsdtg.net
nymaim,vgaassah.com
nymaim,gbgwryepi.biz
nymaim,gjkeni.biz
nymaim,idanrzopmsb.net
nymaim,klcovnoyft.com
nymaim,pxxtfryym.info
nymaim,rhdsjmrbja.org
nymaim,iknteufhrfe.com
nymaim,soevvk.info
nymaim,owlgcm.com
nymaim,nnyaoqabhdr.com
nymaim,xlybfgkuk.net
nymaim,wwhuneywtq.net
nymaim,fonmiypk.biz
nymaim,apatutfroi.biz
nymaim,tophzb.info
nymaim,wboesahcsv.net
nymaim,wovpanubk.com
nymaim,ikmgijxu.info
nymaim,ijbvxfz.com
nymaim,wtglhklmja.org
nymaim,jfwgpfuyikk.org
nymaim,jctjymmfxqa.biz
nymaim,uxrndhik.com
nymaim,whztnwhvzk.info
nymaim,hpkxcercq.com
nymaim,euinjlbhbob.biz
nymaim,dxeduqrbf.com
nymaim,ukcfryugsh.net
nymaim,nnhgnwh.info
nymaim,jqbgxttaxu.info
nymaim,swkyqbenac.com
nymaim,cpyjmwwkyeg.com
nymaim,trrhgk.com
nymaim,yecmembsm.net
nymaim,nnivihhxeg.com
nymaim,jumxdxmmuu.net
nymaim,cxxrtjj.org
nymaim,fkbbapzeiww.info
nymaim,uozegrdbb.com
nymaim,puvgdmk.org
nymaim,zgbytmgqhbe.com
nymaim,nesubh.com
nymaim,ntzlmsepk.biz
nymaim,oyyqbyurl.net
nymaim,pwwleef.com
nymaim,dfbgudpgv.com
nymaim,lospqtckpi.biz
nymaim,katodzc.info
nymaim,lgincay.com
nymaim,qfgqxkurs.net
nymaim,nkyvwkr.org
nymaim,tipldaoz.biz
nymaim,qklicpktmu.org
nymaim,abhxctpzxm.info
nymaim,qzyffcufoch.com
nymaim,uylwmku.org
nymaim,abolgxocuom.biz
nymaim,jbkxsiqdofd.com
nymaim,smzgnvj.info
nymaim,llmddihe.com
nymaim,zmcfnxe.info
nymaim,oesnyd.info
nymaim,sbnbdovum.net
nymaim,fpjqxm.info
nymaim,xvmzza.info
nymaim,sinijia.com
nymaim,nxypcuppa.biz
nymaim,gmkaijwh.info
nymaim,ikjljy.org
nymaim,qgpitteb.com
nymaim,xictoiwuxs.info
nymaim,ilysfu.com
nymaim,fhwobnhuou.biz
nymaim,azhutkphj.com
nymaim,zmeoxx.info
nymaim,ryfjxc.info
nymaim,gbmwjxhi.com
nymaim,wmzgepwr.info
nymaim,kjajgvq.info
nymaim,mkjapc.biz
nymaim,vtbtnbjynb.biz
nymaim,xusirpquv.net
nymaim,xxwwspuk.net
nymaim,abdeocetqea.com
nymaim,pzccgal.com
nymaim,yxkzrqlxed.com
nymaim,zvjsbanriyv.info
nymaim,lgdwgyy.info
nymaim,ghymewge.com
nymaim,gmnfgiby.com
nymaim,iydyuatvpmz.org
nymaim,lxsaakjx.org
nymaim,oxehzscu.com
nymaim,pcscwpapopf.biz
nymaim,viwzbpuih.com
nymaim,riruqayn.info
nymaim,imyhtdo.com
nymaim,nmzfkw.org
nymaim,gljkirhlekv.org
nymaim,omqclpjilav.com
nymaim,fvnpcfnm.biz
nymaim,hbfipefugj.com
nymaim,crbehhwqho.com
nymaim,aqyaphlfx.com
nymaim,bsjxnyfd.com
nymaim,dzbrpk.biz
nymaim,urpklfpp.biz
nymaim,aeirgdkgvb.info
nymaim,quekti.net
nymaim,cfnnsymipk.biz
nymaim,wuoxplxljj.org
nymaim,cvfvjdnizcs.com
nymaim,wclcetn.net
nymaim,dedwadfxjmq.org
nymaim,ptrrtilrsu.net
nymaim,epofmdkimdt.com
nymaim,ayesygk.com
nymaim,editxkprd.net
nymaim,cvkeisyy.info
nymaim,szegwbywj.info
nymaim,oyowwpoqgm.com
nymaim,kdtjcta.net
nymaim,ajbclvoajtl.net
nymaim,yjaabc.com
nymaim,lgdqmxy.info
nymaim,xnwaiddqda.com
nymaim,xzxbyyf.info
nymaim,phmsmpa.biz
nymaim,ivbawkqvskk.org
nymaim,dgsdvd.info
nymaim,lkcklkfndjt.org
nymaim,lnbxavwq.info
nymaim,hhscpb.biz
nymaim,mfmpmxxgf.com
nymaim,yjcgdmf.org
nymaim,xhlxxxpnvmw.org
nymaim,bfsraot.biz
nymaim,bwafumx.org
nymaim,lqdzov.biz
nymaim,orzgdzrpimn.org
nymaim,pabrmoeumq.org
nymaim,jcfovfjzh.info
nymaim,jpxopqutkc.org
nymaim,ordqkn.org
nymaim,lpyjcpoyxt.info
nymaim,mgwgklhruc.net
nymaim,vfuawhyhvfd.com
nymaim,kjdoguirajm.org
nymaim,vtjmgc.com
nymaim,vvnvax.com
nymaim,pjyfxop.biz
nymaim,ddtrbgyromj.org
nymaim,osthgcvz.info
nymaim,zrhygvvkrk.net
nymaim,kkbsywrlpfc.com
nymaim,zogduaqf.biz
nymaim,kcplvmcnaa.com
nymaim,zdtqhplmx.org
nymaim,dlzwzgk.com
nymaim,lxvgqkjo.org
nymaim,hvcxfffytx.net
nymaim,nsdosrvixxt.info
nymaim,xxyktmthnwa.info
nymaim,xlkltkgg.com
nymaim,fjjottvwqm.biz
nymaim,zrlpgfv.com
nymaim,rersfufqe.biz
nymaim,hdvctgcerca.com
nymaim,saufdlhefs.com
nymaim,zvhtuz.net
nymaim,eqsdqeobk.com
nymaim,dyzlezo.info
nymaim,azxgkozgkaw.com
nymaim,tqzczvzier.com
nymaim,zvgijgzjyx.info
nymaim,lxewovpimsa.net
nymaim,pdozhsjvry.net
nymaim,sbzehdovmqg.biz
nymaim,filypuk.net
nymaim,fuekljtut.net
nymaim,mtamdwgn.com
nymaim,nnivyxrf.net
nymaim,gpxanrc.net
nymaim,exfbln.org
nymaim,dhxrzqlqefa.com
nymaim,sdtrkjqwh.info
nymaim,nfzqrndvo.info
nymaim,jsdceqqnpv.biz
nymaim,efrcgjrj.net
nymaim,zmjupfc.com
nymaim,upuycab.com
nymaim,nyjdhq.com
nymaim,xnetjcplb.org
nymaim,mrapdeh.com
nymaim,nrdixrhjtjy.org
nymaim,gemutfsp.net
nymaim,ohpfrob.biz
nymaim,womqwlropl.biz
nymaim,ydjuphg.com
nymaim,etnlgaxtq.net
nymaim,bsyxforkh.org
nymaim,mttlbgzodwe.info
nymaim,fucegrzqoa.biz
nymaim,yhhprq.net
nymaim,rrlkwmf.org
nymaim,wgdtgqnhzdh.com
nymaim,ttekakj.org
nymaim,tdlespkz.org
nymaim,ktqqgpdpl.biz
nymaim,mncdyhzxaco.com
nymaim,fktwtta.net
nymaim,vyzwpr.biz
nymaim,pwtjdbsu.net
nymaim,sabfoc.biz
nymaim,pdrroudjwah.com
nymaim,lvkhrw.net
nymaim,rklldgnsy.net
nymaim,eneohoijeb.com
nymaim,rwfckrpv.biz
nymaim,jhnulcuyfh.com
nymaim,gotmmwf.info
nymaim,ukgzljkbkm.org
nymaim,ekjtqqcp.com
nymaim,mgporsseeep.com
nymaim,xyhjiamb.org
nymaim,nbjybcjoun.net
nymaim,ilidslbje.org
nymaim,sdrnay.com
nymaim,zflkynwby.com
nymaim,xwwbtx.net
nymaim,dbbalra.net
nymaim,szlrgurvykf.org
nymaim,mdznvhgiccp.com
nymaim,mxhikqt.biz
nymaim,nizbnmic.com
nymaim,nauepgiw.com
nymaim,euvumuml.org
nymaim,bbbjkdlt.org
nymaim,iisduntrpbj.com
nymaim,mtffprk.net
nymaim,aogpoyffwzk.info
nymaim,krlmupcxa.info
nymaim,jlmovwdk.com
nymaim,zfhyhrx.net
nymaim,ueoejfe.com
nymaim,ixobdw.com
nymaim,rqmpqysaz.com
nymaim,jymdclofun.net
nymaim,lxanwihso.net
nymaim,vbzbyc.info
nymaim,exvveg.com
nymaim,mqyjkdri.net
nymaim,hdlfcwbpuhl.com
nymaim2,slight-logo.cc
nymaim2,tier-dick.win
nymaim2,revolutionemily.tk
nymaim2,walked-hope.biz
nymaim2,regarded-entries.de
nymaim2,rendering-drawn.gs
nymaim2,replication-labeled.com
nymaim2,skirt-paint.sh
nymaim2,recovery-horse.ac
nymaim2,sightdarwin.top
nymaim2,thumbzilla-icons.com
nymaim2,theology-indigenous.li
nymaim2,rosaprotocols.lk
nymaim2,stupiddame.cc
nymaim2,things-outer.am
nymaim2,round-deer.org
nymaim2,thumbnailphillips.li
nymaim2,singing-define.net
nymaim2,this-nutten.yt
nymaim2,recommendhappens.ps
nymaim2,vocals-guatemala.name
nymaim2,weldingglasgow.nu
nymaim2,using-larry.ki
nymaim2,shipmentsplayed.xyz
nymaim2,unsigned-evaluation.ad
nymaim2,termination-gently.cm
nymaim2,regions-omega.win
nymaim2,skatingincluded.su
nymaim2,stamps-contrast.name
nymaim2,renderingcooking.tel
nymaim2,worseoman.uz
nymaim2,thick-extraction.az
nymaim2,watson-gamespot.pl
nymaim2,tomatoes-legendary.org
nymaim2,slot-grams.tk
nymaim2,technologies-extract.tm
nymaim2,retain-printers.dk
nymaim2,utilityphpbb.be
nymaim2,suspended-move.tel
nymaim2,routercream.ws
nymaim2,sigma-invite.cz
nymaim2,winners-races.net
nymaim2,seriousharassment.ws
nymaim2,stripesdoctors.hn
nymaim2,spearsjoke.tm
nymaim2,touristpartners.hn
nymaim2,such-photographer.co
nymaim2,territories-counted.az
nymaim2,sprint-million.am
nymaim2,working-lean.ph
nymaim2,sensitive-holidays.am
nymaim2,spent-engineering.ad
nymaim2,withinextras.com
nymaim2,ships-difference.com
nymaim2,stating-postings.pk
nymaim2,reported-continuously.ki
nymaim2,vital-facial.me
nymaim2,trial-knee.info
nymaim2,sandypreviously.mo
nymaim2,venezuelaphotographs.org
nymaim2,sept-grants.ph
nymaim2,victim-port.net
nymaim2,robinsonhall.yt
nymaim2,remedydecision.cc
nymaim2,singing-deep.com
nymaim2,tariffdepartmental.in
nymaim2,sizes-problem.vn
nymaim2,vault-quantum.wtf
nymaim2,screworigins.net
nymaim2,timelyinjury.vn
nymaim2,regulations-disabled.cz
nymaim2,royalexaminations.cn
nymaim2,tuition-finding.biz
nymaim2,risks-cumshot.pl
nymaim2,studieshaiti.cm
nymaim2,suckshansen.tm
nymaim2,senatorhappiness.sc
nymaim2,somaexample.cz
nymaim2,reproduce-delegation.su
nymaim2,wheelsnaturally.net
nymaim2,switchedkiss.pl
nymaim2,travesti-possibly.net
nymaim2,rocks-employment.tk
nymaim2,workflow-methods.tj
nymaim2,vibrators-dealtime.ch
nymaim2,titledrug.xyz
nymaim2,spending-economies.net
nymaim2,secretmapping.gs
nymaim2,utahlocator.gs
nymaim2,scanners-greeting.ps
nymaim2,widergolden.me
nymaim2,sage-misc.sg
nymaim2,teamimmigrants.co
nymaim2,weaponsfountain.li
nymaim2,spots-faculty.kr
nymaim2,ring-monte.de
nymaim2,scalegrace.su
nymaim2,safe-however.org
nymaim2,relatives-latina.mo
nymaim2,want-officer.cm
nymaim2,screenshotsranging.biz
nymaim2,trialsmotivation.com
nymaim2,suggestingdeployment.pl
nymaim2,references-rank.mo
nymaim2,ross-machine.co
nymaim2,situationdescribing.ch
nymaim2,stephen-geneva.ac
nymaim2,suspended-only.eu
nymaim2,seasons-notre.la
nymaim2,rhodedisclaimer.tk
nymaim2,supplied-potential.be
nymaim2,robotmonte.jp
nymaim2,tiermambo.net
nymaim2,requiringdiff.tm
nymaim2,staffing-pressure.mo
nymaim2,recyclingimplied.net
nymaim2,totals-mechanical.tm
nymaim2,sandra-progressive.pro
nymaim2,tone-invision.com
nymaim2,teenageericsson.me
nymaim2,smith-creature.vn
nymaim2,sugargamespot.tel
nymaim2,reputation-happening.name
nymaim2,scottishprevention.ki
nymaim2,shemales-decades.top
nymaim2,want-pickup.com
nymaim2,siemens-genesis.kz
nymaim2,reproduced-kelly.com
nymaim2,sonsmarshall.ru
nymaim2,repeatedplaces.ru
nymaim2,seeing-outline.sg
nymaim2,reiddream.mo
nymaim2,twistlinda.ac
nymaim2,treasures-improvement.su
nymaim2,skilled-crude.dk
nymaim2,temperature-goal.info
nymaim2,revelation-josh.info
nymaim2,ruled-entrepreneurs.at
nymaim2,terminalphases.com
nymaim2,statistics-feed.mx
nymaim2,vincent-favorites.lk
nymaim2,static-published.tf
nymaim2,woundphenomenon.hn
nymaim2,seekseight.at
nymaim2,volvo-estimated.pro
nymaim2,river-nato.tk
nymaim2,simulationliquid.ru
nymaim2,seminar-lightning.ps
nymaim2,remaining-counseling.it
nymaim2,strength-previous.ws
nymaim2,volumesethiopia.top
nymaim2,winsnathan.mv
nymaim2,shadeinstructors.lk
nymaim2,steeringcontract.co
nymaim2,spendingmeals.name
nymaim2,worked-predict.gs
nymaim2,reservations-joining.jp
nymaim2,suppliers-nevada.co
nymaim2,sonicmyers.com
nymaim2,recyclinghost.mx
nymaim2,sacrifice-pulled.id
nymaim2,sailing-randy.hn
nymaim2,suicide-diabetes.az
nymaim2,weldingmotors.yt
nymaim2,suspensionpastor.co
nymaim2,subjectivepublic.sg
nymaim2,wrestlingintegrated.az
nymaim2,socketelection.cm
nymaim2,senegal-disabilities.tel
nymaim2,romania-obtained.cx
nymaim2,worth-oops.cx
nymaim2,seniorincorporate.eu
nymaim2,shops-dark.dk
nymaim2,venuesdestroyed.info
nymaim2,revengeguilty.net
nymaim2,strand-portion.tk
nymaim2,stack-contest.sc
nymaim2,stood-prospects.top
nymaim2,retrieved-food.vn
nymaim2,shapes-race.sc
nymaim2,technological-physical.net
nymaim2,wide-pearl.id
nymaim2,sectionprairie.mo
nymaim2,worse-diagnostic.pk
nymaim2,sheriff-demo.ph
nymaim2,supporters-digest.name
nymaim2,seanmonster.sg
nymaim2,really-misc.pk
nymaim2,sunny-donated.uz
nymaim2,tion-management.uz
nymaim2,welsh-icons.su
nymaim2,squadrather.yt
nymaim2,words-lovely.mx
nymaim2,supportinglisting.ki
nymaim2,your-disk.hn
nymaim2,signaturesmechanisms.sg
nymaim2,walesdoctor.name
nymaim2,thickmonitor.com
nymaim2,writer-greg.ad
nymaim2,viral-pubmed.it
nymaim2,stylus-input.kr
nymaim2,replacementmuze.me
nymaim2,threatening-officials.lv
nymaim2,redeem-determination.sc
nymaim2,sigma-guided.by
nymaim2,scriptingignored.am
nymaim2,sucksconvinced.jp
nymaim2,representelectronics.com
nymaim2,scotiaguided.in
nymaim2,recruiting-kiss.tf
nymaim2,reservationsmeets.cm
nymaim2,specificshello.su
nymaim2,robert-emergency.ws
nymaim2,toolboxpump.top
nymaim2,travis-keen.name
nymaim2,savings-properties.nu
nymaim2,routine-inbox.ws
nymaim2,typesinformed.vn
nymaim2,roadpostage.ki
nymaim2,tomatoes-fisting.mx
nymaim2,trusts-context.win
nymaim2,tolerancepower.su
nymaim2,viking-ireland.com
nymaim2,swing-devil.gs
nymaim2,york-movement.mo
nymaim2,woodenrarely.tj
nymaim2,scheduledluther.lv
nymaim2,transcription-might.win
nymaim2,zealand-improved.mx
nymaim2,specifics-insulin.by
nymaim2,santancaa.xyz
nymaim2,strandearned.am
nymaim2,weapon-norman.li
nymaim2,taleequipped.cn
nymaim2,talkinginterference.eu
nymaim2,shipmentshistory.co
nymaim2,ricky-familiar.at
nymaim2,volvoporsche.cc
nymaim2,repair-deborah.com
nymaim2,urbancorruption.re
nymaim2,sitting-crazy.lv
nymaim2,wishforums.sh
nymaim2,studio-latino.ch
nymaim2,utahmemorial.sh
nymaim2,slovakia-nepal.tk
nymaim2,warrantymystery.info
nymaim2,soft-fastest.gs
nymaim2,scuba-protecting.cx
nymaim2,shown-families.in
nymaim2,retrievedquarter.cc
nymaim2,ruralmarilyn.cn
nymaim2,shorterhanded.ws
nymaim2,sealeddicks.ws
nymaim2,wingpending.xyz
nymaim2,shopzillaprivacy.mv
nymaim2,unlikefeaturing.gs
nymaim2,touchpurse.bt
nymaim2,trackexcellence.co
nymaim2,squareeducated.ec
nymaim2,sight-dude.net
nymaim2,records-liechtenstein.mx
nymaim2,representatives-passed.re
nymaim2,temporary-infrared.tf
nymaim2,regulationissues.mx
nymaim2,showsplease.gs
nymaim2,roommatesones.gs
nymaim2,readersmailman.com
nymaim2,recipe-futures.name
nymaim2,sender-fujitsu.tel
nymaim2,rolls-moderator.tk
nymaim2,secondjones.com
nymaim2,volume-multi.net
nymaim2,stickshospitality.tm
nymaim2,scenesequations.eu
nymaim2,spectrum-gravity.bt
nymaim2,students-dominican.cz
nymaim2,representmemorial.bt
nymaim2,scenario-delivery.pk
nymaim2,sovietfull.lk
nymaim2,swingelectron.tel
nymaim2,reproductive-pose.la
nymaim2,sharpjewish.com
nymaim2,tabletnovelty.mo
nymaim2,ridge-jersey.hn
nymaim2,readerpamela.top
nymaim2,totalrating.sg
nymaim2,thumb-journal.lk
nymaim2,toneprovinces.hn
nymaim2,stolenequilibrium.la
nymaim2,scripts-pharmaceutical.vn
nymaim2,sean-husband.org
nymaim2,subsequently-fitness.cz
nymaim2,talk-platinum.sc
nymaim2,wallet-grammar.at
nymaim2,shops-opposed.me
nymaim2,stocksexcuse.sh
nymaim2,trademarks-injection.am
nymaim2,staffobituaries.ph
nymaim2,sports-episode.am
nymaim2,vacancies-contemporary.tf
nymaim2,readily-optional.cc
nymaim2,settle-generated.sh
nymaim2,romanticgrant.su
nymaim2,realtor-fotos.tf
nymaim2,wifi-hitting.la
nymaim2,respondedelectricity.it
nymaim2,trunk-covering.ws
nymaim2,servers-hampshire.uz
nymaim2,vaticanhappy.de
nymaim2,zoophiliaformal.net
nymaim2,thongsfacility.ws
nymaim2,verify-ranges.ws
nymaim2,slowfilter.me
nymaim2,traveller-prozac.jp
nymaim2,regulatednaples.tk
nymaim2,ringtoneproduces.sc
nymaim2,views-property.uz
nymaim2,tigersidentification.ac
nymaim2,skill-divorce.net
nymaim2,welsh-photograph.tm
nymaim2,swimming-controlling.tj
nymaim2,sandranotebooks.ru
nymaim2,subsequent-management.ps
nymaim2,suck-punch.ht
nymaim2,theme-owen.la
nymaim2,resistopposite.nu
nymaim2,systemdicks.nu
nymaim2,regardless-development.cz
nymaim2,vacation-quarter.net
nymaim2,speechespublications.mo
nymaim2,receptor-influences.mv
nymaim2,segments-photoshop.pl
nymaim2,styles-living.nu
nymaim2,specification-manner.sg
nymaim2,recalloral.ws
nymaim2,russianpersonnel.xyz
nymaim2,travellerfacilities.cn
nymaim2,wavehurt.jp
nymaim2,sugar-getting.ph
nymaim2,subjects-footage.az
nymaim2,viewers-flickr.tf
nymaim2,revenuelikely.ht
nymaim2,shawdiscipline.be
nymaim2,softball-library.mx
nymaim2,recognised-mileage.kr
nymaim2,restorationflood.re
nymaim2,solved-memories.cz
nymaim2,xeroxhandy.net
nymaim2,recognitionfolk.sh
nymaim2,seen-pharmacies.dk
nymaim2,standards-platinum.ph
nymaim2,wage-leon.in
nymaim2,rolesflex.tk
nymaim2,wildlife-hughes.xyz
nymaim2,wendy-occupational.tel
nymaim2,screengrip.tf
nymaim2,vids-projectors.tf
nymaim2,silverownership.kr
nymaim2,remove-hometown.ch
nymaim2,resistance-fast.ch
nymaim2,regulations-corporation.am
nymaim2,rosa-individually.at
nymaim2,static-inclusive.bt
nymaim2,revisionscosts.ps
nymaim2,ware-messenger.cc
nymaim2,viewermeter.yt
nymaim2,yearlyproxy.ph
nymaim2,swap-pieces.kz
nymaim2,westminsterdefinitions.cz
nymaim2,velvet-naked.mx
nymaim2,substantially-democrat.com
nymaim2,scheduling-otherwise.win
nymaim2,welcomeoral.net
nymaim2,switzerlandloops.sg
nymaim2,species-gamecube.tf
nymaim2,survive-naughty.com
nymaim2,send-extends.hn
nymaim2,teachersmess.xyz
nymaim2,roomjesse.net
nymaim2,wishesemerald.tj
nymaim2,yamahadiabetes.com
nymaim2,selldelete.ec
nymaim2,sing-corresponding.yt
nymaim2,suckdecade.ac
nymaim2,warningsinstallations.mx
nymaim2,read-differently.kz
nymaim2,weightsnavigator.gs
nymaim2,trialmanchester.top
nymaim2,touched-personally.net
nymaim2,technicalhousewares.pl
nymaim2,sinknote.lv
nymaim2,speed-fixtures.cx
nymaim2,washer-materials.ru
nymaim2,skillsofficers.tm
nymaim2,venice-ellen.mo
nymaim2,rotationpassion.ad
nymaim2,warmhome.name
nymaim2,sellsintense.kr
nymaim2,sliplolita.com
nymaim2,website-initiatives.xyz
nymaim2,voyeurjulia.it
nymaim2,watchesgary.at
nymaim2,rochesterlexus.eu
nymaim2,statisticalmaple.ad
nymaim2,virtually-raising.it
nymaim2,singhlearners.ht
nymaim2,talegreatly.li
nymaim2,subjectgiant.am
nymaim2,scriptpope.cc
nymaim2,utilsexception.hn
nymaim2,sitting-jewish.at
nymaim2,wake-prev.org
nymaim2,tendcylinder.com
nymaim2,suggestion-medal.by
nymaim2,safer-paragraph.biz
nymaim2,remarkable-raising.vn
nymaim2,struct-logical.co
nymaim2,robotscups.tf
nymaim2,starter-evil.win
nymaim2,submitted-patrick.it
nymaim2,sticker-education.tk
nymaim2,shorthole.net
nymaim2,sellhref.nu
nymaim2,yorkdice.uz
nymaim2,regarded-delivery.it
nymaim2,representation-instrument.sh
nymaim2,toiletdocument.sc
nymaim2,safe-courtesy.pl
nymaim2,vinylinsulin.by
nymaim2,studiosraising.tel
nymaim2,surgeons-devil.mv
nymaim2,statsholds.cz
nymaim2,turkishoccurrence.tel
nymaim2,treathansen.la
nymaim2,secretproprietary.de
nymaim2,samplingfriends.pk
nymaim2,roads-pearl.mx
nymaim2,vaginahost.ac
nymaim2,surgeons-graduates.tk
nymaim2,yangoops.tj
nymaim2,vehicle-indicated.gs
nymaim2,scoutphantom.cz
nymaim2,virtue-period.id
nymaim2,threatening-electoral.com
nymaim2,stopprize.top
nymaim2,tool-leader.at
nymaim2,woodslatvia.ac
nymaim2,underwearlord.org
nymaim2,separately-medium.be
nymaim2,uzbekistanprint.in
nymaim2,remarksderek.at
nymaim2,tahoe-increase.az
nymaim2,whalehiring.tm
nymaim2,yogaillegal.mv
nymaim2,wattpoet.pk
nymaim2,threadedfranchise.com
nymaim2,socket-inclusion.com
nymaim2,sociologyfoundation.cn
nymaim2,surprise-floor.tj
nymaim2,viewpicturelazy.ad
nymaim2,rendering-milfhunter.id
nymaim2,warrantyfolding.cn
nymaim2,thinlatin.su
nymaim2,sightinteresting.nu
nymaim2,themselvesoffer.wtf
nymaim2,steve-poverty.lv
nymaim2,seating-decided.ps
nymaim2,seriesentertaining.ph
nymaim2,shows-exempt.tf
nymaim2,seventhoxygen.info
nymaim2,transmitted-credit.name
nymaim2,senator-multi.it
nymaim2,schemeexpress.com
nymaim2,tanzania-mambo.gs
nymaim2,reality-extra.jp
nymaim2,traumaraymond.in
nymaim2,terminalcounters.cn
nymaim2,suspect-polo.yt
nymaim2,somegeographic.cz
nymaim2,womens-disciplines.yt
nymaim2,valid-pressure.ad
nymaim2,scientist-graduation.cn
nymaim2,suitedeastern.mo
nymaim2,speeds-half.pl
nymaim2,removing-outer.name
nymaim2,sciencecontractor.cn
nymaim2,respective-phenomenon.tm
nymaim2,travisquestions.bt
nymaim2,turbo-engineers.at
nymaim2,shipmentgrant.xyz
nymaim2,suitableloops.tel
nymaim2,sexuality-flashers.mv
nymaim2,trip-expiration.cc
nymaim2,treatments-notebooks.pl
nymaim2,somebodyfossil.dk
nymaim2,romania-pink.ps
nymaim2,updatingpreviews.pl
nymaim2,yorkshirepanel.lv
nymaim2,salariesgrave.uz
nymaim2,receivesmounts.am
nymaim2,thatscornwall.biz
nymaim2,sleep-dresses.bt
nymaim2,reserve-drawings.wtf
nymaim2,reuters-gore.ps
nymaim2,singledonor.sh
nymaim2,stampscrossword.net
nymaim2,secretaryflag.jp
nymaim2,trainers-oops.eu
nymaim2,retrievalextremely.at
nymaim2,serbiafifth.sh
nymaim2,wildernessintl.kr
nymaim2,temple-kurt.am
nymaim2,wrightgrey.at
nymaim2,secrets-georgia.win
nymaim2,would-linda.gs
nymaim2,roughlyeffort.at
nymaim2,sony-peak.gs
nymaim2,versus-emission.me
nymaim2,structures-programming.net
nymaim2,yemen-miller.cx
nymaim2,samedaisy.com
nymaim2,roomgrey.mx
nymaim2,sierragravity.sh
nymaim2,toolkit-generating.net
nymaim2,winterhacker.wtf
nymaim2,wheat-forum.co
nymaim2,suitedproof.la
nymaim2,thru-photo.ps
nymaim2,variablehammer.cn
nymaim2,standards-fork.kr
nymaim2,relatives-genes.ec
nymaim2,recipientsjade.ru
nymaim2,toddler-kings.com
nymaim2,theorem-ranked.xyz
nymaim2,webster-destroy.la
nymaim2,soughtnewton.mo
nymaim2,rosa-peas.tf
nymaim2,tent-orders.xyz
nymaim2,representingquite.tk
nymaim2,vincent-famous.ph
nymaim2,robotsgreg.ws
nymaim2,teach-distinguished.ec
nymaim2,survivaldefensive.tm
nymaim2,stealowners.hn
nymaim2,tuitionprior.su
nymaim2,waterproofconversation.hn
nymaim2,silkhydraulic.net
nymaim2,replacingmothers.xyz
nymaim2,showestonia.by
nymaim2,tough-field.az
nymaim2,templateprevious.cx
nymaim2,tabsmeditation.info
nymaim2,replacinggoes.pro
nymaim2,salmon-quote.ru
nymaim2,wyoming-handjob.ac
nymaim2,whencontent.tel
nymaim2,ridingpassengers.bt
nymaim2,utilizationdiesel.kz
nymaim2,restproteins.win
nymaim2,substitute-house.pro
nymaim2,steam-discusses.id
nymaim2,sizedmonday.ht
nymaim2,supposehurt.info
nymaim2,verticalplaylist.vn
nymaim2,tiger-fold.co
nymaim2,tellsconverted.lv
nymaim2,valuation-craps.com
nymaim2,residentmountains.tk
nymaim2,underlying-hurricane.vn
nymaim2,scores-hosting.cx
nymaim2,riversdivorce.li
nymaim2,sexuallyfish.net
nymaim2,trader-nano.at
nymaim2,welshellen.sh
nymaim2,rememberedgibraltar.ht
nymaim2,tourismdirector.ch
nymaim2,temporary-guild.org
nymaim2,soilmultimedia.cx
nymaim2,wisdomintro.co
nymaim2,therapisthelmet.mx
nymaim2,recordersedition.org
nymaim2,treeproposed.tf
nymaim2,shown-horrible.net
nymaim2,stageproviders.ad
nymaim2,tennessee-feof.mx
nymaim2,recentdistinguished.dk
nymaim2,yardsinsight.com
nymaim2,rootslatest.jp
nymaim2,sexualityphilip.lk
nymaim2,revelation-evanescence.li
nymaim2,voyeur-extreme.at
nymaim2,slightlymarvel.ws
nymaim2,reservationsmerchant.cn
nymaim2,yorkshire-facts.co
nymaim2,utah-cursor.com
nymaim2,reallypoison.name
nymaim2,worthy-deaf.dk
nymaim2,signspolar.net
nymaim2,stops-mineral.gs
nymaim2,vacuummemories.net
nymaim2,womanpaying.com
nymaim2,virusesgenome.com
nymaim2,ready-developmental.be
nymaim2,stripes-impressive.win
nymaim2,thoroughly-envelope.pk
nymaim2,refersdescription.ru
nymaim2,usersgovernment.xyz
nymaim2,winnerdesk.org
nymaim2,specifications-forced.cc
nymaim2,vote-insider.it
nymaim2,throughout-cooperation.cm
nymaim2,violence-dishes.am
nymaim2,specs-framed.top
nymaim2,separate-engines.info
nymaim2,upgrades-cover.az
nymaim2,reel-crimes.cc
nymaim2,tonight-elite.dk
nymaim2,servesdash.li
nymaim2,utils-mobility.cz
nymaim2,restructuringmedical.ht
nymaim2,recordedegyptian.cn
nymaim2,speakerindividually.de
nymaim2,taxes-method.li
nymaim2,uzbekistan-easily.wtf
nymaim2,yearscritics.jp
nymaim2,winter-costume.vn
nymaim2,screenshots-pharmacies.ph
nymaim2,tramadolguyana.com
nymaim2,touch-dedicated.nu
nymaim2,sentence-paintings.hn
nymaim2,special-forestry.com
nymaim2,situations-eight.top
nymaim2,testedrandom.su
nymaim2,relatives-metropolitan.net
nymaim2,scientistpush.lk
nymaim2,real-millennium.lk
nymaim2,toolmonroe.az
nymaim2,reservations-plumbing.pl
nymaim2,relevantelectronic.cc
nymaim2,volunteerinstruments.sg
nymaim2,testamentfalls.ws
nymaim2,terrorgods.com
nymaim2,trusted-petersburg.sg
nymaim2,tilesnewly.it
nymaim2,stands-inspection.ps
nymaim2,texts-racing.sg
nymaim2,television-exceptional.eu
nymaim2,testlistprice.org
nymaim2,yemenqueen.jp
nymaim2,studentgods.me
nymaim2,reproduced-fleece.com
nymaim2,unemployment-pastor.nu
nymaim2,receiverseligible.dk
nymaim2,requirementkent.sh
nymaim2,tilesoldest.dk
nymaim2,workshopphilosophy.ch
nymaim2,simpsongale.cc
nymaim2,tramadolfarmers.bt
nymaim2,statute-prison.ru
nymaim2,troutjustin.jp
nymaim2,wiringdeputy.hn
nymaim2,sector-ground.kz
nymaim2,wiki-meaning.name
nymaim2,traypeaceful.eu
nymaim2,resource-figures.am
nymaim2,relevancedistributor.mo
nymaim2,readings-each.ws
nymaim2,saucelincoln.by
nymaim2,turns-purchased.ec
nymaim2,supplements-heather.kr
nymaim2,renew-portions.net
nymaim2,straight-marco.tk
nymaim2,scored-hose.xyz
nymaim2,satisfied-marble.ph
nymaim2,tools-monica.az
nymaim2,robertdiscovery.lv
nymaim2,witnesses-maximize.re
nymaim2,returnedlearners.by
nymaim2,retailerotica.tj
nymaim2,thinkpad-dicke.com
nymaim2,under-growing.net
nymaim2,supervisors-rates.uz
nymaim2,settledinsulation.be
nymaim2,surveyscorn.jp
nymaim2,whore-greene.lk
nymaim2,robinsonpenny.net
nymaim2,technological-martin.biz
nymaim2,shortlyperspective.tk
nymaim2,tile-luxembourg.cm
nymaim2,romanticorlando.ch
nymaim2,telephoneproduct.net
nymaim2,stands-literature.nu
nymaim2,warrant-involvement.id
nymaim2,videos-importance.hn
nymaim2,seen-fellowship.re
nymaim2,satisfymagnitude.mo
nymaim2,reads-floyd.sg
nymaim2,tongueforums.com
nymaim2,studiedjobs.co
nymaim2,trained-gathered.xyz
nymaim2,sailingfewer.jp
nymaim2,wyoming-dust.nu
nymaim2,requested-earrings.by
nymaim2,translation-finest.dk
nymaim2,wiredownloading.co
nymaim2,troy-lebanon.re
nymaim2,rebelextend.xyz
nymaim2,statisticaldestiny.be
nymaim2,spaspromptly.mv
nymaim2,upskirt-pichunter.ps
nymaim2,salem-integer.yt
nymaim2,settings-elite.lv
nymaim2,yearly-highs.eu
nymaim2,results-phrase.tm
nymaim2,valuationdescribes.tm
nymaim2,worth-envelope.ph
nymaim2,southern-jesse.ws
nymaim2,tribunal-parade.ki
nymaim2,referprocessed.ht
nymaim2,verification-continually.re
nymaim2,twinks-integral.tk
nymaim2,telecharger-louisiana.ps
nymaim2,temperature-ieee.net
nymaim2,totally-daughter.net
nymaim2,require-mice.cn
nymaim2,referred-hockey.me
nymaim2,wendy-prospects.ad
nymaim2,tions-dare.cx
nymaim2,whoreoperators.am
nymaim2,violation-feeds.su
nymaim2,satisfactory-maintained.wtf
nymaim2,reflecthumans.re
nymaim2,straightplaza.ki
nymaim2,stoppingnumerous.am
nymaim2,viewedfighter.xyz
nymaim2,supply-equipped.cc
nymaim2,samuelmyth.org
nymaim2,recipe-indication.li
nymaim2,thumbnail-mysterious.net
nymaim2,securities-locale.me
nymaim2,sunsetjeans.gs
nymaim2,survival-luke.li
nymaim2,referrals-perry.net
nymaim2,scholarship-interfaces.be
nymaim2,suggestion-processed.tk
nymaim2,totals-distribute.tm
nymaim2,stopsguided.vn
nymaim2,surprisenewcastle.cn
nymaim2,wednesday-exit.cn
nymaim2,supplypictures.ad
nymaim2,sandra-deep.com
nymaim2,tankproduces.ac
nymaim2,sharphyundai.net
nymaim2,subscribe-pleasure.by
nymaim2,taxesproof.name
nymaim2,thickness-mixing.it
nymaim2,uploaded-felt.tel
nymaim2,startenergy.jp
nymaim2,softballdressed.eu
nymaim2,thirdleaders.ki
nymaim2,softmotel.cm
nymaim2,trek-directory.com
nymaim2,ropefundamental.lk
nymaim2,sheep-first.nu
nymaim2,waithearts.net
nymaim2,rings-differently.com
nymaim2,sameeducated.com
nymaim2,rickdeer.ru
nymaim2,remote-joins.com
nymaim2,recorder-inns.cx
nymaim2,trails-packed.com
nymaim2,removingcopyrights.bt
nymaim2,superintendentmeasuring.win
nymaim2,relief-landscapes.am
nymaim2,sheer-flow.lv
nymaim2,treaty-nancy.tj
nymaim2,supplementsheld.kr
nymaim2,wichita-postings.cm
nymaim2,solehampshire.ec
nymaim2,systems-framing.tf
nymaim2,wrappingmassachusetts.cc
nymaim2,reedhalloween.it
nymaim2,voyeurwebhoped.top
nymaim2,recall-folder.be
nymaim2,seat-internship.name
nymaim2,sector-essays.sg
nymaim2,versusexercise.tf
nymaim2,weekendcreate.ht
nymaim2,transfers-myers.la
nymaim2,recipients-decent.net
nymaim2,secretariat-finder.cz
nymaim2,viking-flyer.it
nymaim2,removemonetary.cx
nymaim2,suitabledynamics.lv
nymaim2,spamcordless.jp
nymaim2,renaissancemrna.name
nymaim2,souls-hockey.pro
nymaim2,sexualgolf.win
nymaim2,treasurerphenomenon.lk
nymaim2,stonefrequent.cz
nymaim2,reproduce-literature.xyz
nymaim2,wishlistintersection.name
nymaim2,tramadol-operational.biz
nymaim2,voters-fellowship.net
nymaim2,typinginteract.info
nymaim2,survey-outdoor.tm
nymaim2,wheat-exact.ps
nymaim2,worn-delivery.cz
nymaim2,sentencesprintable.ru
nymaim2,trainers-preview.pl
nymaim2,sarah-prepared.it
nymaim2,resource-injuries.net
nymaim2,volunteer-improve.tel
nymaim2,recorder-kentucky.yt
nymaim2,regulations-haven.org
nymaim2,triviagrade.lk
nymaim2,simon-locking.pro
nymaim2,retired-interest.tel
nymaim2,were-grain.ec
nymaim2,transit-having.name
nymaim2,serverpuerto.net
nymaim2,some-hook.ad
nymaim2,turkeymorris.re
nymaim2,rica-portuguese.com
nymaim2,squad-pike.org
nymaim2,webpage-images.co
nymaim2,unlike-powered.ec
nymaim2,websites-hints.com
nymaim2,solutions-designer.az
nymaim2,triviamachine.tk
nymaim2,suitable-decorative.cn
nymaim2,strips-fear.eu
nymaim2,utah-designer.org
nymaim2,vinylinvoice.win
nymaim2,zimbabwe-january.pk
nymaim2,reflection-ministries.kz
nymaim2,seeing-knowledgestorm.ch
nymaim2,relateholiday.sc
nymaim2,titanium-detailed.cx
nymaim2,round-pencil.ki
nymaim2,tribefloppy.cn
nymaim2,sand-dependent.in
nymaim2,turkeyinvest.mv
nymaim2,teethrate.lk
nymaim2,split-perceived.com
nymaim2,universe-inserted.ph
nymaim2,sufficientlydisciplinary.ad
nymaim2,reflection-defense.net
nymaim2,summit-exploring.org
nymaim2,wishesindicators.info
nymaim2,scientistimport.net
nymaim2,romantic-innovations.su
nymaim2,surprised-epic.com
nymaim2,spreadingcustody.mo
nymaim2,slideshow-patents.cc
nymaim2,sunday-nails.mo
nymaim2,referral-deployment.uz
nymaim2,tankslistening.cx
nymaim2,reid-probability.pl
nymaim2,walnut-football.cm
nymaim2,transfersnaturally.lk
nymaim2,services-cost.ad
nymaim2,totally-defining.ht
nymaim2,sonyfatty.wtf
nymaim2,yours-cordless.kz
nymaim2,recordsrankings.com
nymaim2,readingends.name
nymaim2,religious-expand.jp
nymaim2,relay-emerging.com
nymaim2,textile-hair.cx
nymaim2,released-december.wtf
nymaim2,unlimited-palace.com
nymaim2,sixthelliott.com
nymaim2,smtp-farm.cn
nymaim2,xhtmlmarketing.net
nymaim2,reducespressing.tm
nymaim2,signature-grew.co
nymaim2,rouletteimports.cn
nymaim2,recipients-nathan.wtf
nymaim2,word-promotion.ec
nymaim2,touristforestry.vn
nymaim2,therefore-first.com
nymaim2,sheetsessence.sh
nymaim2,symantecmeasure.mx
nymaim2,treatmentprobably.kr
nymaim2,recognizehumor.gs
nymaim2,sugar-facial.co
nymaim2,sayinglongest.yt
nymaim2,rely-limitations.sc
nymaim2,vampirecunt.ht
nymaim2,slim-driven.pro
nymaim2,wesley-prostores.cz
nymaim2,trafficmileage.cc
nymaim2,sellers-finger.biz
nymaim2,sponsoredplan.mo
nymaim2,specialintake.gs
nymaim2,summerones.lk
nymaim2,relaymarketing.net
nymaim2,witch-photoshop.gs
nymaim2,verizonfinds.uz
nymaim2,selectionlibrary.mx
nymaim2,sidesmusic.cn
nymaim2,treasures-culture.com
nymaim2,rollingforeign.cz
nymaim2,soundsfamiliar.lv
nymaim2,supplemental-everywhere.eu
nymaim2,tricksdisabilities.top
nymaim2,various-nationally.ht
nymaim2,voluntaryjustin.sh
nymaim2,swisshonor.wtf
nymaim2,scannedpresented.id
nymaim2,safari-destiny.win
nymaim2,winsprotocols.name
nymaim2,requestpackets.kz
nymaim2,supreme-gras.com
nymaim2,secretariat-pending.eu
nymaim2,yourflour.com
nymaim2,terrorismmarathon.com
nymaim2,vessels-quarter.kz
nymaim2,shit-fuzzy.ad
nymaim2,world-gourmet.co
nymaim2,regularly-horn.wtf
nymaim2,territories-developing.kr
nymaim2,revenge-normal.name
nymaim2,tenantindicated.me
nymaim2,tend-module.be
nymaim2,smithfrench.ch
nymaim2,spendingpartly.dk
nymaim2,weblogslinux.nu
nymaim2,tied-equal.ht
nymaim2,woodencurtis.ki
nymaim2,simple-exercises.am
nymaim2,territories-nancy.tj
nymaim2,sign-petersburg.vn
nymaim2,reliefportugal.sc
nymaim2,regimehowever.sh
nymaim2,unitexperience.kz
nymaim2,relativesfacts.at
nymaim2,suppliesmedicine.co
nymaim2,respectively-hands.ht
nymaim2,respected-magnitude.ac
nymaim2,thailanddiversity.li
nymaim2,rosspresentation.net
nymaim2,steal-polymer.ht
nymaim2,villagedesigned.de
nymaim2,returnedqueens.sg
nymaim2,take-county.jp
nymaim2,start-dynamic.com
nymaim2,scores-dialogue.dk
nymaim2,sheerfurthermore.ps
nymaim2,structpeers.xyz
nymaim2,rhodehosts.by
nymaim2,taxi-highest.pl
nymaim2,transparentmortgage.kr
nymaim2,standingpolitical.com
nymaim2,webshots-minimize.ph
nymaim2,skating-explain.ht
nymaim2,thousandsdouglas.kr
nymaim2,stud-forty.li
nymaim2,vietnam-nathan.be
nymaim2,statescookie.hn
nymaim2,replicamoore.net
nymaim2,zshopscustom.ph
nymaim2,rentaldistinguished.eu
nymaim2,usinggreece.hn
nymaim2,transactionpara.win
nymaim2,verified-duke.in
nymaim2,slow-engaged.kz
nymaim2,wineinvite.ki
nymaim2,substantialincorporated.sg
nymaim2,watsonmembership.mx
nymaim2,routine-geneva.nu
nymaim2,tournaments-gene.biz
nymaim2,refuse-personality.dk
nymaim2,ventures-electronics.sc
nymaim2,shame-credits.at
nymaim2,trunk-goals.net
nymaim2,towershelicopter.ec
nymaim2,sendspaste.tel
nymaim2,rochesterquotes.mv
nymaim2,ricecontributors.cz
nymaim2,station-prevent.wtf
nymaim2,themgrocery.xyz
nymaim2,secondary-eggs.sc
nymaim2,unexpectedguitars.it
nymaim2,waters-creek.cc
nymaim2,symposiumcreator.tf
nymaim2,teams-identified.com
nymaim2,surface-ensures.bt
nymaim2,stephenprerequisite.tf
nymaim2,variablepunk.net
nymaim2,sbjct-depends.com
nymaim2,yahoo-hands.re
nymaim2,steamcreate.it
nymaim2,sunglassesguests.uz
nymaim2,societycounsel.net
nymaim2,walesproduction.ht
nymaim2,stripes-looked.gs
nymaim2,readings-forecasts.ws
nymaim2,sonicplenty.com
nymaim2,sole-partition.su
nymaim2,refugeesmorris.az
nymaim2,separatedeliver.at
nymaim2,satin-nevertheless.pk
nymaim2,trackbacks-hotmail.mx
nymaim2,rental-northeast.tk
nymaim2,unlikelyicon.info
nymaim2,vision-massive.pk
nymaim2,warrantydragon.dk
nymaim2,restore-johnston.jp
nymaim2,subscribe-deficit.kz
nymaim2,sink-portrait.ps
nymaim2,upgrades-delhi.com
nymaim2,spokesmandreams.cm
nymaim2,traderflour.net
nymaim2,submittedfound.mo
nymaim2,sentencesgeneric.com
nymaim2,switchediting.tk
nymaim2,televisions-postal.co
nymaim2,simonprecious.com
nymaim2,wormplease.ki
nymaim2,yukon-racks.ru
nymaim2,writenorm.pro
nymaim2,trinidadpresentation.lv
nymaim2,troutprints.org
nymaim2,variousfairfield.cz
nymaim2,withoutmexican.co
nymaim2,setting-hospital.uz
nymaim2,sounds-protection.yt
nymaim2,sega-fiction.id
nymaim2,ribbonhungarian.by
nymaim2,touchednamed.ht
nymaim2,specifiesentries.kr
nymaim2,variations-entrepreneur.ht
nymaim2,specialized-others.net
nymaim2,unless-force.net
nymaim2,taiwanignored.pl
nymaim2,roller-genres.net
nymaim2,signature-notification.top
nymaim2,stunning-leads.ru
nymaim2,springerheadline.de
nymaim2,shoreneil.mx
nymaim2,trainercrest.net
nymaim2,websitelectures.re
nymaim2,realize-motivation.hn
nymaim2,sympathyjerry.ht
nymaim2,sentencesdelhi.am
nymaim2,valuable-guitars.de
nymaim2,reasonable-graph.be
nymaim2,senior-incidents.su
nymaim2,secureneeded.bt
nymaim2,scoring-guess.id
nymaim2,stopsdvds.at
nymaim2,trainshostels.ph
nymaim2,remarkable-occasion.it
nymaim2,webpagenumbers.at
nymaim2,reboundmiss.ad
nymaim2,xhtmlinns.pro
nymaim2,scotland-journalists.mx
nymaim2,worcestergained.kz
nymaim2,sufferedjazz.yt
nymaim2,studied-metro.com
nymaim2,triple-mouse.top
nymaim2,responsible-dramatic.re
nymaim2,typical-hung.su
nymaim2,rising-facilities.in
nymaim2,resident-ordinance.jp
nymaim2,reader-impose.xyz
nymaim2,unknown-numerous.com
nymaim2,shortlyorders.top
nymaim2,scripts-cuba.jp
nymaim2,temporarydifficult.kr
nymaim2,staying-incl.de
nymaim2,warrantiesgive.mv
nymaim2,symphony-profits.com
nymaim2,store-high.kr
nymaim2,somewherepointing.la
nymaim2,speeches-handhelds.net
nymaim2,somalia-davidson.top
nymaim2,toolslimiting.cx
nymaim2,scenic-moves.ki
nymaim2,refinancedecrease.uz
nymaim2,zoloftcottages.ht
nymaim2,tissuedrops.name
nymaim2,sellingpoetry.xyz
nymaim2,throughfinds.re
nymaim2,switched-dance.sc
nymaim2,strong-everything.ws
nymaim2,sharonmissile.de
nymaim2,units-musician.dk
nymaim2,servedprecious.com
nymaim2,rings-incidents.be
nymaim2,text-electricity.cc
nymaim2,signals-information.ch
nymaim2,symposium-dictionaries.pl
nymaim2,yourselfholds.re
nymaim2,wonderful-endangered.in
nymaim2,reid-intimate.co
nymaim2,vector-legal.cz
nymaim2,theatrehired.hn
nymaim2,stormluck.tm
nymaim2,weekend-gossip.net
nymaim2,teddygraphics.wtf
nymaim2,thoroughlyguardian.vn
nymaim2,saladguides.at
nymaim2,runseliminate.pk
nymaim2,selfcooling.sg
nymaim2,syndrome-hundred.sc
nymaim2,tampa-institutions.tk
nymaim2,shanghaifalling.ec
nymaim2,stomach-gives.am
nymaim2,yardsidea.cn
nymaim2,softoffices.kz
nymaim2,russellpupils.uz
nymaim2,surgeon-plus.pl
nymaim2,republicans-infected.name
nymaim2,scanners-institution.gs
nymaim2,ticket-processor.re
nymaim2,spiritual-identical.cx
nymaim2,snap-elevation.az
nymaim2,sexual-none.ru
nymaim2,temple-procedures.tf
nymaim2,tutorialminute.wtf
nymaim2,warning-markets.org
nymaim2,resume-presently.com
nymaim2,trade-place.at
nymaim2,texturenodes.jp
nymaim2,woman-hide.tel
nymaim2,threatsdivisions.biz
nymaim2,speakingdebate.net
nymaim2,sakemanually.pl
nymaim2,simsflat.tf
nymaim2,secondary-periodic.sh
nymaim2,silverdimensional.sc
nymaim2,zone-power.in
nymaim2,revelationmeters.net
nymaim2,videoelite.lv
nymaim2,supposed-dame.pl
nymaim2,thaigraduates.tk
nymaim2,worker-lucia.mv
nymaim2,roses-farms.bt
nymaim2,sunrise-outlook.hn
nymaim2,subscribeindeed.tj
nymaim2,referringpopulation.uz
nymaim2,wichitadebt.com
nymaim2,survival-hierarchy.de
nymaim2,snownail.vn
nymaim2,uploadintersection.xyz
nymaim2,webcammotor.pk
nymaim2,thousandsdeclined.name
nymaim2,shipmentgraphics.ru
nymaim2,sexuallydraws.vn
nymaim2,rhodecrucial.cc
nymaim2,watch-georgia.by
nymaim2,rougeeducational.sh
nymaim2,reputation-quad.net
nymaim2,respondenthighs.wtf
nymaim2,staffingproperties.ki
nymaim2,realtorspriorities.info
nymaim2,strip-diego.sh
nymaim2,regression-fine.com
nymaim2,starringdicks.top
nymaim2,teacherdiamond.biz
nymaim2,titaniumjudy.net
nymaim2,streets-decor.sc
nymaim2,surnamemilwaukee.tf
nymaim2,tampa-integrate.ws
nymaim2,strikes-correctly.org
nymaim2,touristflex.jp
nymaim2,remainshash.tk
nymaim2,shell-doctor.gs
nymaim2,wyomingfreebsd.su
nymaim2,variablefrancis.org
nymaim2,spank-costume.tm
nymaim2,tommypermit.lv
nymaim2,replacinginstrumental.su
nymaim2,terrorism-floppy.com
nymaim2,surprising-lauderdale.name
nymaim2,shepherddatabases.ht
nymaim2,seeing-gallery.ch
nymaim2,readers-policy.hn
nymaim2,wileyprints.yt
nymaim2,wider-evaluated.lv
nymaim2,registrar-have.ac
nymaim2,savesnelson.ac
nymaim2,tierpaid.top
nymaim2,unauthorized-graduate.li
nymaim2,stuffproportion.it
nymaim2,threadsmeals.ch
nymaim2,seeing-nominated.ph
nymaim2,remote-hearings.eu
nymaim2,society-mauritius.com
nymaim2,tabsharassment.tm
nymaim2,restrictpussy.name
nymaim2,robin-justify.gs
nymaim2,unsigned-corporation.biz
nymaim2,sterlingportfolio.com
nymaim2,throwsembassy.co
nymaim2,referreddraft.yt
nymaim2,timberdeluxe.pro
nymaim2,sufficientlygrowing.li
nymaim2,rentals-portrait.sc
nymaim2,ridersfairy.az
nymaim2,swimmingdeficit.xyz
nymaim2,secureformed.kz
nymaim2,sing-judicial.biz
nymaim2,sensitivity-kiss.com
nymaim2,willingfont.cx
nymaim2,supportsfits.ad
nymaim2,would-opinions.top
nymaim2,relationship-paintings.cx
nymaim2,tradition-publishing.xyz
nymaim2,temporarilydelhi.bt
nymaim2,suzuki-every.mv
nymaim2,tigerpotential.mo
nymaim2,startup-hindu.net
nymaim2,theory-employment.kz
nymaim2,strokeoptimal.gs
nymaim2,workshopsnone.uz
nymaim2,venueflying.cc
nymaim2,uploadedengage.am
nymaim2,wesleymoral.dk
nymaim2,watt-meanwhile.az
nymaim2,vaticaninstructors.jp
nymaim2,switcheddecade.pk
nymaim2,seating-finder.mo
nymaim2,spare-meters.nu
nymaim2,statisticsprograms.uz
nymaim2,sandyexplorer.uz
nymaim2,tamil-fundraising.vn
nymaim2,vegas-milan.ru
nymaim2,segmentoffer.vn
nymaim2,said-metric.hn
nymaim2,warriorscontinuing.lv
nymaim2,teacher-enhance.pk
nymaim2,yarnreached.it
nymaim2,themegrown.tel
nymaim2,ruralperformed.eu
nymaim2,sanyo-ecological.lk
nymaim2,republicannick.gs
nymaim2,resetcopyright.de
nymaim2,robinson-occur.ps
nymaim2,sectionearth.kr
nymaim2,startedpresent.jp
nymaim2,symptomsfaculty.ht
nymaim2,sistersimpose.cc
nymaim2,writes-partial.kr
nymaim2,song-endorsed.at
nymaim2,transformationhonor.kz
nymaim2,slope-published.me
nymaim2,themselvespayday.ch
nymaim2,scary-luck.mv
nymaim2,supervisorsinteractions.ws
nymaim2,spoke-innocent.la
nymaim2,velocityintegration.pl
nymaim2,terminals-detect.lv
nymaim2,worldexhibit.com
nymaim2,spinmoderate.name
nymaim2,worldwide-proof.tm
nymaim2,scoring-david.ht
nymaim2,stationery-premium.ad
nymaim2,students-pharmacy.tk
nymaim2,roger-demonstrate.cn
nymaim2,spiceopera.vn
nymaim2,russelldavid.cz
nymaim2,subjective-proceeds.ac
nymaim2,shuttlediscounts.am
nymaim2,vibratorposted.dk
nymaim2,sentence-proper.net
nymaim2,submitting-masturbating.ki
nymaim2,referrednigeria.tel
nymaim2,summarymill.tf
nymaim2,spiceghost.id
nymaim2,showtimes-kodak.by
nymaim2,referinternational.cz
nymaim2,retailershealing.com
nymaim2,revisedphrases.ws
nymaim2,usda-peter.re
nymaim2,richardliberty.ws
nymaim2,tahoe-genres.cx
nymaim2,vibratorpepper.by
nymaim2,rely-pens.at
nymaim2,religionsholy.by
nymaim2,serial-dispatch.pro
nymaim2,refersdemonstrated.be
nymaim2,wider-leading.me
nymaim2,republicanmonths.by
nymaim2,vaulthowever.li
nymaim2,wakeomaha.net
nymaim2,revealshero.tj
nymaim2,torture-ignored.at
nymaim2,rosa-disappointed.sh
nymaim2,strong-psychiatry.com
nymaim2,remind-harold.net
nymaim2,which-herself.pk
nymaim2,sunshineopposition.mx
nymaim2,thinkslevel.mx
nymaim2,stating-occasional.com
nymaim2,valentine-next.ac
nymaim2,yorkmilfhunter.sg
nymaim2,stud-first.ki
nymaim2,screensaveroutdoor.it
nymaim2,starqualified.sh
nymaim2,readersgrowth.name
nymaim2,unexpected-nevertheless.ac
nymaim2,respect-mail.com
nymaim2,sustainability-hispanic.by
nymaim2,spent-horizon.jp
nymaim2,represents-enterprises.top
nymaim2,shadespass.tf
nymaim2,singingpackets.cc
nymaim2,vegetationmartin.net
nymaim2,turneddecades.am
nymaim2,utilsequations.az
nymaim2,shaved-hitachi.dk
nymaim2,subjectinitial.ec
nymaim2,thanksgiving-included.tel
nymaim2,separate-order.mo
nymaim2,supplierefforts.wtf
nymaim2,whereasfewer.kr
nymaim2,washingonly.wtf
nymaim2,sterlinghealing.pl
nymaim2,resolveenhanced.sg
nymaim2,veterinaryjulia.am
nymaim2,submissionraleigh.am
nymaim2,walk-deployment.az
nymaim2,symbolslogin.sh
nymaim2,toolbar-craps.ph
nymaim2,regions-quality.sh
nymaim2,workplacequarterly.ec
nymaim2,volt-officially.ht
nymaim2,universitiesindividually.wtf
nymaim2,understand-produce.ec
nymaim2,safariextract.com
nymaim2,scoreshenderson.ws
nymaim2,surprisinglucia.gs
nymaim2,virus-expectations.at
nymaim2,surround-legislative.cx
nymaim2,sensornights.yt
nymaim2,spouse-prices.dk
nymaim2,serbiadisplaying.net
nymaim2,sincedivine.tm
nymaim2,shanghaifeatured.yt
nymaim2,stories-makeup.com
nymaim2,readerpalace.tj
nymaim2,transmit-crime.cc
nymaim2,stopline.sh
nymaim2,rotary-press.hn
nymaim2,surgical-distributor.tk
nymaim2,uploadhandjobs.de
nymaim2,traditionalpour.ph
nymaim2,spots-geology.hn
nymaim2,sets-cooked.ac
nymaim2,vocalsordinary.tj
nymaim2,segmentsoccupation.gs
nymaim2,roommatenames.mv
nymaim2,secretarylolita.yt
nymaim2,sims-incentive.cm
nymaim2,verzeichnis-oracle.mv
nymaim2,recipientlocked.com
nymaim2,secretariat-nextel.de
nymaim2,seating-flyer.tel
nymaim2,remove-profession.dk
nymaim2,recommendationcorporate.top
nymaim2,transexual-conversations.mv
nymaim2,talks-mine.ac
nymaim2,speciesfemale.su
nymaim2,restaurant-encourages.top
nymaim2,spouse-privileges.ec
nymaim2,richardson-pull.bt
nymaim2,tonight-cultural.gs
nymaim2,relationnotre.de
nymaim2,velocity-pleased.by
nymaim2,regime-infrastructure.bt
nymaim2,readdisorder.tk
nymaim2,upcoming-observer.mo
nymaim2,tariff-organization.ps
nymaim2,signalsinterval.jp
nymaim2,retainperl.nu
nymaim2,somalia-entrepreneurs.pl
nymaim2,transexual-corruption.mx
nymaim2,section-pieces.tel
nymaim2,thanksgivingforms.name
nymaim2,voyeurmatt.wtf
nymaim2,refugeeshobby.vn
nymaim2,womendavis.in
nymaim2,rings-fuck.ps
nymaim2,temperaturesdecision.id
nymaim2,travelling-horses.kz
nymaim2,shopping-enabled.lv
nymaim2,violentincluding.sc
nymaim2,talentexceptions.ws
nymaim2,teenagemounting.wtf
nymaim2,swedengambling.cx
nymaim2,throughout-database.ht
nymaim2,webcams-county.ki
nymaim2,rolesfriends.tk
nymaim2,replicaindia.mv
nymaim2,sources-palmer.xyz
nymaim2,witnessesinsights.com
nymaim2,supposedoman.gs
nymaim2,wisenebraska.uz
nymaim2,shoot-gothic.am
nymaim2,tractmalpractice.jp
nymaim2,techdeclare.ph
nymaim2,sacrificefield.pl
nymaim2,spywareestimation.mv
nymaim2,statesguyana.net
nymaim2,reasoning-corrected.ch
nymaim2,varietypreceding.kz
nymaim2,wantedfiction.net
nymaim2,rugsolympus.co
nymaim2,suitablegrowth.net
nymaim2,winter-institutes.ph
nymaim2,wifi-displaying.uz
nymaim2,republicanqueensland.yt
nymaim2,squarehire.pk
nymaim2,thou-governance.pl
nymaim2,threadopposite.com
nymaim2,revenues-intensity.co
nymaim2,wristenclosed.mv
nymaim2,welsh-nascar.gs
nymaim2,studyingpositioning.ki
nymaim2,scratch-loops.az
nymaim2,smoothcorrection.id
nymaim2,scores-linking.com
nymaim2,responsible-noticed.name
nymaim2,readyperforming.su
nymaim2,rush-grill.net
nymaim2,repliesnaughty.ac
nymaim2,scottishpolymer.nu
nymaim2,strategypaid.ac
nymaim2,tracking-exam.dk
nymaim2,stooddirectors.mv
nymaim2,samuel-mpegs.tk
nymaim2,reporters-directions.by
nymaim2,understoodmacro.am
nymaim2,smith-outlets.mv
nymaim2,wiring-mounting.top
nymaim2,tales-curious.eu
nymaim2,reliable-list.hn
nymaim2,sacrifice-genetic.jp
nymaim2,spencerproblem.jp
nymaim2,trainedmovement.me
nymaim2,sticky-develop.cx
nymaim2,traveling-pencil.yt
nymaim2,sagem-educated.pk
nymaim2,smoke-identified.ad
nymaim2,views-locations.lk
nymaim2,twinks-pacific.li
nymaim2,require-merely.yt
nymaim2,renew-newark.mx
nymaim2,sandraeditorials.am
nymaim2,risks-pleased.tj
nymaim2,sleeve-ecommerce.li
nymaim2,representative-pills.name
nymaim2,recording-never.id
nymaim2,vesselpreceding.name
nymaim2,watson-pairs.org
nymaim2,surgical-individuals.cz
nymaim2,space-gathered.vn
nymaim2,titten-devices.ps
nymaim2,widescreenexpected.net
nymaim2,steelmini.xyz
nymaim2,resolutionsnextel.net
nymaim2,website-museum.ph
nymaim2,ride-pour.hn
nymaim2,workingradical.pro
nymaim2,vincent-joyce.mx
nymaim2,transaction-livesex.com
nymaim2,sarahoverseas.sg
nymaim2,shortcutshosts.pro
nymaim2,wellnessoliver.mo
nymaim2,sequences-navy.sh
nymaim2,twistprocessors.yt
nymaim2,tiny-parallel.wtf
nymaim2,seasonfrom.tel
nymaim2,wesley-latina.net
nymaim2,winsfired.sh
nymaim2,shemale-february.cz
nymaim2,strictly-instrument.de
nymaim2,tomorrow-prior.cn
nymaim2,readsgras.biz
nymaim2,repairpositioning.hn
nymaim2,salon-pregnant.kz
nymaim2,swiss-cute.org
nymaim2,whereasgiants.sc
nymaim2,vocationalidentical.tf
nymaim2,skinoccupied.ch
nymaim2,tankcounter.lv
nymaim2,rugbymyself.eu
nymaim2,whorepayments.co
nymaim2,trailsinjury.de
nymaim2,subjectivemovement.bt
nymaim2,wound-messages.net
nymaim2,reasongriffin.pk
nymaim2,supply-maybe.ws
nymaim2,relevance-equipment.com
nymaim2,strictly-fame.net
nymaim2,satin-opposite.kr
nymaim2,sections-france.at
nymaim2,runtime-mediawiki.ki
nymaim2,snapshotprinter.ch
nymaim2,scoreinjuries.com
nymaim2,swissfootage.org
nymaim2,typicalnational.net
nymaim2,soma-monitor.ws
nymaim2,sufferingfool.cz
nymaim2,reduction-exercise.kr
nymaim2,switched-hansen.de
nymaim2,select-networks.kz
nymaim2,spotsexecute.cz
nymaim2,reflectionreach.sg
nymaim2,split-libraries.mx
nymaim2,securityearnings.ht
nymaim2,toddler-hint.sg
nymaim2,twice-holdings.be
nymaim2,wiseraising.az
nymaim2,sucking-genes.by
nymaim2,screens-ntsc.com
nymaim2,refrigeratorinstitutional.mx
nymaim2,similarlyford.cn
nymaim2,span-discover.org
nymaim2,scheme-elderly.ec
nymaim2,walt-include.net
nymaim2,walkedmelbourne.su
nymaim2,yalehighway.kr
nymaim2,thinkpadhawk.com
nymaim2,vulnerability-mechanism.ac
nymaim2,requirementcottages.lk
nymaim2,revolutionarymedium.com
nymaim2,yields-lodging.be
nymaim2,robin-explained.su
nymaim2,techno-mysimon.pk
nymaim2,statutesmailed.ac
nymaim2,respondenthopkins.tj
nymaim2,regarding-lopez.cx
nymaim2,separately-pocket.net
nymaim2,uncertainty-perceived.kr
nymaim2,tilematthew.sg
nymaim2,votespainted.sc
nymaim2,source-involves.li
nymaim2,turning-edit.pro
nymaim2,virgindecade.win
nymaim2,wing-holland.ad
nymaim2,weaponsguru.pk
nymaim2,relate-diagram.info
nymaim2,selective-feof.xyz
nymaim2,statingmost.biz
nymaim2,tiger-pricing.tel
nymaim2,sale-mozilla.ht
nymaim2,spiritualeducational.gs
nymaim2,students-foster.pl
nymaim2,viking-kits.jp
nymaim2,skins-league.ph
nymaim2,storeddeaf.mx
nymaim2,training-member.top
nymaim2,retentionindirect.am
nymaim2,soup-prospective.top
nymaim2,trulyelement.tk
nymaim2,table-prerequisite.nu
nymaim2,spokesman-proudly.ec
nymaim2,thomsonincredible.nu
nymaim2,studiesinsulin.cc
nymaim2,threatened-died.li
nymaim2,reunion-expires.net
nymaim2,ship-oops.it
nymaim2,renderingpiece.sg
nymaim2,staff-exhibitions.eu
nymaim2,workflowestonia.pl
nymaim2,stonejoel.ru
nymaim2,words-monetary.kz
nymaim2,talent-covers.yt
nymaim2,reviewercopied.eu
nymaim2,tucson-meat.ph
nymaim2,timely-nintendo.am
nymaim2,singapore-notify.info
nymaim2,taught-orgy.name
nymaim2,reserves-deals.ch
nymaim2,workingmountain.it
nymaim2,walt-orleans.net
nymaim2,universitycostume.uz
nymaim2,replaced-grain.ac
nymaim2,secureexciting.cm
nymaim2,typically-healthcare.pl
nymaim2,televisiongary.su
nymaim2,wildernesshacker.uz
nymaim2,readers-editorials.tel
nymaim2,spearsguam.win
nymaim2,visible-promotion.re
nymaim2,voluntaryjason.hn
nymaim2,wrestling-eminem.ec
nymaim2,superiorcooked.net
nymaim2,zoningdaniel.su
nymaim2,technicianhands.org
nymaim2,sevendepartments.re
nymaim2,televisionextend.jp
nymaim2,richnutrition.net
nymaim2,restriction-movements.ru
nymaim2,scholarshipproduces.bt
nymaim2,warrantiesdevices.ch
nymaim2,sail-editorial.mv
nymaim2,resultingprove.name
nymaim2,salt-modern.ad
nymaim2,spaincorner.tk
nymaim2,savings-earned.xyz
nymaim2,wing-ellen.com
nymaim2,tracker-passes.net
nymaim2,samuelembedded.bt
nymaim2,revengefull.sc
nymaim2,usefulhealing.lk
nymaim2,reflections-polyphonic.com
nymaim2,relationships-emacs.cx
nymaim2,watt-discounted.pro
nymaim2,slowly-growing.pro
nymaim2,trackbacksemissions.li
nymaim2,surgepapers.cm
nymaim2,serversjake.ru
nymaim2,watches-largely.mv
nymaim2,runner-mambo.eu
nymaim2,tigercumshot.nu
nymaim2,synthetic-processed.mv
nymaim2,sponsored-mood.vn
nymaim2,theoreticalmechanism.in
nymaim2,tent-pictures.at
nymaim2,writescoordinates.re
nymaim2,russiamichigan.la
nymaim2,setsmountain.gs
nymaim2,wyoming-patrick.hn
nymaim2,tinynominated.ki
nymaim2,wiki-displays.li
nymaim2,saintsgoing.kr
nymaim2,subscriberpower.by
nymaim2,socket-edward.mv
nymaim2,trailer-intense.hn
nymaim2,survivalpens.cx
nymaim2,serverscrops.ps
nymaim2,verificationplaintiff.ht
nymaim2,self-management.ru
nymaim2,rest-forget.name
nymaim2,tuitionexcept.la
nymaim2,subsequently-induced.ad
nymaim2,tapes-franchise.com
nymaim2,sixthmovement.com
nymaim2,recreationraising.la
nymaim2,thirdprediction.id
nymaim2,temporary-crude.ht
nymaim2,sublime-efficiently.ad
nymaim2,wage-georgia.biz
nymaim2,read-railroad.me
nymaim2,symposiumdeadly.mv
nymaim2,reflectionmart.li
nymaim2,signature-molecular.cc
nymaim2,springpoems.it
nymaim2,samsungoral.com
nymaim2,tradinghate.me
nymaim2,rocksmention.net
nymaim2,screen-cooked.tel
nymaim2,replaceinstruction.com
nymaim2,tiedcriminal.sc
nymaim2,thoughts-oracle.lv
nymaim2,refuseplumbing.ad
nymaim2,vocabulary-hewlett.tj
nymaim2,virginia-increased.ws
nymaim2,regards-mandatory.com
nymaim2,shoe-ends.net
nymaim2,suggestions-cursor.ch
nymaim2,song-exclusively.ki
nymaim2,resumesraid.com
nymaim2,unnecessaryolder.ac
nymaim2,recover-optical.com
nymaim2,spotopened.ru
nymaim2,weighted-crime.bt
nymaim2,solutions-hollywood.net
nymaim2,untitled-phoenix.net
nymaim2,towndefend.pl
nymaim2,survivor-index.am
nymaim2,risingphysically.tm
nymaim2,scholarships-hardcover.jp
nymaim2,therapyflux.id
nymaim2,theatre-inches.la
nymaim2,surprisepromising.tk
nymaim2,wiring-pages.net
nymaim2,shaft-joining.top
nymaim2,schedule-departments.pl
nymaim2,stackhomeland.com
nymaim2,watts-fifth.hn
nymaim2,speaking-fifteen.by
nymaim2,settinglycos.ps
nymaim2,resultmetabolism.me
nymaim2,reduced-prescription.yt
nymaim2,seminar-michelle.yt
nymaim2,skin-historical.com
nymaim2,trashheritage.eu
nymaim2,restrictionsmedieval.sh
nymaim2,stability-develop.by
nymaim2,ripeobserved.li
nymaim2,variationfeedback.ph
nymaim2,struggle-passport.de
nymaim2,workoutcrystal.kr
nymaim2,stainless-initiatives.lv
nymaim2,rooms-entertaining.net
nymaim2,scenario-more.id
nymaim2,twentylight.in
nymaim2,toursnotifications.info
nymaim2,speedsgaming.ch
nymaim2,stock-polls.ru
nymaim2,variationsdegree.tk
nymaim2,schema-occupational.dk
nymaim2,vastcriticism.jp
nymaim2,residentcontrollers.yt
nymaim2,towerinside.ec
nymaim2,responding-laws.jp
nymaim2,simplifieddeposits.am
nymaim2,septembernewark.win
nymaim2,songsidentical.uz
nymaim2,servers-evident.sh
nymaim2,xnxxdescriptions.tel
nymaim2,southwestgarlic.in
nymaim2,sufficientexhibition.win
nymaim2,respectpowers.hn
nymaim2,swimmingparade.am
nymaim2,runtime-cruises.win
nymaim2,redheadinitial.by
nymaim2,unlock-opening.co
nymaim2,source-digital.ru
nymaim2,stoodmetal.org
nymaim2,reproduction-enabling.tf
nymaim2,techrepublic-dildo.win
nymaim2,thumb-mystery.ch
nymaim2,reflect-disappointed.top
nymaim2,rowsexisted.su
nymaim2,strange-pieces.ph
nymaim2,starring-prefix.tj
nymaim2,uruguay-imposed.yt
nymaim2,sage-quality.net
nymaim2,supposepreparing.at
nymaim2,stack-missing.kr
nymaim2,variedprincipal.bt
nymaim2,rovermedicaid.mv
nymaim2,screwplayback.am
nymaim2,twistedfatal.sh
nymaim2,scoremardi.su
nymaim2,supplier-drawings.vn
nymaim2,variesintimate.xyz
nymaim2,warriors-intended.it
nymaim2,southampton-cunt.be
nymaim2,readkeeping.org
nymaim2,reliabilityfast.pl
nymaim2,strengthlike.de
nymaim2,signature-conversion.sh
nymaim2,ronaldcrude.it
nymaim2,voices-radius.biz
nymaim2,rugbyhire.cm
nymaim2,rehabilitationloaded.com
nymaim2,song-infant.lv
nymaim2,wine-counsel.pk
nymaim2,resolvepanties.ki
nymaim2,theory-marriage.yt
nymaim2,threadsdemocratic.info
nymaim2,tionepson.net
nymaim2,substance-instead.mx
nymaim2,uniform-jewel.cz
nymaim2,sharonmountains.net
nymaim2,travelingprague.cm
nymaim2,youngerlogged.sc
nymaim2,terminaldozen.lk
nymaim2,samoa-geographic.ph
nymaim2,tion-joke.tj
nymaim2,reaction-lamps.sc
nymaim2,sunglasses-grain.eu
nymaim2,slidegzip.ru
nymaim2,shorts-labs.ec
nymaim2,studentmarketplace.win
nymaim2,taiwanfavors.ec
nymaim2,weargrill.name
nymaim2,saferfiltering.net
nymaim2,snake-plants.win
nymaim2,vulnerabilitymaintenance.ki
nymaim2,selectdominant.net
nymaim2,sherman-includes.pk
nymaim2,vessel-males.sg
nymaim2,towerduty.li
nymaim2,substancesmerely.li
nymaim2,transfers-ideal.yt
nymaim2,tiger-navigator.cz
nymaim2,regardless-foundation.sg
nymaim2,stock-delegation.uz
nymaim2,shield-faculty.pl
nymaim2,seempeer.net
nymaim2,theaterdescribed.ec
nymaim2,thrownknitting.mv
nymaim2,sidepale.tm
nymaim2,sterlingcounsel.ki
nymaim2,victims-doom.ki
nymaim2,shakirafossil.bt
nymaim2,scores-firefox.in
nymaim2,trembl-motors.pro
nymaim2,rocket-railroad.com
nymaim2,wide-enclosure.ht
nymaim2,rebatecopper.dk
nymaim2,speech-rack.cm
nymaim2,sophisticatedcustomized.name
nymaim2,remixmall.cz
nymaim2,walkmouse.jp
nymaim2,thousands-preparation.tf
nymaim2,verification-cuba.ad
nymaim2,rebates-lucy.tj
nymaim2,trash-insured.tk
nymaim2,ronaldhabits.cc
nymaim2,shipscreating.cc
nymaim2,uglynewsletters.ru
nymaim2,routes-delays.ac
nymaim2,solejust.id
nymaim2,sheriff-loan.net
nymaim2,wrestlingharmful.jp
nymaim2,russiandressing.yt
nymaim2,stick-erik.ch
nymaim2,thoroughlyeverybody.kr
nymaim2,rows-fairy.sh
nymaim2,ruling-preference.ph
nymaim2,turbo-enclosure.net
nymaim2,slope-diesel.ru
nymaim2,revengemeals.tel
nymaim2,thongmainly.mv
nymaim2,sublimedirectorypredict.ec
nymaim2,specifies-harmony.la
nymaim2,warehousedouble.wtf
nymaim2,telecom-lighting.am
nymaim2,trickflight.tf
nymaim2,standing-outcomes.lv
nymaim2,veterinary-ratios.su
nymaim2,slowhewlett.net
nymaim2,subjectivegovernment.ru
nymaim2,switches-mixture.pro
nymaim2,receptor-latina.gs
nymaim2,residentialcontrolled.ki
nymaim2,wristminerals.ad
nymaim2,swimming-powerful.bt
nymaim2,transcriptgranted.tf
nymaim2,windows-oracle.mv
nymaim2,variationgoto.bt
nymaim2,summarycontracting.kz
nymaim2,weaponlists.eu
nymaim2,since-mazda.mv
nymaim2,requiring-details.cx
nymaim2,simpsondivision.pl
nymaim2,stocks-flush.wtf
nymaim2,trap-marriott.kz
nymaim2,subscriptionnarrative.ph
nymaim2,rwandairan.cc
nymaim2,searches-described.re
nymaim2,strengthen-correctly.mv
nymaim2,sitemapdifferences.me
nymaim2,tokyo-promotional.az
nymaim2,store-ears.pro
nymaim2,surviveinsider.dk
nymaim2,unable-fighter.li
nymaim2,semicorporation.sc
nymaim2,tragedy-henry.su
nymaim2,volumesoldest.com
nymaim2,switzerlandleague.kz
nymaim2,sucks-dominican.gs
nymaim2,trusteesobserved.uz
nymaim2,remaincooling.yt
nymaim2,strong-radius.ru
nymaim2,romanlinda.jp
nymaim2,southamptonfood.tf
nymaim2,somalia-parallel.eu
nymaim2,statutory-films.az
nymaim2,spaces-lessons.top
nymaim2,sciences-lyrics.cc
nymaim2,street-designing.jp
nymaim2,stockglasses.la
nymaim2,secondarypositioning.gs
nymaim2,revealspulled.gs
nymaim2,rolenormal.cn
nymaim2,yesterday-estimates.am
nymaim2,wisemakes.eu
nymaim2,sampleopens.sc
nymaim2,yard-gods.sc
nymaim2,walking-gorgeous.lk
nymaim2,relations-enemies.pro
nymaim2,vocabulary-elsewhere.net
nymaim2,rebatesmighty.cz
nymaim2,trainerknee.cz
nymaim2,standard-fame.tk
nymaim2,subscription-naturally.xyz
nymaim2,roulettehint.net
nymaim2,syndromeowen.com
nymaim2,secret-formed.win
nymaim2,shortcuts-dollars.pl
nymaim2,refurbished-member.hn
nymaim2,vehiclespharmacies.bt
nymaim2,sexually-doll.sg
nymaim2,weekendnuclear.top
nymaim2,southwest-filme.ps
nymaim2,willing-higher.kz
nymaim2,survival-pleasure.li
nymaim2,removedracing.sc
nymaim2,wellington-layer.cz
nymaim2,spendexactly.net
nymaim2,toshiba-field.bt
nymaim2,rhythm-performer.com
nymaim2,totalkeyboard.ps
nymaim2,varying-fitting.com
nymaim2,retiredmales.org
nymaim2,resetdemocratic.ps
nymaim2,showtimeselectricity.ch
nymaim2,translatorowns.su
nymaim2,untitledevans.net
nymaim2,storagemontreal.la
nymaim2,shoulder-myanmar.lk
nymaim2,sheerheroes.cx
nymaim2,sixthmood.ac
nymaim2,summaries-kenny.wtf
nymaim2,saved-finds.net
nymaim2,virginiapoems.cx
nymaim2,welcomecursor.ki
nymaim2,screeningfestivals.top
nymaim2,strapnottingham.vn
nymaim2,thrillerfunk.tj
nymaim2,thingprecision.cn
nymaim2,todaynelson.bt
nymaim2,stationspass.xyz
nymaim2,suggestion-hughes.hn
nymaim2,strangecredit.by
nymaim2,truck-patient.re
nymaim2,respond-hopes.win
nymaim2,welding-doug.it
nymaim2,ricocouples.info
nymaim2,twiki-framed.at
nymaim2,solvedentries.tm
nymaim2,realize-leaving.su
nymaim2,work-goto.com
nymaim2,simslucia.win
nymaim2,sexcam-hypothetical.ru
nymaim2,reutershost.it
nymaim2,really-convergence.ad
nymaim2,reno-prize.ps
nymaim2,retrieve-deployment.cc
nymaim2,trimfirefox.pl
nymaim2,requirementdone.cn
nymaim2,with-intensive.by
nymaim2,regiondraw.at
nymaim2,rows-michel.mv
nymaim2,thosemississippi.nu
nymaim2,stake-furniture.ad
nymaim2,stars-giving.dk
nymaim2,remains-informative.org
nymaim2,termination-pete.gs
nymaim2,saving-increased.mo
nymaim2,ridespractitioners.info
nymaim2,table-ferrari.ht
nymaim2,services-index.am
nymaim2,supported-orleans.li
nymaim2,years-notices.cm
nymaim2,realm-hypothesis.az
nymaim2,seeds-contribute.li
nymaim2,sprintpartner.mx
nymaim2,sacramentomarshall.vn
nymaim2,realistic-halloween.kr
nymaim2,roughlydelivered.az
nymaim2,snake-inch.tj
nymaim2,summit-crime.it
nymaim2,reduce-laughing.cz
nymaim2,tabletsname.cm
nymaim2,rhythm-died.org
nymaim2,turndiscuss.cc
nymaim2,sagemethics.jp
nymaim2,tubeseconomic.re
nymaim2,would-mills.re
nymaim2,victorianinfinite.ec
nymaim2,robertsjoyce.be
nymaim2,tempdistinct.cz
nymaim2,serverspipeline.sh
nymaim2,roulettefinland.cx
nymaim2,sensors-higher.vn
nymaim2,suggestions-prefer.com
nymaim2,stickhave.tf
nymaim2,said-knife.mo
nymaim2,tables-increasingly.dk
nymaim2,yorkmardi.com
nymaim2,tearsnavy.kr
nymaim2,symphony-intersection.pl
nymaim2,stability-incorporated.info
nymaim2,southamptonfuture.jp
nymaim2,shade-rack.ru
nymaim2,woundhold.cx
nymaim2,skatinginvision.ad
nymaim2,storesmemories.la
nymaim2,tionsdishes.mo
nymaim2,scsinest.uz
nymaim2,tucson-contractor.org
nymaim2,tension-prime.ws
nymaim2,todd-honor.li
nymaim2,sambaparticipated.kr
nymaim2,worlds-kinda.xyz
nymaim2,toyota-converted.dk
nymaim2,volume-formula.mo
orchard,749dd64e.com
orchard,749dd64e.net
orchard,749dd64e.org
orchard,749dd64e.duckdns.org
orchard,c004d4b2.com
orchard,c004d4b2.net
orchard,c004d4b2.org
orchard,c004d4b2.duckdns.org
orchard,be5df748.com
orchard,be5df748.net
orchard,be5df748.org
orchard,be5df748.duckdns.org
orchard,740d0de6.com
orchard,740d0de6.net
orchard,740d0de6.org
orchard,740d0de6.duckdns.org
orchard,baa3bf4d.com
orchard,baa3bf4d.net
orchard,baa3bf4d.org
orchard,baa3bf4d.duckdns.org
orchard,c97af1e6.com
orchard,c97af1e6.net
orchard,c97af1e6.org
orchard,c97af1e6.duckdns.org
orchard,17e9efb1.com
orchard,17e9efb1.net
orchard,17e9efb1.org
orchard,17e9efb1.duckdns.org
orchard,527d2014.com
orchard,527d2014.net
orchard,527d2014.org
orchard,527d2014.duckdns.org
orchard,c4a3e271.com
orchard,c4a3e271.net
orchard,c4a3e271.org
orchard,c4a3e271.duckdns.org
orchard,81acdf2d.com
orchard,81acdf2d.net
orchard,81acdf2d.org
orchard,81acdf2d.duckdns.org
orchard,7d1b918f.com
orchard,7d1b918f.net
orchard,7d1b918f.org
orchard,7d1b918f.duckdns.org
orchard,bbcaf866.com
orchard,bbcaf866.net
orchard,bbcaf866.org
orchard,bbcaf866.duckdns.org
orchard,77656573.com
orchard,77656573.net
orchard,77656573.org
orchard,77656573.duckdns.org
orchard,592a2fc2.com
orchard,592a2fc2.net
orchard,592a2fc2.org
orchard,592a2fc2.duckdns.org
orchard,b11343cb.com
orchard,b11343cb.net
orchard,b11343cb.org
orchard,b11343cb.duckdns.org
orchard,2161457b.com
orchard,2161457b.net
orchard,2161457b.org
orchard,2161457b.duckdns.org
padcrypt,cmodeaakolobceof.online
padcrypt,nldnofmcdekbaedk.com
padcrypt,nnaaaaolcenbfkfb.co.uk
padcrypt,lcefcadfbbmdmdld.com
padcrypt,bmdflaclmomfmlfn.com
padcrypt,fmlfdmdbocdcdkdf.website
padcrypt,odecbkfkbdbfffbb.info
padcrypt,coabbkkdenccaden.com
padcrypt,oemndnlcdccdcnbc.de
padcrypt,lelkbndabfffbkkd.de
padcrypt,aaofbanccddolnfe.co.uk
padcrypt,ffkefdfaaeedlaab.co
padcrypt,fndebafkdnfcffee.website
padcrypt,aflobecfbaadomac.online
padcrypt,abbonbofcakcmmoa.online
padcrypt,cflceadcamkncdoe.de
padcrypt,adfeaobacebdofdk.info
padcrypt,lebcbfbdanbnddcc.com
padcrypt,afeandlfoaoedfad.online
padcrypt,fcccnclbfeoclmcf.com
padcrypt,dndmddfblemnakka.org
padcrypt,effbacdbklcanndf.de
padcrypt,lcbkdfacbacbkbkk.co
padcrypt,dbcommafdmaeebdl.com
padcrypt,odoaccbakcamcfof.com
padcrypt,kadlmlacfonoadmf.co.uk
padcrypt,cnflflekbalnlbko.co
padcrypt,fdmdkoaccfcnfddb.co.uk
padcrypt,ebdboonnfdbfdaab.co.uk
padcrypt,kencknbofooackdd.org
padcrypt,mcfnomfbkffmbldb.info
padcrypt,fflbdnfcfabbfnec.net
padcrypt,ladeonkedmfffblk.online
padcrypt,kaadfafddadcccba.co
padcrypt,ddfncaccbbfoaffc.com
padcrypt,faebcbnmcebfmbnf.eu
padcrypt,bmccdfdoddafbema.com
padcrypt,ncalamaabmoaobfk.cc
padcrypt,dfcfebnadfaldlol.co.uk
padcrypt,cmcenffalmcbelbd.cc
padcrypt,ecocclbfaaemdbcf.com
padcrypt,dedlkecdkkfbblak.de
padcrypt,dfendblcdobeaafa.com
padcrypt,aabfkfacclffcdbf.com
padcrypt,obbbkdmmbkfdmcdb.online
padcrypt,eanbkckoaecdodmo.co
padcrypt,ndbadacomnbbdcdb.de
padcrypt,fdecbcanmcbdakfn.com
padcrypt,lbbaeefbbkfbklab.com
padcrypt,cfobmocdaenemafc.org
padcrypt,badklldbcomfkbab.com
padcrypt,cfaabecfaamlembf.eu
padcrypt,bfddbcokacfaadfa.net
padcrypt,ocdncnbdoekclcfb.com
padcrypt,odaclbacbabmbfob.com
padcrypt,nmdcdncocbecceef.org
padcrypt,fadckdobkdnameac.com
padcrypt,efmbalfanfnaeakb.com
padcrypt,ocbbbcbflcmeonaa.de
padcrypt,daddlbcfkkkkolbo.co
padcrypt,feccbdofooenbocd.co
padcrypt,okfmfbakdcnkdedl.co.uk
padcrypt,fefdfammalcfckdd.info
padcrypt,mckckoadfkdackcb.website
padcrypt,mnkfccacelbakafm.org
padcrypt,fcmlnamccmmcdanm.com
padcrypt,mfbbolobfmakocbd.info
padcrypt,dlkafdacaffckceo.eu
padcrypt,blaccncclecdcbkm.co
padcrypt,almdadamddddaacf.org
padcrypt,adkebakmcaedfmed.co
padcrypt,clbcbnabednkadeb.eu
padcrypt,dfbnodfkecfcbaal.com
padcrypt,lkffdcfbaadnnfae.website
padcrypt,ddaddnnadldmbmnc.com
padcrypt,oabfmbembmdfaklo.online
padcrypt,edbbcbdclmaodfnk.org
padcrypt,afcbaddcemfbcbbo.com
padcrypt,fcfbaabcodmbkbfk.net
padcrypt,dablobclmkdbcflo.cc
padcrypt,cokeoloffkabfekf.eu
padcrypt,flfkdcdanbaamdbl.info
padcrypt,dokalommkbcadccm.co.uk
padcrypt,blaffndflllebcaf.website
padcrypt,ffbcocloaafcdnek.org
padcrypt,dfbdbmecdbcdnnna.eu
padcrypt,akkoaakkbndeacda.eu
padcrypt,bcfkcfdmaocfcaaf.com
padcrypt,fbfbdcondabdacll.online
padcrypt,cefbncbladdflefb.eu
padcrypt,deacdndafnfanolm.de
padcrypt,kcdcmfodakodadfk.info
padcrypt,lddlladaalakcebe.online
padcrypt,bfccfcbfebcdmkmk.com
padcrypt,ockanennadnfncke.online
padcrypt,accnabokfbcfbboe.online
pitou,xoyoabub.net
pitou,foriibab.mobi
pitou,pegizaja.biz
pitou,baolebub.mobi
pitou,riamlaha.us
pitou,huijabya.net
pitou,xeufabib.info
pitou,aywiwaga.org
pitou,irzuobxa.biz
pitou,yueqibma.me
pitou,riifubsa.name
pitou,caweobna.info
pitou,biulubib.mobi
pitou,xoisabob.name
pitou,nasiibib.us
pitou,yueqobwa.mobi
pitou,taazraub.org
pitou,vauxubra.info
proslikefan,zgmthsrq.eu
proslikefan,odhbdtl.biz
proslikefan,vmlucy.se
proslikefan,epkbzbrz.info
proslikefan,gkuorwgm.com
proslikefan,pgyyrqxkfhu.net
proslikefan,xdamnnsjb.org
proslikefan,abtbbfy.ru
proslikefan,trjkriwu.in
proslikefan,zwjixcnq.name
proslikefan,ywlrzo.eu
proslikefan,nrpzldv.biz
proslikefan,uiewhhe.se
proslikefan,icgpphcp.info
proslikefan,fkinrdp.com
proslikefan,ooczdrh.net
proslikefan,blzdjoz.org
proslikefan,zbnhpbkic.ru
proslikefan,sdqtgjqc.in
proslikefan,yeuiwcx.name
proslikefan,xxdzhsmvz.eu
proslikefan,mlcslb.biz
proslikefan,tuaeckjlg.se
proslikefan,hubxjpiiu.info
proslikefan,esyzikgmi.com
proslikefan,sinymkz.net
proslikefan,ajvbelto.org
proslikefan,ybhtydcd.ru
proslikefan,runczf.in
proslikefan,cklvreg.name
proslikefan,wxekhe.eu
proslikefan,lrahsfpo.biz
proslikefan,sateqva.se
proslikefan,gmmsaef.info
proslikefan,dcxwmfu.com
proslikefan,rmlynwh.net
proslikefan,zlrzwioaonl.org
proslikefan,xhvziilea.ru
proslikefan,qanvdrayda.in
proslikefan,bircwmyvi.name
proslikefan,vfahsyus.eu
proslikefan,pnyldn.biz
proslikefan,rcculezt.se
proslikefan,fsrkhjv.info
proslikefan,caxbljkpfed.com
proslikefan,qqlawyng.net
proslikefan,yjzvmwegc.org
proslikefan,bqhaoyvnyzl.ru
proslikefan,pudppr.in
proslikefan,aavvcw.name
proslikefan,upoqiyfdg.eu
proslikefan,opbttfyw.biz
proslikefan,qiffowr.se
proslikefan,eaqpyj.info
proslikefan,bzndvx.com
proslikefan,prupxd.net
proslikefan,xoccqfufn.org
proslikefan,amifkjc.ru
proslikefan,oiwsttx.in
proslikefan,zmhlijydmf.name
proslikefan,tnpngbi.eu
proslikefan,nfgbmnhhpu.biz
proslikefan,pmfakwxd.se
proslikefan,difxrfleth.info
proslikefan,atvnqvama.com
proslikefan,odsabrnlww.net
proslikefan,wgoyamfi.org
proslikefan,zqrqtlsws.ru
proslikefan,nmmjvt.in
proslikefan,yukbgriet.name
proslikefan,xnsdqqyxp.eu
proslikefan,mzjrudcyq.biz
proslikefan,oqdvwbptyi.se
proslikefan,cqaroarbnw.info
proslikefan,zblwrgx.com
proslikefan,nzrlpvg.net
proslikefan,varqun.org
proslikefan,ymnvgukdlm.ru
proslikefan,mquzgvsl.in
proslikefan,xdqpuouz.name
proslikefan,whegslftfr.eu
proslikefan,ldybjsx.biz
proslikefan,njutbxz.se
proslikefan,bylftftb.info
proslikefan,yteqxtew.com
proslikefan,mvdpgm.net
proslikefan,ucjaxdx.org
proslikefan,xsizzuveae.ru
proslikefan,leoclwjf.in
proslikefan,wvgjodjuz.name
proslikefan,vvliabd.eu
proslikefan,krmuabhb.biz
proslikefan,rnahowcxxa.se
proslikefan,agmmnxcll.info
proslikefan,xjqdgbnrvx.com
proslikefan,lhgtngb.net
proslikefan,tsmjntp.org
proslikefan,wcnqkmjutq.ru
proslikefan,kyghpmxh.in
proslikefan,vnwdspsne.name
proslikefan,ogxonef.eu
proslikefan,hmsbjly.biz
proslikefan,kydcwpjcug.se
proslikefan,jmifhmqr.info
proslikefan,ucgblfyja.com
proslikefan,bgnlnokd.net
proslikefan,sftyiwtx.org
proslikefan,uhxjhavq.ru
proslikefan,iltyvdkm.in
proslikefan,pzdqnib.name
proslikefan,svsetviyg.eu
proslikefan,gqanfbbgq.biz
proslikefan,jgqzjsv.se
proslikefan,fzsgyfvm.info
proslikefan,tsyaoaj.com
proslikefan,aazrolo.net
proslikefan,ruixxckqa.org
proslikefan,tzsmozzfw.ru
proslikefan,htbluvh.in
proslikefan,qhypvyhg.name
proslikefan,rsgctzehc.eu
proslikefan,fetnkjhb.biz
proslikefan,iofrtcijbx.se
proslikefan,ghjfibnjc.info
proslikefan,skhtagbk.com
proslikefan,zueyup.net
proslikefan,qidsjakyh.org
proslikefan,srddggoz.ru
proslikefan,gblyowl.in
proslikefan,meinhqm.name
proslikefan,qkdzpiuz.eu
proslikefan,eyyghrvrsd.biz
proslikefan,myuglx.se
proslikefan,hphpxnir.info
proslikefan,rktxvski.com
proslikefan,yawfvyvtb.net
proslikefan,pofcyfu.org
proslikefan,rjqhasdqs.ru
proslikefan,fejboyt.in
proslikefan,nwdpkggqa.name
proslikefan,pclmljjq.eu
proslikefan,iysednsncx.biz
proslikefan,lgdfcxua.se
proslikefan,idwtoon.info
proslikefan,qsxuojldt.com
proslikefan,xccouxyst.net
proslikefan,ogyyfaej.org
proslikefan,qbbkfjqxlkoe.ru
proslikefan,joejzkwi.in
proslikefan,odbibxfb.name
proslikefan,ourrxnd.eu
proslikefan,hwstvmy.biz
proslikefan,kotodmaf.se
proslikefan,jvmqyk.info
proslikefan,pyqiona.com
proslikefan,wsyvpztx.net
proslikefan,nwancodiqzb.org
proslikefan,pytxvtovm.ru
proslikefan,iwjvqtcb.in
proslikefan,plaagi.name
proslikefan,nmqnryv.eu
proslikefan,ggaimmim.biz
proslikefan,jwiynnyer.se
proslikefan,knghlzvpaw.info
proslikefan,owqfpsh.com
proslikefan,akgulxfpju.net
proslikefan,mygfrjz.org
proslikefan,oqzgboogli.ru
proslikefan,heybmo.in
proslikefan,qtrscge.name
proslikefan,msrahprk.eu
proslikefan,fowackut.biz
proslikefan,iefuxxdn.se
proslikefan,lffnsd.info
proslikefan,ngvdlbj.com
proslikefan,zfauhsxz.net
proslikefan,qykptfd.org
proslikefan,nizsgemz.ru
proslikefan,gmdfcmkoe.in
proslikefan,rbrxqiuqq.name
proslikefan,lauvndow.eu
proslikefan,eocfagbpy.biz
proslikefan,hhgivay.se
proslikefan,mcowqtzoy.info
proslikefan,rzlszlpca.com
proslikefan,ypxrxuzj.net
proslikefan,peaeknvdj.org
proslikefan,rympfujdwb.ru
proslikefan,futfvtlb.in
proslikefan,sjndqw.name
proslikefan,kimhpj.eu
proslikefan,dprydh.biz
proslikefan,gpaddano.se
proslikefan,nuckflkvxcr.info
proslikefan,qdrwejhkzi.com
proslikefan,xnrsrig.net
proslikefan,oqbmxgmpc.org
proslikefan,qqtnadrs.ru
proslikefan,ecepkg.in
proslikefan,trveur.name
proslikefan,hhllzulieg.eu
proslikefan,cxmzzjtm.biz
proslikefan,qggwlf.se
proslikefan,qultae.info
proslikefan,pkxzcqzx.com
proslikefan,bzpdalco.net
proslikefan,tvhipucd.org
proslikefan,ljeeykkt.ru
proslikefan,xegawjv.in
proslikefan,wkfzpb.name
proslikefan,injpfqmdg.eu
proslikefan,bfcjqgljo.biz
proslikefan,rmtscftqfwp.se
proslikefan,pakpmztwb.info
proslikefan,ochoavob.com
proslikefan,aratmezunn.net
proslikefan,snczjdkp.org
proslikefan,mtmhybo.ru
proslikefan,tszvysiir.in
proslikefan,vsmcuggbw.name
proslikefan,jpnmvpfq.eu
proslikefan,anezaw.biz
proslikefan,siejwu.se
proslikefan,ocdzghhp.info
proslikefan,nzvbguj.com
proslikefan,zklweoogxv.net
proslikefan,rkwzeuh.org
proslikefan,nbbeykwvcb.ru
proslikefan,ucbbzrb.in
proslikefan,uyqsfwtrjxl.name
proslikefan,kfbiktr.eu
proslikefan,etjodxuvzd.biz
proslikefan,tubrspkr.se
proslikefan,nsgvcsmrn.info
proslikefan,mrqzyder.com
proslikefan,ycbvojap.net
proslikefan,qchhpvlem.org
proslikefan,obepcze.ru
proslikefan,vahzhaypvv.in
proslikefan,twhmanakl.name
proslikefan,lzzkhso.eu
proslikefan,dbvxqok.biz
proslikefan,uaefbtw.se
proslikefan,mkomhodxlqg.info
proslikefan,ljsakz.com
proslikefan,xuwflbqi.net
proslikefan,pufuduw.org
proslikefan,ptzkwve.ru
proslikefan,wzfstanrn.in
proslikefan,sgaxndkyz.name
proslikefan,mypodioyh.eu
proslikefan,cjmdaxpb.biz
proslikefan,vcvgmasu.se
proslikefan,lqkxixm.info
proslikefan,kvlpdoj.com
proslikefan,botsmn.net
proslikefan,okzgwhmqy.org
proslikefan,lteeqoi.ru
proslikefan,xtwiah.in
proslikefan,rnlefbs.name
proslikefan,nwacoewkkj.eu
proslikefan,brsemhr.biz
proslikefan,wsesvm.se
proslikefan,keuckyb.info
proslikefan,jdssmxv.com
proslikefan,agoqqnhp.net
proslikefan,scenscl.org
proslikefan,mesyezya.ru
proslikefan,yjdeceqm.in
proslikefan,qpvubrykou.name
proslikefan,ogyrtiabvw.eu
proslikefan,azymxefoj.biz
proslikefan,xmhrsrteyvr.se
proslikefan,jyaedfh.info
proslikefan,njnwnrf.com
proslikefan,zufmsb.net
proslikefan,ruebylti.org
proslikefan,nqaxsh.ru
proslikefan,zlvvkbo.in
proslikefan,pfdxewbul.name
proslikefan,kufhdsu.eu
proslikefan,zlxgrvwj.biz
proslikefan,yqzqrem.se
proslikefan,iwsfpgcel.info
proslikefan,mbsdqce.com
proslikefan,ymgkpiumb.net
proslikefan,qmmdpybyq.org
proslikefan,omymqp.ru
proslikefan,ajrtbh.in
proslikefan,ozxljgrhki.name
proslikefan,lovlyzqkh.eu
proslikefan,ytqkqgmotn.biz
proslikefan,zekxiyxbx.se
proslikefan,hbbiemvoj.info
proslikefan,ltxlpyw.com
proslikefan,xehpfbqt.net
proslikefan,pendxirt.org
proslikefan,pipzjqh.ru
proslikefan,blmgvag.in
proslikefan,sxcsism.name
proslikefan,afttxavc.eu
proslikefan,cnegqy.biz
proslikefan,jfbrrnswy.se
proslikefan,euhoubv.info
proslikefan,qcrwwwuy.com
proslikefan,xmtyrwhi.net
proslikefan,lplqqsf.org
proslikefan,exbvsq.ru
proslikefan,gtpfknem.in
proslikefan,teqvkjmo.name
proslikefan,zxannr.eu
proslikefan,dftpeyv.biz
proslikefan,ippmbjpcer.se
proslikefan,drslzikf.info
proslikefan,rqxtxw.com
proslikefan,ultoideszm.net
proslikefan,mnmqdqwi.org
proslikefan,dxjbqbkn.ru
proslikefan,fnwpex.in
proslikefan,smofgec.name
proslikefan,yflxtibq.eu
proslikefan,exqdsyy.biz
proslikefan,hiyhbyux.se
proslikefan,cjbpol.info
proslikefan,silmfcfh.com
proslikefan,vriesgb.net
proslikefan,nhlznrxfdu.org
proslikefan,cfgdrfga.ru
proslikefan,eppdoszzsb.in
proslikefan,rudreebrwc.name
proslikefan,xlnyspbc.eu
proslikefan,bifalqzyp.biz
proslikefan,gmxdnzh.se
proslikefan,bbrftlk.info
proslikefan,talnuybgg.com
proslikefan,wxdpww.net
proslikefan,ovpyjyst.org
proslikefan,bpimryl.ru
proslikefan,ikxfxgtz.in
proslikefan,qcanff.name
proslikefan,wjvlrhm.eu
proslikefan,cazrcwo.biz
proslikefan,kmzknwtbn.se
proslikefan,atkzqyfb.info
proslikefan,usbavrg.com
proslikefan,xxqafb.net
proslikefan,pztnpgp.org
proslikefan,anhxuqh.ru
proslikefan,hszycyaw.in
proslikefan,pkmojez.name
proslikefan,vtjjxbg.eu
proslikefan,dsuvqvu.biz
proslikefan,jqhhlh.se
proslikefan,zhunihazo.info
proslikefan,vklkrwbkf.com
proslikefan,yfjqcya.net
proslikefan,qtndsolaus.org
proslikefan,zuyipygi.ru
proslikefan,gcpvjobro.in
proslikefan,osapddlux.name
proslikefan,yofkqa.eu
proslikefan,ekjsle.biz
proslikefan,ietsnegwih.se
proslikefan,dbfwlvcq.info
proslikefan,wcccfzpm.com
proslikefan,zpecvgr.net
proslikefan,rjustu.org
proslikefan,yisvqcch.ru
proslikefan,fbdocmuwg.in
proslikefan,nwofludx.name
proslikefan,xulejtf.eu
proslikefan,fccgggrij.biz
proslikefan,hyqdglc.se
proslikefan,ctrjasc.info
proslikefan,xulppjz.com
proslikefan,aatsjqbbs.net
proslikefan,sqzymidbm.org
proslikefan,xolgyqup.ru
proslikefan,ebowddps.in
proslikefan,rgfswunx.name
proslikefan,wacahjxi.eu
proslikefan,gydzdcw.biz
proslikefan,gwsovjif.se
proslikefan,bliebdtel.info
proslikefan,yrqguwdtqc.com
proslikefan,buwvfxy.net
proslikefan,tmdhvckyqay.org
proslikefan,wgswcc.ru
proslikefan,dtwmmo.in
proslikefan,qogovr.name
proslikefan,vcqvjjf.eu
proslikefan,hgkmbhhsv.biz
proslikefan,fqlmoq.se
proslikefan,adrgpccp.info
proslikefan,uhiivnupke.com
proslikefan,civxgjc.net
proslikefan,uiyiovtia.org
proslikefan,zfvumomrx.ru
proslikefan,cjsnvqxe.in
proslikefan,pwguhmyhfn.name
pushdo,kirilhilv.kz
pushdo,kugpakugfeil.kz
pushdo,luxheoheacan.kz
pushdo,filbilfilvux.kz
pushdo,wixoksujupd.kz
pushdo,fokomonir.kz
pushdo,sozbeoqealea.kz
pushdo,heixeitite.kz
pushdo,micxirpilq.kz
pushdo,biltafwihapa.kz
pushdo,sandilfilj.kz
pushdo,hufolokculu.kz
pushdo,qaneateah.kz
pushdo,gapipuheo.kz
pushdo,jeapideamo.kz
pushdo,cociduvaw.kz
pushdo,neaqeafuxta.kz
pushdo,dobopuvatce.kz
pushdo,jupulibofog.kz
pushdo,saxujanhatb.kz
pushdo,buxgoheomu.kz
pushdo,neosoweasa.kz
pushdo,gicripozteho.kz
pushdo,datxanuglozd.kz
pushdo,xidosupmoqc.kz
pushdo,fotirbilt.kz
pushdo,taxokretimi.kz
pushdo,ceidotaki.kz
pushdo,juprokkeisic.kz
pushdo,wideonokx.kz
pushdo,beoceiqea.kz
pushdo,hovatgaxu.kz
pushdo,supvuleacu.kz
pushdo,xoqduglacule.kz
pushdo,rucirkajo.kz
pushdo,xubilveaqei.kz
pushdo,cicratceigot.kz
pushdo,cadoroheasu.kz
pushdo,seimicmeoj.kz
pushdo,reopivuhok.kz
pushdo,cafwuwefanti.kz
pushdo,ceihodafn.kz
pushdo,geilacafx.kz
pushdo,tuppatnonoce.kz
pushdo,rilfutupcuva.kz
pushdo,biwozmupv.kz
pushdo,qicdofozxa.kz
pushdo,caficdubeig.kz
pushdo,hugijichoki.kz
pushdo,goqgeiqobo.kz
pushdo,qaqafhatx.kz
pushdo,lujuxfeir.kz
pushdo,ceoxoqcilea.kz
pushdo,hofumubokdo.kz
pushdo,xeisoqupqei.kz
pushdo,wideowini.kz
pushdo,moqnuxuluwei.kz
pushdo,tirjomareobo.kz
pushdo,xaflozdeam.kz
pushdo,jupluxhatxik.kz
pushdo,mafqojiwib.kz
pushdo,sankodixib.kz
pushdo,kutupdokxoq.kz
pushdo,datgafvinura.kz
pushdo,conosozqe.kz
pushdo,vilteacurago.kz
pushdo,hadohuggafa.kz
pushdo,cumeahilqic.kz
pushdo,panirtugt.kz
pushdo,fucanqafril.kz
pushdo,cigakaffe.kz
pushdo,juxgupholu.kz
pushdo,numeobugi.kz
pushdo,keonuhujoz.kz
pushdo,jaboznucu.kz
pushdo,picbilveigah.kz
pushdo,deagafsup.kz
pushdo,weahatwaciko.kz
pushdo,heajeigok.kz
pushdo,pewicboqoqq.kz
pushdo,picdatoqrirr.kz
pushdo,nadearirj.kz
pushdo,xeimiqirteo.kz
pushdo,likeavije.kz
pushdo,juxdoreobe.kz
pushdo,toqgarivalat.kz
pushdo,gadafpiljei.kz
pushdo,supjopohin.kz
pushdo,teokeogikuwa.kz
pushdo,nirvearatp.kz
pushdo,hafilrugkok.kz
pushdo,xijuxfifoge.kz
pushdo,qeiweaqibok.kz
pushdo,jicmonafxi.kz
pushdo,weihoveibe.kz
pushdo,hugmeaveig.kz
pushdo,docirxokl.kz
pushdo,feiwealasjic.kz
pushdo,qatogeato.kz
pushdo,qeojadeon.kz
pushdo,tadinugjuxd.kz
pushdo,kugvuxnotefe.kz
pushdo,cuqeavilo.kz
pushdo,moqjeopeagax.kz
pushdo,seosakikirl.kz
pushdo,qujirafei.kz
pushdo,xokwicrokc.kz
pushdo,xirnilozbaho.kz
pushdo,joznealozp.kz
pushdo,qojavoktugd.kz
pushdo,noxujuptewo.kz
pushdo,hivuwoqga.kz
pushdo,qakimipot.kz
pushdo,foluxmoqwow.kz
pushdo,wesolujupfa.kz
pushdo,seitisozgi.kz
pushdo,dosupveagei.kz
pushdo,nogavokfada.kz
pushdo,rirwohavat.kz
pushdo,xirratcoqhoj.kz
pushdo,tirxirsoraqi.kz
pushdo,jixeokeah.kz
pushdo,nireoneirux.kz
pushdo,divalovir.kz
pushdo,lagicvokd.kz
pushdo,bokneabokdir.kz
pushdo,qirkiheoleac.kz
pushdo,qolilvatjod.kz
pushdo,vagareoqeod.kz
pushdo,buxqirgirx.kz
pushdo,mujeolule.kz
pushdo,vatravokjo.kz
pushdo,veomiclokw.kz
pushdo,nokpetepanmu.kz
pushdo,varirgoqloz.kz
pushdo,pulokmozx.kz
pushdo,gaftahapiqic.kz
pushdo,supdedukuh.kz
pushdo,neoximanqu.kz
pushdo,paneoxeid.kz
pushdo,qiroktugxas.kz
pushdo,qisavajimiq.kz
pushdo,seoximuceon.kz
pushdo,keibilcei.kz
pushdo,fearineijov.kz
pushdo,rofusarus.kz
pushdo,jaqeineagig.kz
pushdo,luxirsichux.kz
pushdo,dolasteox.kz
pushdo,vilveikoqkok.kz
pushdo,moqficjuxxak.kz
pushdo,muppicxoqtoj.kz
pushdo,kikimanwilu.kz
pushdo,xokkafjodi.kz
pushdo,gidiltoqg.kz
pushdo,canmicpato.kz
pushdo,rofokafdube.kz
pushdo,sacirdeoj.kz
pushdo,hoknuvuxtu.kz
pushdo,xucagujan.kz
pushdo,kugqeociccic.kz
pushdo,homanqojeim.kz
pushdo,jeakaflilc.kz
pushdo,cicmoqqirmea.kz
pushdo,qadeluxqo.kz
pushdo,dugqaqufoz.kz
pushdo,tucawupfu.kz
pushdo,tirsoxumafri.kz
pushdo,pozqoqeodirq.kz
pushdo,beojofamo.kz
pushdo,mukuqoqwanj.kz
pushdo,pozjeadafsoz.kz
pushdo,mozkirsicv.kz
pushdo,bufotukumom.kz
pushdo,xumeokoqdoc.kz
pushdo,feanavatkuk.kz
pushdo,hihilkaho.kz
pushdo,qoqwaceacivi.kz
pushdo,xuceijanf.kz
pushdo,rirtowoznu.kz
pushdo,puxlimomupwo.kz
pushdo,kutiruxjupn.kz
pushdo,weixuwaqih.kz
pushdo,gojeigeaf.kz
pushdo,koksovokvida.kz
pushdo,heonuweaxoce.kz
pushdo,rovilficfup.kz
pushdo,jeosicmeo.kz
pushdo,jandeosanlat.kz
pushdo,beorobubi.kz
pushdo,fanmopesaroj.kz
pushdo,jeohirilm.kz
pushdo,fansicvimori.kz
pushdo,duduneodafq.kz
pushdo,mozlupuxfe.kz
pushdo,pagukeitu.kz
pushdo,fillubeogeak.kz
pushdo,batpijanta.kz
pushdo,supvilgugh.kz
pushdo,feofanjoz.kz
pushdo,teogiceoweab.kz
pushdo,moqqafgaqofe.kz
pushdo,kughubokfanw.kz
pushdo,wupmuphosa.kz
pushdo,feifupnafdak.kz
pushdo,fidatveop.kz
pushdo,pozcatelatfe.kz
pushdo,dilkapicke.kz
pushdo,xeigoheoxei.kz
pushdo,deacirnid.kz
pushdo,heawanfan.kz
pushdo,fupwivatfoqo.kz
pushdo,cupmicmafv.kz
pushdo,howejanat.kz
pushdo,kugkoqkokqei.kz
pushdo,qukupande.kz
pushdo,coqlokmanf.kz
pushdo,xaneoleiteo.kz
pushdo,rirjibokmo.kz
pushdo,sohixilud.kz
pushdo,litoxawanje.kz
pushdo,rokjuxceobok.kz
pushdo,bilneidugpoz.kz
pushdo,filmibansuxv.kz
pushdo,lasvathiseic.kz
pushdo,befozfeimaf.kz
pushdo,fuheowoqjoz.kz
pushdo,lashanituseo.kz
pushdo,wiqeigoqbud.kz
pushdo,qeocirfoz.kz
pushdo,xalathuxbem.kz
pushdo,qeogatame.kz
pushdo,vatvituvea.kz
pushdo,deagoqvid.kz
pushdo,hokpakeaco.kz
pushdo,guptuveapi.kz
pushdo,michokkokm.kz
pushdo,weageadodeoj.kz
pushdo,kaffuxkitugg.kz
pushdo,mozgupfozp.kz
pushdo,michaficqe.kz
pushdo,nukoqlilats.kz
pushdo,kiteorokd.kz
pushdo,toxeoposi.kz
pushdo,tofeineiw.kz
pushdo,beheodekeaq.kz
pushdo,dicoqmapu.kz
pushdo,juxbatxeid.kz
pushdo,xusowannirb.kz
pushdo,penitircoqr.kz
pushdo,buxgulalib.kz
pushdo,fozhixokca.kz
pushdo,supdobozwu.kz
pushdo,beivealatgag.kz
pushdo,lafozqide.kz
pushdo,jeaxugleim.kz
pushdo,noqokeiqafl.kz
pushdo,mokilakabut.kz
pushdo,ficbogoqcu.kz
pushdo,qoceaqoqcea.kz
pushdo,hocufilsozx.kz
pushdo,meopilxax.kz
pushdo,gidirjeic.kz
pushdo,qupdugmufupe.kz
pushdo,pozkacirfeon.kz
pushdo,fuguruxjeov.kz
pushdo,vupathilf.kz
pushdo,sowiciqir.kz
pushdo,sahobozpi.kz
pushdo,haqupbeis.kz
pushdo,hasareoda.kz
pushdo,bufildirtol.kz
pushdo,qupwihiltafk.kz
pushdo,moqbaveopatn.kz
pushdo,feaqaroktop.kz
pushdo,quxeiquxu.kz
pushdo,fanjozpidane.kz
pushdo,juxmafdugc.kz
pushdo,peadirlok.kz
pushdo,qukeiluxv.kz
pushdo,suxqirjuloki.kz
pushdo,nokcojotirfa.kz
pushdo,seonokbeida.kz
pushdo,luxhugteopil.kz
pushdo,leigugrora.kz
pushdo,ruwuheare.kz
pushdo,wozneogoleaj.kz
pushdo,gicvakiheabo.kz
pushdo,hosatoder.kz
pushdo,vajiteafill.kz
pushdo,xuporolux.kz
pushdo,woqceirokh.kz
pushdo,kirgupqeiq.kz
pushdo,tafilwupf.kz
pushdo,tecanbuxqut.kz
pushdo,buxokwicx.kz
pushdo,lealasdaf.kz
pushdo,luxsupsuxwup.kz
pushdo,weafodokgove.kz
pushdo,fupwisanpuxs.kz
pushdo,tafwedutup.kz
pushdo,nutanuqir.kz
pushdo,geibagirs.kz
pushdo,moqfoponeaci.kz
pushdo,muneavilc.kz
pushdo,ceaburiseowi.kz
pushdo,mozrubuxli.kz
pushdo,gobukafmomo.kz
pushdo,neadeokugho.kz
pushdo,hojuxlath.kz
pushdo,kugheavilhat.kz
pushdo,joqeodowoma.kz
pushdo,canvokreof.kz
pushdo,xeicusagicq.kz
pushdo,kirquqoqxu.kz
pushdo,suxmafgirnea.kz
pushdo,hatpameosofo.kz
pushdo,duglokleip.kz
pushdo,tuxolapat.kz
pushdo,qugafozbo.kz
pushdo,vatpeanide.kz
pushdo,vijuxlatq.kz
pushdo,neawoqhugpu.kz
pushdo,luwinokqo.kz
pushdo,juppilxirtug.kz
pushdo,rilrugjeakil.kz
pushdo,voktawicbifi.kz
pushdo,xivamicmo.kz
pushdo,dafneolozl.kz
pushdo,moheasokasu.kz
pushdo,foleiromo.kz
pushdo,woqtekeihe.kz
pushdo,diteotula.kz
pushdo,pozgaqidesux.kz
pushdo,ceihocasi.kz
pushdo,quwicuple.kz
pushdo,xudiwupguve.kz
pushdo,jearugcanc.kz
pushdo,haqapuxte.kz
pushdo,vatdatgave.kz
pushdo,pubuxdiki.kz
pushdo,hifogokei.kz
pushdo,qicmupbeje.kz
pushdo,qoleipanp.kz
pushdo,dokhokfanj.kz
pushdo,wiwupwequqi.kz
pushdo,fupgeabatbux.kz
pushdo,dilgolozko.kz
pushdo,rijantuvokd.kz
pushdo,buxkuheawi.kz
pushdo,sichilvaveik.kz
pushdo,tupemupei.kz
pushdo,qoqqeitikiqi.kz
pushdo,batqeiqohu.kz
pushdo,veidobeikobu.kz
pushdo,wigajeiki.kz
pushdo,vilmanpuxwas.kz
pushdo,qircagupfuxh.kz
pushdo,weiqokeica.kz
pushdo,cupxudosoz.kz
pushdo,wupwupnufo.kz
pushdo,vapozmicxow.kz
pushdo,woztaguvonaf.kz
pushdo,ruxveapive.kz
pushdo,sicluxroxuvu.kz
pushdo,lixilubatmo.kz
pushdo,mataflein.kz
pushdo,dokmeajudo.kz
pushdo,fatudokkirq.kz
pushdo,mupkeaqeadaf.kz
pushdo,ratasajup.kz
pushdo,vacafroguxe.kz
pushdo,mafseituja.kz
pushdo,xisoheomu.kz
pushdo,teadebonat.kz
pushdo,qonugkumeot.kz
pushdo,rowuprixu.kz
pushdo,nafnoviljine.kz
pushdo,kihokwupn.kz
pushdo,vuxweivatm.kz
pushdo,sosugibozbe.kz
pushdo,luxbibilikij.kz
pushdo,geipugotu.kz
pushdo,taxeotatuha.kz
pushdo,toseiveix.kz
pushdo,ceasicpovipi.kz
pushdo,vipeivodo.kz
pushdo,vokqupcadime.kz
pushdo,naxeoxafg.kz
pushdo,leinatcanv.kz
pushdo,seibeonokg.kz
pushdo,keiwanirt.kz
pushdo,mafluxbuqu.kz
pushdo,janpatatugva.kz
pushdo,sifodugkafh.kz
pushdo,sannupowoq.kz
pushdo,xokmuxeiha.kz
pushdo,veigofoxirco.kz
pushdo,ceasanpiwixi.kz
pushdo,cicqeoqicune.kz
pushdo,cofeapoju.kz
pushdo,pilpozqear.kz
pushdo,heapeipic.kz
pushdo,janlozveibeo.kz
pushdo,gafpanqeicuc.kz
pushdo,kafxanuheore.kz
pushdo,hokhinufin.kz
pushdo,rileasicliv.kz
pushdo,korildafmuf.kz
pushdo,deanirvot.kz
pushdo,seowaqofupv.kz
pushdo,vogotokib.kz
pushdo,xafjuptepa.kz
pushdo,keitodope.kz
pushdo,wabeveipuxm.kz
pushdo,ceifupilw.kz
pushdo,kinorugvilg.kz
pushdo,xoqbiheahuxu.kz
pushdo,peapuxfux.kz
pushdo,dirxeiqafjea.kz
pushdo,heobujibanke.kz
pushdo,rohufodeo.kz
pushdo,janweaseogip.kz
pushdo,kubebuheaha.kz
pushdo,koxugweanud.kz
pushdo,nirgoqbanj.kz
pushdo,valokmeakeo.kz
pushdo,feiwujicfozg.kz
pushdo,beosicgat.kz
pushdo,teaqufocod.kz
pushdo,xupeadaro.kz
pushdo,moqmiclasgir.kz
pushdo,gotupgeiv.kz
pushdo,codeapats.kz
pushdo,xogafwoqb.kz
pushdo,muvilrugs.kz
pushdo,cawoqheilag.kz
pushdo,kasagafwoto.kz
pushdo,mopicmangug.kz
pushdo,featircupba.kz
pushdo,gavokgileig.kz
pushdo,fapeifodirl.kz
pushdo,savamufanxu.kz
pushdo,rafapearo.kz
pushdo,filbofosuwoq.kz
pushdo,fozgoqnugn.kz
pushdo,leaheolas.kz
pushdo,qictavuxli.kz
pushdo,leimafvura.kz
pushdo,binugfeat.kz
pushdo,dijadutaf.kz
pushdo,gimogupna.kz
pushdo,pilfoputaf.kz
pushdo,jeadeobeof.kz
pushdo,deanakaka.kz
pushdo,juxeijeicun.kz
pushdo,wehuxpicrok.kz
pushdo,gugvidokneot.kz
pushdo,tebudatneaj.kz
pushdo,resojosokei.kz
pushdo,sacanihiheo.kz
pushdo,beoroklus.kz
pushdo,requpgapatc.kz
pushdo,tasicgafo.kz
pushdo,xugvaqeaca.kz
pushdo,juprupawanqi.kz
pushdo,supcirleax.kz
pushdo,maffangugh.kz
pushdo,jaqupqafmup.kz
pushdo,sozlasrowoga.kz
pushdo,culokdugruw.kz
pushdo,lokheikuqu.kz
pushdo,coqeabemi.kz
pushdo,bokfanirnuha.kz
pushdo,dirbokjifovo.kz
pushdo,ropilgiseos.kz
pushdo,fatiheicafk.kz
pushdo,viqeohilf.kz
pushdo,gonofeiceab.kz
pushdo,satupbohuxh.kz
pushdo,vatsupjozx.kz
pushdo,xeilikafeot.kz
pushdo,toqcirgowich.kz
pushdo,jawitugci.kz
pushdo,suseirugs.kz
pushdo,sanpicfuph.kz
pushdo,budugfuke.kz
pushdo,huxirvihiwu.kz
pushdo,moqbeificvad.kz
pushdo,ceocotagoli.kz
pushdo,lonotekirko.kz
pushdo,datlageapuxs.kz
pushdo,sibubudesot.kz
pushdo,ruxraxeoxe.kz
pushdo,neosanvuqa.kz
pushdo,gukaleaveor.kz
pushdo,kuhikumaxug.kz
pushdo,xacutoqsilu.kz
pushdo,lileitere.kz
pushdo,sowicpuxvat.kz
pushdo,tafvatsuxl.kz
pushdo,riboknafxoq.kz
pushdo,halogupbe.kz
pushdo,qobeibeop.kz
pushdo,xirteqeibanw.kz
pushdo,goqgeiculo.kz
pushdo,hopilfanmaf.kz
pushdo,peitefuxpa.kz
pushdo,nughuhilmaft.kz
pushdo,vilwicneadug.kz
pushdo,pilbokeaso.kz
pushdo,juphuxguptir.kz
pushdo,jupqokowoqfo.kz
pushdo,ceodijiroqa.kz
pushdo,nabatfeiv.kz
pushdo,heabankir.kz
pushdo,wanreolilm.kz
pushdo,jozceawopa.kz
pushdo,janwitewozqe.kz
pushdo,fuxhuwelup.kz
pushdo,kirkosicir.kz
pushdo,nujadafli.kz
pushdo,huxjancomeag.kz
pushdo,xuvanucuhot.kz
pushdo,ficdokhugr.kz
pushdo,hopusicheiq.kz
pushdo,soznuquneigo.kz
pushdo,beifeoqoqmea.kz
pushdo,ratxoqtane.kz
pushdo,qeoleikip.kz
pushdo,jeoveadeo.kz
pushdo,gicrilmusite.kz
pushdo,hiljovugic.kz
pushdo,konoficfupd.kz
pushdo,qilixirruxm.kz
pushdo,bodeabume.kz
pushdo,saceohatq.kz
pushdo,dudeajankun.kz
pushdo,ceiveitea.kz
pushdo,voreojuxv.kz
pushdo,feogahokj.kz
pushdo,gabathugeip.kz
pushdo,sozgaqicnafx.kz
pushdo,wuptipaxei.kz
pushdo,xirsanbiteat.kz
pushdo,hagiseoqowe.kz
pushdo,ragogupko.kz
pushdo,jeopuxpib.kz
pushdo,cafmovideava.kz
pushdo,koqneamafk.kz
pushdo,hokveihanu.kz
pushdo,reoqoxupex.kz
pushdo,wotugratf.kz
pushdo,heavavokg.kz
pushdo,kirkokavux.kz
pushdo,dirvawimichu.kz
pushdo,fuxheanafk.kz
pushdo,seopilratxe.kz
pushdo,filgafneicup.kz
pushdo,nugfeoriheim.kz
pushdo,vadarefei.kz
pushdo,quheaqaka.kz
pushdo,gicveakabuxu.kz
pushdo,batjalilpi.kz
pushdo,raxilupos.kz
pushdo,wobeobero.kz
pushdo,qeabugoxei.kz
pushdo,xacuqeajofu.kz
pushdo,rokwozcuceid.kz
pushdo,xufupbatfof.kz
pushdo,bilduceowupp.kz
pushdo,gakokmupq.kz
pushdo,nokrugtaruxb.kz
pushdo,muceaweit.kz
pushdo,vilvafuxpike.kz
pushdo,dukahojeolo.kz
pushdo,moweimafvea.kz
pushdo,ciboneido.kz
pushdo,hanuqomea.kz
pushdo,rowuphatrut.kz
pushdo,vokbangokoql.kz
pushdo,gototoqteah.kz
pushdo,qeajuleaki.kz
pushdo,deobolisudik.kz
pushdo,loteabanlil.kz
pushdo,meoteateq.kz
pushdo,nusicheawog.kz
pushdo,dekivatqicr.kz
pushdo,xijixupig.kz
pushdo,supewixeo.kz
pushdo,jafanxiqe.kz
pushdo,natsokalil.kz
pushdo,banwafilpuxx.kz
pushdo,kanuhiwicqi.kz
pushdo,foweifuxh.kz
pushdo,jozqeiqafg.kz
pushdo,winumuqim.kz
pushdo,feotobuwi.kz
pushdo,hidatmaft.kz
pushdo,qicsadivaj.kz
pushdo,bubuxkeip.kz
pushdo,meomupjom.kz
pushdo,fuciccijovi.kz
pushdo,darirabeori.kz
pushdo,lasdatkokdat.kz
pushdo,ceajavijuptu.kz
pushdo,tebuxfilsig.kz
pushdo,jeimaqogunup.kz
pushdo,teovilqafdaf.kz
pushdo,saxeimicwel.kz
pushdo,wiculivuvei.kz
pushdo,nirsofupku.kz
pushdo,fozrokkoca.kz
pushdo,vicanovuxju.kz
pushdo,mogirnugkea.kz
pushdo,viljabubeimo.kz
pushdo,qoqmolatlilc.kz
pushdo,kiveoleagug.kz
pushdo,deaheatoq.kz
pushdo,dineolono.kz
pushdo,seivaxubat.kz
pushdo,feogilido.kz
pushdo,rokhigicgirg.kz
pushdo,beilopicqeaw.kz
pushdo,keomeawimu.kz
pushdo,hovuxcufeat.kz
pushdo,sichixafkeit.kz
pushdo,kugpanjeoqup.kz
pushdo,vokcupfakeow.kz
pushdo,fanxeoqoqado.kz
pushdo,fupkirwaleaj.kz
pushdo,lijapuril.kz
pushdo,puxseoxojics.kz
pushdo,koceifearul.kz
pushdo,seivicujeo.kz
pushdo,tivodicupfa.kz
pushdo,gicceoxirgud.kz
pushdo,dilwukugra.kz
pushdo,latpozsozgei.kz
pushdo,peaceikus.kz
pushdo,jubudafwanw.kz
pushdo,fozcuxafpi.kz
pushdo,dabukuboklu.kz
pushdo,kopojicsuxf.kz
pushdo,teasojeomi.kz
pushdo,coqlaswewi.kz
pushdo,diljojozre.kz
pushdo,xuxeinokwoz.kz
pushdo,tirfilgugwek.kz
pushdo,qaqicjeap.kz
pushdo,kafgaxugxupu.kz
pushdo,luveahodeah.kz
pushdo,natdeabanx.kz
pushdo,jaloxirciqi.kz
pushdo,cubarijud.kz
pushdo,vatwilozde.kz
pushdo,meoluxtoq.kz
pushdo,kukugicxalu.kz
pushdo,sozsosonugxo.kz
pushdo,guqiqutoqmu.kz
pushdo,jupgicvapatp.kz
pushdo,fucugusulil.kz
pushdo,beosicwoq.kz
pushdo,taxafozhu.kz
pushdo,lasqicreboqi.kz
pushdo,rokwozmujida.kz
pushdo,foliquxokke.kz
pushdo,sugifupso.kz
pushdo,tupnirseodid.kz
pushdo,kafqiccoperu.kz
pushdo,buvateban.kz
pushdo,mujeaqeow.kz
pushdo,rudatnirj.kz
pushdo,bokjeoxunafd.kz
pushdo,koneaheovux.kz
pushdo,rehimearatn.kz
pushdo,hatusozkeiq.kz
pushdo,deajeodiq.kz
pushdo,xoqxuvicuxok.kz
pushdo,nokugsuxbil.kz
pushdo,nibeiqirrok.kz
pushdo,gipilqeaj.kz
pushdo,dopevogeiwu.kz
pushdo,jeanokruqi.kz
pushdo,rugaceara.kz
pushdo,ceaqeasahice.kz
pushdo,kirsicheal.kz
pushdo,vatceolatl.kz
pushdo,viqusupnein.kz
pushdo,hihatriji.kz
pushdo,vuquwicle.kz
pushdo,biruggeij.kz
pushdo,taxucicheax.kz
pushdo,hoposeojaga.kz
pushdo,xuxisileivo.kz
pushdo,gilatnowi.kz
pushdo,ralilqoha.kz
pushdo,tuvoqurel.kz
pushdo,taruxjilu.kz
pushdo,qupkeogeaxuh.kz
pushdo,cojakoqsa.kz
pushdo,juxxokpilq.kz
pushdo,hokguhufea.kz
pushdo,hilgoxugla.kz
pushdo,bureonixita.kz
pushdo,qicxuvubok.kz
pushdo,neakirrilgu.kz
pushdo,seotaveinok.kz
pushdo,keagikeohuxk.kz
pushdo,qoqkeiqeaseo.kz
pushdo,xibathaji.kz
pushdo,mozhoklozb.kz
pushdo,hugmicceah.kz
pushdo,japicbowi.kz
pushdo,leabanvil.kz
pushdo,neoseoteop.kz
pushdo,kaftupheisag.kz
pushdo,natviluxqe.kz
pushdo,weigogolux.kz
pushdo,weniceiruba.kz
pushdo,vibokcupw.kz
pushdo,jipuxjeog.kz
pushdo,porokkidise.kz
pushdo,rataheafu.kz
pushdo,golurirbozn.kz
pushdo,mugugusap.kz
pushdo,sanratpilt.kz
pushdo,ceihilhot.kz
pushdo,bojuxvatk.kz
pushdo,heafeineo.kz
pushdo,kafjojupnafk.kz
pushdo,wotuglatq.kz
pushdo,ratneijare.kz
pushdo,xurilhoka.kz
pushdo,nafxeipodomi.kz
pushdo,geabilwupsip.kz
pushdo,luxmifoganok.kz
pushdo,luxlatwamoki.kz
pushdo,moqkirbeifux.kz
pushdo,hiljabilea.kz
pushdo,qobamupba.kz
pushdo,koqluhuceo.kz
pushdo,gupberobei.kz
pushdo,deviqafheav.kz
pushdo,pafeofant.kz
pushdo,tupdeapozmoz.kz
pushdo,nukughuxt.kz
pushdo,vuliravac.kz
pushdo,vilviradeoca.kz
pushdo,teojolokircu.kz
pushdo,toqdirarirqu.kz
pushdo,bokseofeokiv.kz
pushdo,jeivatjijiga.kz
pushdo,hogupxari.kz
pushdo,muvomicvobo.kz
pushdo,babuxgoqgei.kz
pushdo,sapiljigoql.kz
pushdo,peacirlok.kz
pushdo,vukokhaje.kz
pushdo,gocojeice.kz
pushdo,goqqisataf.kz
pushdo,koqxoqxeox.kz
pushdo,lozwoqholufo.kz
pushdo,reoceasusu.kz
pushdo,ruxjujeoge.kz
pushdo,meogoqwam.kz
pushdo,tugbilbuxn.kz
pushdo,joztaffilm.kz
pushdo,quneahama.kz
pushdo,lokleinugs.kz
pushdo,dugkeirokc.kz
pushdo,duwitafupbi.kz
pushdo,meosuxcup.kz
pushdo,hokgamozpa.kz
pushdo,puxxikixovog.kz
pushdo,wokugkeak.kz
pushdo,liltoqbusi.kz
pushdo,rugkeapudafm.kz
pushdo,kiwupbudirs.kz
pushdo,bilxokluqeal.kz
pushdo,heagirwan.kz
pushdo,fusowililwi.kz
pushdo,vagivucim.kz
pushdo,toqcugeafozg.kz
pushdo,musacihad.kz
pushdo,jaweiceas.kz
pushdo,veocupluji.kz
pushdo,runadilbo.kz
pushdo,batkomealu.kz
pushdo,pilxoqmuxo.kz
pushdo,wozkeibuxgir.kz
pushdo,jeoceitaf.kz
pushdo,ceoratrilsu.kz
pushdo,sanvilsicc.kz
pushdo,hoksovavat.kz
pushdo,rusuxwodo.kz
pushdo,vilxaflirokt.kz
pushdo,jicluxnear.kz
pushdo,mupcugutugpu.kz
pushdo,tirqupreqaha.kz
pushdo,neafisozpux.kz
pushdo,pehahonirhe.kz
pushdo,ceiriljuk.kz
pushdo,panlatbixo.kz
pushdo,mozwerugse.kz
pushdo,xafriljire.kz
pushdo,geixuliwa.kz
pushdo,bopozhuxr.kz
pushdo,buqonatgo.kz
pushdo,dafilbeocud.kz
pushdo,lilpafeabu.kz
pushdo,latponuxowic.kz
pushdo,neaxomiclib.kz
pushdo,wojicpunu.kz
pushdo,qeipixoqdir.kz
pushdo,rilnatmeogea.kz
pushdo,kugtoxahaxug.kz
pushdo,cupvagatof.kz
pushdo,xufanjaxeop.kz
pushdo,ficfeavaro.kz
pushdo,caflucanxoqv.kz
pushdo,kirfoqeita.kz
pushdo,dirrokvatgoh.kz
pushdo,jujeafeiqol.kz
pushdo,liltivathe.kz
pushdo,juxkoqxalo.kz
pushdo,rirxeofoca.kz
pushdo,bofalasko.kz
pushdo,coqheiromi.kz
pushdo,qovokluhane.kz
pushdo,volozteos.kz
pushdo,vojacicve.kz
pushdo,mickuboman.kz
pushdo,deagupvif.kz
pushdo,xatugxokwan.kz
pushdo,quteoxudu.kz
pushdo,vivatmozhut.kz
pushdo,loxirgirbil.kz
pushdo,geacugeanawa.kz
pushdo,hilpeimoqq.kz
pushdo,fanheodugvok.kz
pushdo,ficnafhuxk.kz
pushdo,xugwupsisu.kz
pushdo,bodilqobu.kz
pushdo,cafneoheimic.kz
pushdo,haweilasj.kz
pushdo,buxeoguxu.kz
pushdo,ruxwoqnise.kz
pushdo,sicwiteamozd.kz
pushdo,mozxokxuqo.kz
pushdo,raboqeina.kz
pushdo,qamuneamo.kz
pushdo,qomaheoba.kz
pushdo,feokipatg.kz
pushdo,leasadoqe.kz
pushdo,wanseiheij.kz
pushdo,nirsakopux.kz
pushdo,daveijagoqd.kz
pushdo,panqeaficd.kz
pushdo,kahofeogafq.kz
pushdo,meaharogob.kz
pushdo,dosusameo.kz
pushdo,todeofoja.kz
pushdo,kihidillo.kz
pushdo,goluxdeav.kz
pushdo,maveikasa.kz
pushdo,kawozbeil.kz
pushdo,kutoxibifeo.kz
pushdo,panhanolei.kz
pushdo,heofaxoqgotu.kz
pushdo,ceigugvaf.kz
pushdo,lololipegim.kz
pushdo,janmanxeovuj.kz
pushdo,banjicmantov.kz
pushdo,nuroquveofe.kz
pushdo,dukoknicirj.kz
pushdo,xonaflokd.kz
pushdo,foznokqafq.kz
pushdo,dugxoqfipi.kz
pushdo,fagowanleab.kz
pushdo,muheofupx.kz
pushdo,gonokdugn.kz
pushdo,kafhudokwivu.kz
pushdo,jeaceopuvu.kz
pushdo,dopiwictupt.kz
pushdo,bivitoqgi.kz
pushdo,wozhuxwancei.kz
pushdo,fancusancoqg.kz
pushdo,ludidaflu.kz
pushdo,riroqijeiha.kz
pushdo,qogeavamead.kz
pushdo,maceolilw.kz
pushdo,ceipicmoz.kz
pushdo,gupjuptupb.kz
pushdo,dacupvealor.kz
pushdo,kasokeopa.kz
pushdo,vohunugpe.kz
pushdo,qirjanjeoboz.kz
pushdo,buxnugupho.kz
pushdo,tafboknirc.kz
pushdo,qeamafmanq.kz
pushdo,weaxilifojud.kz
pushdo,vinatsigi.kz
pushdo,fuxdeaqoqs.kz
pushdo,ropeitite.kz
pushdo,cokaramic.kz
pushdo,mafjocicla.kz
pushdo,qakeihatg.kz
pushdo,lufojadugra.kz
pushdo,vatneawedo.kz
pushdo,morixidowec.kz
pushdo,homarilgi.kz
pushdo,sicducupmofa.kz
pushdo,ficxoqpiba.kz
pushdo,fozsumupje.kz
pushdo,coqpadatke.kz
pushdo,xaratxugman.kz
pushdo,jojolozgoqm.kz
pushdo,nirpeiwoqq.kz
pushdo,mafqorokso.kz
pushdo,pubixicup.kz
pushdo,natpisocea.kz
pushdo,fafupjageih.kz
pushdo,ruqeinixu.kz
pushdo,qoseoputewe.kz
pushdo,tukavilfu.kz
pushdo,coqbatceiw.kz
pushdo,qodexokgo.kz
pushdo,rilsozgafres.kz
pushdo,xugqafqict.kz
pushdo,jigifufibil.kz
pushdo,meadugpira.kz
pushdo,fozxuciboz.kz
pushdo,nineibokhin.kz
pushdo,pozgoneakoqv.kz
pushdo,nugseinopusi.kz
pushdo,vaheoveawan.kz
pushdo,dokmapajan.kz
pushdo,jidirneip.kz
pushdo,fakaffilfan.kz
pushdo,sarosodaf.kz
pushdo,guppobisof.kz
pushdo,lilficmeah.kz
pushdo,vuxwovabiq.kz
pushdo,mafjupwile.kz
pushdo,pisanobeimu.kz
pushdo,wilatrilm.kz
pushdo,weigirfanc.kz
pushdo,haheaxipa.kz
pushdo,fanxafgafsav.kz
pushdo,tabuxficx.kz
pushdo,guvotijifux.kz
pushdo,beotonadu.kz
pushdo,hakuficbafi.kz
pushdo,ceasozboznat.kz
pushdo,mannearesanj.kz
pushdo,xicopisuk.kz
pushdo,lihuxmusacu.kz
pushdo,cifodeaxu.kz
pushdo,dafweihokw.kz
pushdo,morilmeamea.kz
pushdo,duggeileac.kz
pushdo,coqfozceas.kz
pushdo,kifuxbuta.kz
pushdo,xeikiwihuso.kz
pushdo,xoneimeam.kz
pushdo,lucirjanhop.kz
pushdo,veagugwafic.kz
pushdo,gitughupo.kz
pushdo,jutuseobaci.kz
pushdo,qeideanilim.kz
pushdo,keoxovatcu.kz
pushdo,loknuqafqe.kz
pushdo,feokeijea.kz
pushdo,hatguheadaku.kz
pushdo,kirfozxoqw.kz
pushdo,ceagahugseit.kz
pushdo,kuhuxkeopig.kz
pushdo,xudiqirdahi.kz
pushdo,huvixofaril.kz
pushdo,woligeaje.kz
pushdo,geineowiq.kz
pushdo,quprokoqpatq.kz
pushdo,jeojidehu.kz
pushdo,batxirmote.kz
pushdo,bancoqcunoce.kz
pushdo,mumaxumoqhe.kz
pushdo,kubeiweikap.kz
pushdo,nutugheiw.kz
pushdo,veijoqeivokf.kz
pushdo,qeameowapa.kz
pushdo,kugbuxugsans.kz
pushdo,xigicsamo.kz
pushdo,ruxluxcafd.kz
pushdo,jeikokwuptuq.kz
pushdo,gaxaffahaba.kz
pushdo,lubuquvuxru.kz
pushdo,qeifeavilro.kz
pushdo,hokjancupf.kz
pushdo,ceicafqei.kz
pushdo,meofofuka.kz
pushdo,latwetafvatk.kz
pushdo,gicnugfeawif.kz
pushdo,hagaceafu.kz
pushdo,neovuweiqi.kz
pushdo,tumajadac.kz
pushdo,doratpokolo.kz
pushdo,jiqaheixoqs.kz
pushdo,liroqimaxiq.kz
pushdo,sicdokciqeix.kz
pushdo,leamiraka.kz
pushdo,liltuphuxk.kz
pushdo,tadatkopeki.kz
pushdo,maqoqjuxf.kz
pushdo,wimicsozcir.kz
pushdo,cansakokbe.kz
pushdo,geibanjiw.kz
pushdo,rugqoseovuso.kz
pushdo,cuvumozgu.kz
pushdo,kukeiqupfaq.kz
pushdo,qocoqbannom.kz
pushdo,fuxcafhath.kz
pushdo,pilwesutip.kz
pushdo,vuxpeahokg.kz
pushdo,xokdepanwe.kz
pushdo,cearireosate.kz
pushdo,xuwuceala.kz
pushdo,sicmeoxugtun.kz
pushdo,hogupwese.kz
pushdo,neavilmupde.kz
pushdo,gugluxvideox.kz
pushdo,lunivuxpatc.kz
pushdo,peililfeoh.kz
pushdo,kuqolapozso.kz
pushdo,peitoqvuxl.kz
pushdo,viteadixu.kz
pushdo,lumeatoma.kz
pushdo,gawimeojein.kz
pushdo,ropeagatege.kz
pushdo,vaxitoluxpa.kz
pushdo,dibokcaft.kz
pushdo,gadatmeatex.kz
pushdo,vubeonatq.kz
pushdo,heibeifeot.kz
pushdo,seimaceiha.kz
pushdo,seinokhatg.kz
pushdo,natgeafomu.kz
pushdo,qoxuleifu.kz
pushdo,wileiratlea.kz
pushdo,beolokcan.kz
pushdo,neidafmic.kz
pushdo,rikoklonujo.kz
pushdo,meodovatc.kz
pushdo,hotobogoq.kz
pushdo,gafcealokduv.kz
pushdo,supgirxoqs.kz
pushdo,qafkirwupa.kz
pushdo,kakodowad.kz
pushdo,huxhoxaxafcu.kz
pushdo,sanjaneaje.kz
pushdo,ficvasanfe.kz
pushdo,teohokfeijux.kz
pushdo,beihugguplei.kz
pushdo,vilwujapakug.kz
pushdo,xeiwandahux.kz
pushdo,pesupbilduh.kz
pushdo,hodeagirb.kz
pushdo,putedoksu.kz
pushdo,bomozhilp.kz
pushdo,valokjipu.kz
pushdo,pupilhuxh.kz
pushdo,ruxhofulas.kz
pushdo,ropafoznatg.kz
pushdo,deohatbokvuf.kz
pushdo,gugkealearop.kz
pushdo,natratpala.kz
pushdo,tifeijicjiv.kz
pushdo,loweigoleiq.kz
pushdo,cogeiceat.kz
pushdo,jajicbufi.kz
pushdo,jateaneof.kz
pushdo,tafbijibat.kz
pushdo,jupgirhuxpoz.kz
pushdo,rugbeigugtea.kz
pushdo,dugbeonugp.kz
pushdo,puxqomanneop.kz
pushdo,deoducikeafa.kz
pushdo,jozceikasu.kz
pushdo,nirvidofup.kz
pushdo,hoheajeogei.kz
pushdo,qusaweiwi.kz
pushdo,qafmupbugu.kz
pushdo,veineobegeik.kz
pushdo,tamicxeisik.kz
pushdo,seimupluxk.kz
pushdo,manjoviqeoto.kz
pushdo,natpeheavu.kz
pushdo,jeavacalat.kz
pushdo,fanfakugxuli.kz
pushdo,sakiweihilv.kz
pushdo,natxaflufi.kz
pushdo,cisanqofu.kz
pushdo,cuwicuppaka.kz
pushdo,soztuppillux.kz
pushdo,biwozviro.kz
pushdo,wicjupxafmaw.kz
pushdo,cuxafcicvea.kz
pushdo,rirfiratgi.kz
pushdo,geapojafijir.kz
pushdo,xaleadeolil.kz
pushdo,buliljeowoz.kz
pushdo,vupeiqobe.kz
pushdo,xokwasumic.kz
pushdo,rilnoqoqiwoz.kz
pushdo,huxmanbubanx.kz
pushdo,kugkafqubokg.kz
pushdo,veafuxtupho.kz
pushdo,vildovatdawa.kz
pushdo,tugxokgupv.kz
pushdo,beijuxgoqlil.kz
pushdo,juxeocicnok.kz
pushdo,qupgorecupqe.kz
pushdo,hituggirx.kz
pushdo,hugkogoqxo.kz
pushdo,mujahiwozpe.kz
pushdo,latdolozweno.kz
pushdo,keimicvei.kz
pushdo,jicvabeoko.kz
pushdo,leinasapoz.kz
pushdo,tirkafwigugm.kz
pushdo,kiqoqcafbok.kz
pushdo,teaveiwanq.kz
pushdo,jeajeijuxm.kz
pushdo,vifildokoqs.kz
pushdo,beiqitaqeina.kz
pushdo,voknircicjup.kz
pushdo,xikagocaf.kz
pushdo,nuluqeogo.kz
pushdo,dosucilix.kz
pushdo,vivajapanug.kz
pushdo,vukoqsira.kz
pushdo,madeomant.kz
pushdo,kuhilwupaxu.kz
pushdo,hilhaveore.kz
pushdo,dowealoke.kz
pushdo,xeofakiwanvi.kz
pushdo,gavatguppic.kz
pushdo,gupceihuxc.kz
pushdo,kirsadiqup.kz
pushdo,bozqictade.kz
pushdo,puxcaseikirr.kz
pushdo,kucuppupeig.kz
pushdo,kapozwilidi.kz
pushdo,nofupnawade.kz
pushdo,detupgafsip.kz
pushdo,fikacirqo.kz
pushdo,nadobanje.kz
pushdo,niheowearat.kz
pushdo,laruxvaru.kz
pushdo,xihaficgoxa.kz
pushdo,nearugfuxbu.kz
pushdo,nuheosanr.kz
pushdo,xinomikeoxi.kz
pushdo,leidafkugl.kz
pushdo,seihumajux.kz
pushdo,xokteocume.kz
pushdo,xisotoqri.kz
pushdo,jawamantahu.kz
pushdo,veabuwevixa.kz
pushdo,likeogirkug.kz
pushdo,vabokmawi.kz
pushdo,bilvisupfibi.kz
pushdo,jiriltafg.kz
pushdo,toqoceogu.kz
pushdo,veorolufic.kz
pushdo,rilpeiwupmux.kz
pushdo,buxqeihath.kz
pushdo,jivileafisi.kz
pushdo,pepeicupcan.kz
pushdo,gicfilkoneir.kz
pushdo,wefozhokban.kz
pushdo,hoqoqqoqf.kz
pushdo,kafvuneagadi.kz
pushdo,vodiweiga.kz
pushdo,topicdokd.kz
pushdo,bokgiwicrokm.kz
pushdo,puqirhoru.kz
pushdo,vijeaseos.kz
pushdo,xugacanleim.kz
pushdo,hilkeituvi.kz
pushdo,dimeacicx.kz
pushdo,panleafeod.kz
pushdo,natholeise.kz
pushdo,xeogugmicdat.kz
pushdo,wiviwuple.kz
pushdo,cafwoqmujeov.kz
pushdo,xugwupvasu.kz
pushdo,fuxbokbogu.kz
pushdo,donuvuxri.kz
pushdo,sozdoheidodu.kz
pushdo,bumeawejaho.kz
pushdo,lokqupvokh.kz
pushdo,kafajitug.kz
pushdo,beipatdatkoq.kz
pushdo,pilloksolo.kz
pushdo,jupfobufeofu.kz
pushdo,qicpatgiha.kz
pushdo,luxakoqra.kz
pushdo,canbeigirv.kz
pushdo,vageaheokin.kz
pushdo,bozjikugti.kz
pushdo,beileafictal.kz
pushdo,maxoqveas.kz
pushdo,nugleadatjei.kz
pushdo,vagupdugd.kz
pushdo,wucicsadi.kz
pushdo,qacawatof.kz
pushdo,geabatjeopic.kz
pushdo,vuxeokota.kz
pushdo,vuxkugqilu.kz
pushdo,qickidatpa.kz
pushdo,xugdegeica.kz
pushdo,likirlild.kz
pushdo,gapilmeahat.kz
pushdo,lozdokbonavu.kz
pushdo,gafwemoqtudo.kz
pushdo,lorutisuxob.kz
pushdo,jiseicapa.kz
pushdo,pejoqeoheif.kz
pushdo,musujibeg.kz
pushdo,kojupduroka.kz
pushdo,tafilwaqe.kz
pushdo,rokceikogaqe.kz
pushdo,xugluxbutu.kz
pushdo,qokifilwa.kz
pushdo,rokteolozqaf.kz
pushdo,tafikukaf.kz
pushdo,wodokdirx.kz
pushdo,nirxeonokn.kz
pushdo,nugsozpicfup.kz
pushdo,mulozladafk.kz
pushdo,qaneabepe.kz
pushdo,somozvaruwe.kz
pushdo,tisarudesei.kz
pushdo,kapealuxj.kz
pushdo,majaleaxu.kz
pushdo,mafkovawic.kz
pushdo,sofufababei.kz
pushdo,jafuxtamick.kz
pushdo,somocuduqic.kz
pushdo,fanxeimupilt.kz
pushdo,burilhugnar.kz
pushdo,ceowupceisu.kz
pushdo,qirhutugvosu.kz
pushdo,luxjozjajicv.kz
pushdo,gugvokfeariq.kz
pushdo,xisovusod.kz
pushdo,patpanluxwup.kz
pushdo,jopanjicneo.kz
pushdo,jeorilfih.kz
pushdo,veabohajozp.kz
pushdo,jeawasance.kz
pushdo,patpatlatmif.kz
pushdo,cujupfofo.kz
pushdo,vapanwexica.kz
pushdo,tughuggivo.kz
pushdo,picbigeimanj.kz
pushdo,qoqlopilmoqn.kz
pushdo,latdilharugk.kz
pushdo,feotameab.kz
pushdo,mupseokeaxiq.kz
pushdo,jojanqirwea.kz
pushdo,tuwuphoji.kz
pushdo,nafjikirejei.kz
pushdo,cicdojigicpu.kz
pushdo,sanwoqluhu.kz
pushdo,vicokipis.kz
pushdo,goqfukoqna.kz
pushdo,fafuxlodatn.kz
pushdo,gifeoqoqc.kz
pushdo,micmumafro.kz
pushdo,wupxakimea.kz
pushdo,bozboktemu.kz
pushdo,huqupfobilb.kz
pushdo,quteadido.kz
pushdo,nealamisang.kz
pushdo,tafnosupfi.kz
pushdo,pictuvatxeoc.kz
pushdo,takaxeixu.kz
pushdo,gipatmidi.kz
pushdo,feijanweapei.kz
pushdo,santagugja.kz
pushdo,jictutafju.kz
pushdo,fandugqeoril.kz
pushdo,tategivil.kz
pushdo,bocuxugva.kz
pushdo,vunirrena.kz
pushdo,xuvihataqaf.kz
pushdo,jeajeavilf.kz
pushdo,feagugheavi.kz
pushdo,xulivigei.kz
pushdo,cafhiqobigah.kz
pushdo,tirvarogeilo.kz
pushdo,bathodokcu.kz
pushdo,supvafeiwo.kz
pushdo,nucuwupleik.kz
pushdo,dafgijabei.kz
pushdo,dafqirgojo.kz
pushdo,rupilwuwo.kz
pushdo,gobificka.kz
pushdo,geigojihu.kz
pushdo,toseigale.kz
pushdo,jozfeigura.kz
pushdo,wuceiqeib.kz
pushdo,qugugbeir.kz
pushdo,xeinoleanuj.kz
pushdo,hatroceatugk.kz
pushdo,caflubatwich.kz
pushdo,pafuxbozg.kz
pushdo,bavahogugda.kz
pushdo,qoheifilc.kz
pushdo,qiwanmudugq.kz
pushdo,bilsujixafgi.kz
pushdo,culasxugf.kz
pushdo,pereomanxaf.kz
pushdo,mearokpaxe.kz
pushdo,villideovuha.kz
pushdo,wugugcupt.kz
pushdo,nafrirnoratf.kz
pushdo,dodofojafea.kz
pushdo,jozjeirisa.kz
pushdo,filroksonali.kz
pushdo,nirnirvilh.kz
pushdo,qopicmozqup.kz
pushdo,lozcoqfickud.kz
pushdo,puxbuxnojozb.kz
pushdo,wepofealugu.kz
pushdo,hilmogafhe.kz
pushdo,xafpixiqog.kz
pushdo,gabidilwose.kz
pushdo,neivoxixu.kz
pushdo,ciqipaqoq.kz
pushdo,leigobulot.kz
pushdo,deocaheiwemu.kz
pushdo,nirlamuqup.kz
pushdo,wasozboveoq.kz
pushdo,tiliruxqawo.kz
pushdo,dagiwuxanut.kz
pushdo,qoqnowowupdo.kz
pushdo,tirkusancoqj.kz
pushdo,hatwozjeapic.kz
pushdo,buxnuvuxpe.kz
pushdo,sozjiclunokw.kz
pushdo,loztebikanok.kz
pushdo,wozvohotonea.kz
pushdo,kafanxeofap.kz
pushdo,lilfolatnu.kz
pushdo,meakalufuf.kz
pushdo,fuxdirfuci.kz
pushdo,hobufozpi.kz
pushdo,bubilliwi.kz
pushdo,lucafpuxd.kz
pushdo,coqpucirma.kz
pushdo,wearoksowear.kz
pushdo,wicxiteqafqi.kz
pushdo,hearowict.kz
pushdo,giqovuxru.kz
pushdo,xirkoseowuqo.kz
pushdo,veowupgafv.kz
pushdo,leigavijod.kz
pushdo,koqfuxpemi.kz
pushdo,cirmanibuc.kz
pushdo,xadirrirame.kz
pushdo,qileaceadad.kz
pushdo,kucocicjanr.kz
pushdo,tulasviga.kz
pushdo,howoqcafpid.kz
pushdo,jichildija.kz
pushdo,picvokveiceo.kz
pushdo,jozlotesup.kz
pushdo,gokeisulo.kz
pushdo,kokpicvidubo.kz
pushdo,juritoqjeac.kz
pushdo,qeisantupko.kz
pushdo,xirleilobanw.kz
pushdo,jihatmibu.kz
pushdo,nokqupicqupt.kz
pushdo,gocaftugjan.kz
pushdo,ceobanqafdo.kz
pushdo,ceonafmange.kz
pushdo,canhilmoqw.kz
pushdo,faleiretavo.kz
pushdo,hilwoqceod.kz
pushdo,lolomupvokr.kz
pushdo,manvuxqicmeo.kz
pushdo,jaxuteawoqc.kz
pushdo,dilvidoqak.kz
pushdo,hugvuheaxo.kz
pushdo,heoreorokmuv.kz
pushdo,qiqeohatheo.kz
pushdo,tughugxofu.kz
pushdo,huxhiluropan.kz
pushdo,ruwanfupp.kz
pushdo,tafpoxiveo.kz
pushdo,nokgughavara.kz
pushdo,cantilubex.kz
pushdo,magugxokb.kz
pushdo,woqsozdafx.kz
pushdo,natruxwima.kz
pushdo,podepacitaf.kz
pushdo,veitirvakeon.kz
pushdo,baceiceidaf.kz
pushdo,qeavealilq.kz
pushdo,dilfijeoho.kz
pushdo,qopichilrok.kz
pushdo,nirhacafma.kz
pushdo,fealuxgagea.kz
pushdo,weaxoqcafmoz.kz
pushdo,geiwubafu.kz
pushdo,lasficleabat.kz
pushdo,koduhuxdugu.kz
pushdo,mupnatlunuvi.kz
pushdo,huqorubeosu.kz
pushdo,fuxpeneola.kz
pushdo,fuxnoxoqbe.kz
pushdo,neatirseilo.kz
pushdo,jasijiman.kz
pushdo,bivodexuk.kz
pushdo,buhagickugh.kz
pushdo,keiheopan.kz
pushdo,ciromudul.kz
pushdo,cannulatnu.kz
pushdo,xafdilfiru.kz
pushdo,koklashilxei.kz
pushdo,tafpowupxe.kz
pushdo,vilfotugfufe.kz
pushdo,nudosigugea.kz
pushdo,neoxigupse.kz
pushdo,batlosopat.kz
pushdo,xuxihojolok.kz
pushdo,gicheosohilq.kz
pushdo,canwupjake.kz
pushdo,sanbeogupq.kz
pushdo,nugxotugkice.kz
pushdo,kusuhofance.kz
pushdo,teobimupwoqg.kz
pushdo,feaveijucux.kz
pushdo,jinuglokr.kz
pushdo,rugheiloqima.kz
pushdo,wawifopicro.kz
pushdo,picuprugvea.kz
pushdo,raxavaseo.kz
pushdo,bagonugceac.kz
pushdo,butowepor.kz
pushdo,nutajeicanv.kz
pushdo,wipozkava.kz
pushdo,dathuxroweas.kz
pushdo,wicvikeijupr.kz
pushdo,tagoqnugfan.kz
pushdo,veidasichiwa.kz
pushdo,deasiluwo.kz
pushdo,ceilafeos.kz
pushdo,rajuxwicg.kz
pushdo,pufodokmu.kz
pushdo,xifilqovatl.kz
pushdo,hofeapuxfup.kz
pushdo,recuqicheom.kz
pushdo,tasaqupxirl.kz
pushdo,latqeobepozr.kz
pushdo,nurijanqeol.kz
pushdo,woqrokaxoq.kz
pushdo,dirotapeh.kz
pushdo,hoknunatda.kz
pushdo,tealeatuvo.kz
pushdo,heoqipuheape.kz
pushdo,xasodolimaf.kz
pushdo,buxveahoqi.kz
pushdo,sozvuhofuxgu.kz
pushdo,suptimicdi.kz
pushdo,maguphicu.kz
pushdo,jupnigibaqea.kz
pushdo,toqvilokadug.kz
pushdo,veideaxoqtiv.kz
pushdo,mupwuleigeix.kz
pushdo,keafeasanfux.kz
pushdo,muphatsohija.kz
pushdo,viqulinikei.kz
pushdo,wefupdawafo.kz
pushdo,mafkofeoma.kz
pushdo,keopanmuki.kz
pushdo,dafxocoqgo.kz
pushdo,dojuptadoho.kz
pushdo,pufanguqa.kz
pushdo,roluxdafl.kz
pushdo,linatxawo.kz
pushdo,keideokir.kz
pushdo,seisuppuxj.kz
pushdo,kacuphiru.kz
pushdo,taffilbeiw.kz
pushdo,coqsitugqu.kz
pushdo,neajanvugug.kz
pushdo,dogirhako.kz
pushdo,gogupmeoc.kz
pushdo,qeicuqucupv.kz
pushdo,mabeixokl.kz
pushdo,beofugije.kz
pushdo,feanoxarilv.kz
pushdo,nugsotuppozx.kz
pushdo,vavorodirja.kz
pushdo,xujigirne.kz
pushdo,ruxrajaqox.kz
pushdo,tafcafpewe.kz
pushdo,lasvoksupcoq.kz
pushdo,fanbeivuxkug.kz
pushdo,jojozxoqgei.kz
pushdo,cicceawarirl.kz
pushdo,geagafeiguso.kz
pushdo,qipiluxugwo.kz
pushdo,ceijilozj.kz
pushdo,foleanokhat.kz
pushdo,feogirnir.kz
pushdo,woznugcuboto.kz
pushdo,qoqtugbatgir.kz
pushdo,xikokfeor.kz
pushdo,jicgeasudu.kz
pushdo,jupxokloleic.kz
pushdo,tateonuqo.kz
pushdo,vimuteokuba.kz
pushdo,neikaqapa.kz
pushdo,jozfoveora.kz
pushdo,hokxupegea.kz
pushdo,ribeikeotud.kz
pushdo,luwimagafcu.kz
pushdo,mozlivijic.kz
pushdo,datsuvaceacu.kz
pushdo,ficxirwapo.kz
pushdo,picwanhokpis.kz
pushdo,puxpeaholine.kz
pushdo,nogafgugado.kz
pushdo,xuggughucu.kz
pushdo,cirlozdohu.kz
pushdo,batcaflasg.kz
pushdo,patbilheidot.kz
pushdo,kacanfuxciw.kz
pushdo,nugveapeaqea.kz
pushdo,bigoqdune.kz
pushdo,tirsahoklocu.kz
pushdo,xaceolassan.kz
pushdo,debidaterat.kz
pushdo,rohugwicxih.kz
pushdo,gawoxuvibil.kz
pushdo,fumeacixivi.kz
pushdo,tirjuxfupmaf.kz
pushdo,noksupmoqbur.kz
pushdo,bugaffone.kz
pushdo,teokugcakuha.kz
pushdo,jupqeigafdov.kz
pushdo,goqteaconi.kz
pushdo,hogupcupsig.kz
pushdo,ruxsoheake.kz
pushdo,raheorowa.kz
pushdo,dilrecawup.kz
pushdo,riqeobozwos.kz
pushdo,cupweadafl.kz
pushdo,pilrugqeok.kz
pushdo,feafaleasoz.kz
pushdo,jopomogirvu.kz
pushdo,kafdoveohope.kz
pushdo,canhiwoqpa.kz
pushdo,koqkoqhoxe.kz
pushdo,nolusojigow.kz
pushdo,riqojuxneit.kz
pushdo,xinafkirp.kz
pushdo,wurakoqne.kz
pushdo,meoratlat.kz
pushdo,rirmafnuhi.kz
pushdo,mictafhare.kz
pushdo,sozleanokhug.kz
pushdo,vateaweij.kz
pushdo,hiljeifeof.kz
pushdo,sogakeiqu.kz
pushdo,fupgupwiteom.kz
pushdo,wanrathuta.kz
pushdo,joneabusaji.kz
pushdo,heokajupweag.kz
pushdo,jicwireopo.kz
pushdo,jinukitag.kz
pushdo,soztumeakead.kz
pushdo,dojeoxirlil.kz
pushdo,rilgadakoqlo.kz
pushdo,fanfabozjuph.kz
pushdo,pozteofearop.kz
pushdo,nirdefatat.kz
pushdo,wupillokh.kz
pushdo,witamuhugbu.kz
pushdo,howotupqiwo.kz
pushdo,haxigoqpa.kz
pushdo,rirjupgave.kz
pushdo,qupozludi.kz
pushdo,bilmajuxisup.kz
pushdo,lugafsami.kz
pushdo,loktaxeige.kz
pushdo,heoduwansupf.kz
pushdo,fuxxeocovi.kz
pushdo,wanrimeohe.kz
pushdo,dobajupuc.kz
pushdo,feagirqeivi.kz
pushdo,heaqicbeo.kz
pushdo,neiqirwan.kz
pushdo,qaflavatpa.kz
pushdo,ruvimahix.kz
pushdo,fokeoweiq.kz
pushdo,wupgugohat.kz
pushdo,latfimoceaji.kz
pushdo,heamicqir.kz
pushdo,neabemantoq.kz
pushdo,gupmoqkeix.kz
pushdo,rokduggaqove.kz
pushdo,cupfeopovi.kz
pushdo,cupcirpanr.kz
pushdo,jeatuphuxj.kz
pushdo,vocirkoqx.kz
pushdo,lanupigaf.kz
pushdo,goqxawiwuq.kz
pushdo,maweagida.kz
pushdo,mafvuhixiw.kz
pushdo,lidotidircu.kz
pushdo,wupxafgiga.kz
pushdo,meofameor.kz
pushdo,kixuwikoluf.kz
pushdo,qirhugqoqjor.kz
pushdo,mupmafkirjic.kz
pushdo,jisuxcirbil.kz
pushdo,xumozxafnup.kz
pushdo,heoxaftirhux.kz
pushdo,wicrideogaqi.kz
pushdo,supvuxpicv.kz
pushdo,xisapuden.kz
pushdo,wupdokwixa.kz
pushdo,ficbugugku.kz
pushdo,kasicanxuka.kz
pushdo,xirorenub.kz
pushdo,jicnafbagu.kz
pushdo,leinafrilr.kz
pushdo,wupkaqirti.kz
pushdo,xeokoqhilbil.kz
pushdo,mandobeibula.kz
pushdo,qaficsaka.kz
pushdo,fixoksuxp.kz
pushdo,vacafdaxu.kz
pushdo,cicmuvuxriji.kz
pushdo,veonopopei.kz
pushdo,roxokbatbud.kz
pushdo,veiragawupmu.kz
pushdo,lipebeodo.kz
pushdo,nafgugxugqur.kz
pushdo,howapozsa.kz
pushdo,qakeinuco.kz
pushdo,leaseinuw.kz
pushdo,wupjajeoqu.kz
pushdo,nuglilteotir.kz
pushdo,qaqeavill.kz
pushdo,reokeomozf.kz
pushdo,xukeidopatl.kz
pushdo,rovifowea.kz
pushdo,pildamansi.kz
pushdo,cupdokwika.kz
pushdo,vatheovokj.kz
pushdo,geajuxwojozl.kz
pushdo,neahiqeoban.kz
pushdo,valakokmozt.kz
pushdo,totugoxir.kz
pushdo,weawupqeaxuv.kz
pushdo,naqogoqse.kz
pushdo,rokbuxgirbak.kz
pushdo,jiqimupce.kz
pushdo,cicpitedugti.kz
pushdo,qoqmavisanke.kz
pushdo,cuxeihearad.kz
pushdo,moqmeokokjaw.kz
pushdo,leiwosufih.kz
pushdo,juxdeorokk.kz
pushdo,raliltirw.kz
pushdo,qeafupbokb.kz
pushdo,beoqafdat.kz
pushdo,huxhaxiluxta.kz
pushdo,ceisihugf.kz
pushdo,qoqomavusup.kz
pushdo,koqmozdalu.kz
pushdo,bageapafozc.kz
pushdo,modijidehei.kz
pushdo,xujamanwoqk.kz
pushdo,budatugug.kz
pushdo,beovearok.kz
pushdo,lurefupbu.kz
pushdo,xivatpidugt.kz
pushdo,batevatafma.kz
pushdo,fanirleavux.kz
pushdo,honugkirr.kz
pushdo,gupcupdoks.kz
pushdo,fopipuxnuke.kz
pushdo,neaceajicir.kz
pushdo,goqnokberu.kz
pushdo,vatvajanwu.kz
pushdo,xaftoqneax.kz
pushdo,vatlilcula.kz
pushdo,latkoqjifafa.kz
pushdo,qovatwuni.kz
pushdo,ludatpewo.kz
pushdo,baheoveikor.kz
pushdo,reoseinuru.kz
pushdo,peaxiruqo.kz
pushdo,qirmivolilba.kz
pushdo,xeojadodosog.kz
pushdo,divuhatro.kz
pushdo,decosozsanh.kz
pushdo,kufajuxgeah.kz
pushdo,foqapeisa.kz
pushdo,lokbilleiw.kz
pushdo,gafsoqafjuxg.kz
pushdo,qupfeileivat.kz
pushdo,gugpeakeinea.kz
pushdo,gaffiwupbeok.kz
pushdo,cicfuxceixir.kz
pushdo,sanheilifi.kz
pushdo,cirropiqax.kz
pushdo,veixugxeiwoq.kz
pushdo,piluxubogat.kz
pushdo,dirpanjajoci.kz
pushdo,deopicruxlud.kz
pushdo,tafduglika.kz
pushdo,xuveirofa.kz
pushdo,datrirokgeic.kz
pushdo,soqoqligi.kz
pushdo,jacopoman.kz
pushdo,fanliqunirma.kz
pushdo,bukabahokse.kz
pushdo,meowicrar.kz
pushdo,xoveiceak.kz
pushdo,fabozsonatn.kz
pushdo,hugfanfove.kz
pushdo,weiwibansa.kz
pushdo,teotacoqhosi.kz
pushdo,fodeogowa.kz
pushdo,filgicgircab.kz
pushdo,vearirsosoj.kz
pushdo,teavibozpo.kz
pushdo,kafpozwanneo.kz
pushdo,kokceikoqrug.kz
pushdo,keovovahil.kz
pushdo,requpqupvit.kz
pushdo,witacideo.kz
pushdo,toqbeidujuxr.kz
pushdo,veosamanno.kz
pushdo,nubapanji.kz
pushdo,bokpatxoqhea.kz
pushdo,huxkugweabeo.kz
pushdo,jakoqfeoj.kz
pushdo,kirsuteoka.kz
pushdo,nocupxeiboz.kz
pushdo,romeopise.kz
pushdo,jamupbeik.kz
pushdo,beopatvoc.kz
pushdo,koqnikixug.kz
pushdo,kineovaba.kz
pushdo,holeafasu.kz
pushdo,fanojeopuxb.kz
pushdo,kirxirneok.kz
pushdo,buxxigicge.kz
pushdo,xabokloseij.kz
pushdo,neimanhut.kz
pushdo,cantaqitod.kz
pushdo,koqculokke.kz
pushdo,karexafvi.kz
pushdo,xirokeitoqm.kz
pushdo,pilnatfivi.kz
pushdo,jicqeofilw.kz
pushdo,teacotugca.kz
pushdo,kivalopan.kz
pushdo,lozkabatnuxi.kz
pushdo,tibatnuqeiv.kz
pushdo,fosanjacu.kz
pushdo,laxafneos.kz
pushdo,sutoqhoks.kz
pushdo,dohopuxmace.kz
pushdo,fokoklocu.kz
pushdo,sanxeiheaq.kz
pushdo,romovimupju.kz
pushdo,talulilnu.kz
pushdo,pilheofalo.kz
pushdo,keiheocea.kz
pushdo,reosobanlu.kz
pushdo,qoqnoxoknugn.kz
pushdo,heiseotugd.kz
pushdo,cupsozdevo.kz
pushdo,juxgafuhok.kz
pushdo,tafilqafb.kz
pushdo,fohuxsuje.kz
pushdo,fogeanokf.kz
pushdo,talakeame.kz
pushdo,taqujuxcaqe.kz
pushdo,keivabilg.kz
pushdo,dilsozgeaf.kz
pushdo,voksozqicreb.kz
pushdo,bilheonatqaf.kz
pushdo,wupwoqhuve.kz
pushdo,dojozdenu.kz
pushdo,cupheitupf.kz
pushdo,gaqoqdokg.kz
pushdo,pijupfanjei.kz
pushdo,suptirjicb.kz
pushdo,feawupsodem.kz
pushdo,mafceihugs.kz
pushdo,koqpeikafs.kz
pushdo,reoficdofa.kz
pushdo,tirriceapanf.kz
pushdo,weaqocupkaxo.kz
pushdo,xeosotuwikib.kz
pushdo,mumiclogaka.kz
pushdo,rokxibepegea.kz
pushdo,soqifuweako.kz
pushdo,jozseoluxt.kz
pushdo,hiljinugbu.kz
pushdo,dillitetan.kz
pushdo,weiruggirs.kz
pushdo,focupmeapig.kz
pushdo,feoheifup.kz
pushdo,vatnixuqol.kz
pushdo,qicveidilf.kz
pushdo,fihoneowa.kz
pushdo,wiclilqaqafc.kz
pushdo,puciclilm.kz
pushdo,geiqoqwup.kz
pushdo,huxracoqjeox.kz
pushdo,veiveimozqei.kz
pushdo,bipifeoli.kz
pushdo,peaxeonun.kz
pushdo,qusozlalu.kz
pushdo,tafkugdewa.kz
pushdo,geihuggic.kz
pushdo,cickabusanga.kz
pushdo,xugputafwe.kz
pushdo,leakipaha.kz
pushdo,dowugakoqvi.kz
pushdo,mupcafkigeiv.kz
pushdo,bocamanpe.kz
pushdo,banqaffankid.kz
pushdo,vuxpeavuhu.kz
pushdo,rekeajumage.kz
pushdo,liqicfeol.kz
pushdo,neileaqir.kz
pushdo,solasvatn.kz
pushdo,rirgoceoqa.kz
pushdo,tasixoxakir.kz
pushdo,datliqafluma.kz
pushdo,beiqoqbatkaf.kz
pushdo,heimuwozti.kz
pushdo,leisanvuxc.kz
pushdo,feisanlutucu.kz
pushdo,pichatqeokoq.kz
pushdo,buxcanxule.kz
pushdo,wicqupfuxkos.kz
pushdo,fanreoqafpot.kz
pushdo,fozwitadil.kz
pushdo,keihuxbut.kz
pushdo,fupsupgusuxm.kz
pushdo,laswaqeoxeof.kz
pushdo,veapicqicni.kz
pushdo,rafowicvo.kz
pushdo,deapujoca.kz
pushdo,dirheocubilt.kz
pushdo,qeiveoqosup.kz
pushdo,quplipiljozq.kz
pushdo,vuxxugdeok.kz
pushdo,teoveikeanei.kz
pushdo,lokdeafanp.kz
pushdo,tufozvean.kz
pushdo,daneonaxokp.kz
pushdo,ronokleadea.kz
pushdo,tariwabaqoq.kz
pushdo,feikokxugmov.kz
pushdo,fahibugoxok.kz
pushdo,bibilbeki.kz
pushdo,peibolasme.kz
pushdo,xafratbuka.kz
pushdo,ceixirreo.kz
pushdo,savinuqupgu.kz
pushdo,bilforavaban.kz
pushdo,goqmihatdi.kz
pushdo,xeoqeagokeig.kz
pushdo,cirrokrokd.kz
pushdo,nafjeogugvil.kz
pushdo,cearilluduwi.kz
pushdo,neoseiqoqr.kz
pushdo,fildirtiwoqg.kz
pushdo,kirlilbulu.kz
pushdo,fotoqbuwoha.kz
pushdo,xeowicjeihok.kz
pushdo,dugjimuqir.kz
pushdo,puxwoqcanrir.kz
pushdo,vuxtohiban.kz
pushdo,sicfeisuxlup.kz
pushdo,ficmuqirli.kz
pushdo,luxhinaveafe.kz
pushdo,hipankafr.kz
pushdo,heajanxeo.kz
pushdo,ceadafrirfiw.kz
pushdo,suxqoqgogifi.kz
pushdo,qeogupqav.kz
pushdo,tupilqoqj.kz
pushdo,cudugkudoci.kz
pushdo,fupbevufisic.kz
pushdo,kaxeifuxgic.kz
pushdo,fanleiqeixin.kz
pushdo,teqoqkorugf.kz
pushdo,noritoceahu.kz
pushdo,larilfaru.kz
pushdo,hidokjona.kz
pushdo,nuggicpeafas.kz
pushdo,nugficbubave.kz
pushdo,joveiweisuv.kz
pushdo,lozsocutugja.kz
pushdo,lassikeiqoku.kz
pushdo,heahilcea.kz
pushdo,giweidilf.kz
pushdo,docoqqoxa.kz
pushdo,moqjasuqaflo.kz
pushdo,xirqeideagop.kz
pushdo,kafcareobils.kz
pushdo,goqxokneix.kz
pushdo,feicupicafhe.kz
pushdo,fomupeaxe.kz
pushdo,dafxoqeihe.kz
pushdo,puxpoluxqage.kz
pushdo,qusicmipu.kz
pushdo,seilaswicu.kz
pushdo,teokabozrini.kz
pushdo,cuseisuca.kz
pushdo,bozjamanle.kz
pushdo,nifozniruxp.kz
pushdo,cupwicafwi.kz
pushdo,wanrupatgo.kz
pushdo,suploksicb.kz
pushdo,sajuxpoxu.kz
pushdo,ceijeofin.kz
pushdo,xeicucipini.kz
pushdo,ratmozlumo.kz
pushdo,qidamigahoj.kz
pushdo,foluxpuxj.kz
pushdo,luxheofeabok.kz
pushdo,vufeibeoh.kz
pushdo,hatfuxfupvud.kz
pushdo,musuxjancis.kz
pushdo,posigakurux.kz
pushdo,beidoqirvein.kz
pushdo,bujeogolatq.kz
pushdo,feirugjansig.kz
pushdo,joqupxoqvun.kz
pushdo,gugjotaseore.kz
pushdo,mitaruglatx.kz
pushdo,rimukearova.kz
pushdo,beofozmoz.kz
pushdo,weacalasmoqv.kz
pushdo,tuwickiso.kz
pushdo,xigafrudi.kz
pushdo,lozjonoktoqf.kz
pushdo,leanoceat.kz
pushdo,kafmafgeinuw.kz
pushdo,koqpeimoka.kz
pushdo,beneavokloc.kz
pushdo,weaqiclafopu.kz
pushdo,gurilrokmih.kz
pushdo,panjafilte.kz
pushdo,ficpicwomu.kz
pushdo,mozqosozbe.kz
pushdo,wictafgeigun.kz
pushdo,guheapuludo.kz
pushdo,jabeisanp.kz
pushdo,meosoveoq.kz
pushdo,hilcutirce.kz
pushdo,murughato.kz
pushdo,woqgicjupp.kz
pushdo,fozvaqoveo.kz
pushdo,kopeabuxbux.kz
pushdo,geidapozn.kz
pushdo,hugrilbilj.kz
pushdo,jovigoqratg.kz
pushdo,juxsozsozx.kz
pushdo,duhugcujozv.kz
pushdo,fukisuxnafw.kz
pushdo,buxweiqirl.kz
pushdo,polatkeibuf.kz
pushdo,buxsoseiha.kz
pushdo,jicfumeacu.kz
pushdo,rirjozxeid.kz
pushdo,feanealilbi.kz
pushdo,heimoqkate.kz
pushdo,kirpicsoci.kz
pushdo,bokdilnokgug.kz
pushdo,huqupnugkeo.kz
qadars,4y8qgasm4qsq.top
qadars,a8ege0acm8u8.top
qadars,828e824eg6we.top
qadars,q8mom42wy8ao.net
qadars,8mgy06024ewy.top
qadars,24iw2omo6oms.top
qadars,82k28yse8q0e.org
qadars,2smsusisqcqo.org
qadars,0ase8ic6464u.net
qadars,qwmgu0y8q4i4.top
qadars,4iwacy4ecewi.org
qadars,a4a4i4q8qsic.top
qadars,4ewycqousawa.top
qadars,ega860a0uw6g.org
qadars,c2ku86wy8yw6.org
qadars,2g6gmsucm0i4.net
qadars,82omgycuka0i.org
qadars,60m06o6cy02c.net
qadars,k20ik6oysqk6.org
qadars,6kecmsak6ce8.net
qadars,cagm0e06cu8q.org
qadars,ucucqcaoqw6g.net
qadars,ou0i0y868e0m.org
qadars,u42om0akuw2g.org
qadars,kus606c2gq06.org
qadars,agekyg6oakmo.net
qadars,oqoysikegukq.org
qadars,yka8e0qce42w.top
qadars,g6waw2wu8eg6.org
qadars,isqkqsi8i0mg.net
qadars,ges2g2oi02oe.org
qadars,a4awq8ugmc6s.net
qadars,0mk2cm8a8mkq.top
qadars,es2oi4is64ac.top
qadars,sm42keo24egi.top
qadars,mgi4u06wq86g.net
qadars,o2wykm8mke8m.org
qadars,64agqkuwygus.top
qadars,0qsu06wiwy02.org
qadars,qoqgq8u4yw24.org
qadars,ca8i0242gywu.net
qadars,icu0a4yk642w.top
qadars,0qge8aoa0i4e.top
qadars,iku86caoygm8.net
qadars,guougm0qs2w6.top
qadars,uwmseg6gm0yk.net
qadars,wygewaouwycq.top
qadars,igi0akq8i4ic.net
qadars,cq4acmwqsis6.org
qadars,eg6sa46g6ceo.top
qadars,wmkacicac202.top
qadars,ecywqsq0ykyc.top
qadars,424moi0mo24q.top
qadars,aguoigi8m8a8.org
qadars,k28acqc20aoa.top
qadars,2kykmsug6468.net
qadars,oi0eoqg6wu0y.top
qadars,ugykacm8y46g.net
qadars,w6oysq060mwe.net
qadars,2cukusuw6820.top
qadars,k602cu8eg2c6.top
qadars,6gy82su0y4io.org
qadars,82sqo6smge0m.net
qadars,24y8qs2ci4i0.org
qadars,keoe8m460ukm.top
qadars,2ke4qca0i8q8.net
qadars,4i8mcioe8qsq.org
qadars,6ciw2s286kew.org
qadars,o2caoioywecm.top
qadars,ake4momwe8ao.org
qadars,02ci4yc64yce.top
qadars,6ka8y4ugq8mc.org
qadars,wa0m8qka0agu.net
qadars,uguguoacqcms.org
qadars,4qsy4m8aousu.org
qadars,q0m8ugy4i02c.org
qadars,kacuou0aku8m.org
qadars,qgy02k28yoek.top
qadars,g68ucakicqs2.top
qadars,e46g28ekuomk.net
qadars,smk6w20ysiku.top
qadars,y86gigi0use0.org
qadars,4yoi8q0mwqc6.top
qadars,m8uci4ugew6o.net
qadars,k28es2oqkywe.net
qadars,y8u4qcekas6s.org
qadars,sa8ig6oe82oe.org
qadars,a4icmsmc6geg.org
qadars,km464ug242gu.top
qadars,qk64u42oi4io.top
qadars,o2sacy8ec2su.org
qadars,qceoe8iwaky4.net
qadars,c2cywmsm4q8u.top
qadars,ycqo242w2g2c.org
qadars,wu4mou82g606.org
qadars,usyo68e0q860.top
qadars,gaoecyku4es2.net
qadars,2w28egu4a4u8.org
qadars,0is24e8mka0a.top
qadars,a0a0ig6wygyg.org
qadars,82g6ke4aki4u.net
qadars,aou4q0egekiw.org
qadars,4qomo6820ucm.net
qadars,y4yoeo2kiciw.org
qadars,oas60q8uk2ca.org
qadars,awmke0ukqcu4.org
qadars,8y8qk6omsu8e.net
qadars,qk24u8ms64io.org
qadars,8a02o6g68246.org
qadars,i8q4asekyk2w.top
qadars,oioi0i4m4a86.org
qadars,eca0e8q0q4m0.top
qadars,8y4awegqomsq.org
qadars,qg6oykqo2ki0.net
qadars,06kmgmg2468u.net
qadars,yg6gyg2kycao.org
qadars,4akusek24mcu.top
qadars,2wq0yceou4uo.org
qadars,kqsmc206828y.org
qadars,m0y42gy06kqc.org
qadars,oioa0u0eoycm.net
qadars,64msu0yoe824.net
qadars,o2cawecyc28y.org
qadars,mg6k6o2oagy0.net
qadars,oyku42smgaki.top
qadars,2gm4aka0a4q4.net
qadars,w2wq8a8es60u.net
qadars,ioykqw60ucy4.org
qadars,4uoi0u0qgyka.org
qadars,aoukeg2we8qw.top
qadars,km4qkukyoyo2.top
qadars,u468682om8y0.net
qadars,8e8mwy4y8ugi.top
qadars,mkegmoa0ucig.org
qadars,s6gy0mgaky8y.net
qadars,esi46kioygec.top
qadars,0ewioewik606.top
qadars,qseoecegmgak.org
qadars,4yw28y0yw60i.net
qadars,ewqgqk68qsew.org
qadars,0i4ys2oy464a.net
qadars,2oe0qoq0a42s.org
qadars,o2sioy0ic2c6.org
qadars,y8u86ou0a4qk.net
qadars,06smwec60a4q.net
qadars,y4ugacmcase0.org
qadars,kq86g2s2kacy.top
qadars,a0eoi4ewq468.org
qadars,wmsycuwe06ci.org
qadars,a0qc64uw242g.net
qadars,0ycqsms2oqsy.net
qadars,6s20awm4a8yo.top
qadars,gi0is2smwqka.org
qadars,ycasy8ew24yo.top
qadars,o60a8u8ekqcq.top
qadars,ioio60ikigic.top
qadars,kec64a0usakm.top
qadars,28a4ysq824yo.org
qadars,gmwioe0ioege.net
qadars,iwisakacq46k.top
qadars,8aoisy8ykqoi.net
qadars,6kiwakqsmguc.top
qadars,sqo6ky068e4i.org
qadars,uwiga0acewyc.net
qadars,0m0asqsaoy42.top
qadars,mwqoqgaoqcew.net
qadars,si0ugawu824q.org
qadars,64uw6sas2g24.org
qadars,oa86o20yk2sm.org
qadars,e0ecu8isekas.top
qadars,w2cekqcqcec6.net
qadars,2w6kuk2w6wy4.org
qadars,gykake8e4q86.net
qadars,esiomkm4asi4.org
qadars,0q4mwysacmci.net
qadars,6g6siou4aguo.net
qadars,g20qgqsicuw6.top
qadars,qoqcqca0q4mk.top
qadars,sa82suomo24e.net
qadars,ek68e0iw6kqk.top
qadars,o20a8u4u4aku.net
qadars,q4qcyce46gic.net
qadars,keka4qg68yci.top
qadars,206kawi4ugqk.net
qadars,oi0uwe82oig6.net
qadars,egugu8uwuc6c.top
qadars,o606g6wasu0a.org
qadars,6sawmgao24ys.net
qadars,c28esy0uoqgi.top
qadars,q0yoqcyge8ug.org
qadars,we0igeo24mgq.net
qadars,usekqwygmgqw.top
qadars,gqkec20i4a8y.net
qadars,28qkywqsq0qg.net
qadars,4uouo2420mci.top
qadars,6w2syweky4m4.org
qadars,wqku8ykqsmca.org
qadars,u020a86o2cm8.net
qadars,sasis2cycm0a.top
qadars,6cmsig2gmgm4.org
qadars,k6gmwqkuc6oi.net
qadars,aouwe8isykyo.org
qadars,424e8awi428u.net
qadars,i4akakuwekec.net
qadars,oe8qgik2gioe.top
qadars,qsycykyg60m8.org
qadars,0qkekasmsek6.org
qadars,q4ysekasm8yk.top
qadars,sqki8q0moa0m.top
qadars,6ce0q0ugegyw.net
qadars,wu8qce0qcyku.org
qadars,2cmkegacqse4.top
qadars,cygikqwismg2.org
qadars,moikmweou86g.top
qadars,4es28icu0u86.org
qadars,a02k2sqwm0yo.net
qadars,c28uw6g2cage.net
qadars,qoe8y0a4mge4.org
qadars,sy0ek2cac2ce.net
qadars,60e8ekekikq4.net
qadars,kqoi02g2se4e.top
qadars,64q428ykicms.org
qadars,g6c2wawesywq.org
qadars,64i8u4uk20es.net
qadars,wikec2suc6g6.net
qadars,a86464ukuki0.net
qadars,42kqwi0ik24a.net
qadars,206k2oucuceg.org
qadars,8ycicao24ygm.org
qadars,mcy420qkuoe4.top
qadars,sisyoeki8mwy.org
qadars,iweka0ygekqk.org
qadars,4eoe8esugmwu.net
qadars,6oygagugmw28.net
qadars,oe4uwmo6kyw6.org
qadars,iwe8a0mka02c.org
qadars,0ygy0asqcaci.top
qadars,egykukqwmoq4.net
qadars,ou8mk6we4m4q.top
qadars,2c2ousyka0ak.net
qadars,8ekyoeciwu0a.top
qadars,io2g6gqwq4yw.top
qadars,ge06sm42oy8q.org
qadars,ik2wy4uw2suk.org
qadars,wa4es2kagewu.net
qadars,esyoygasqwag.net
qadars,w6c28i0us2ky.net
qadars,ykqwa86gmsyw.top
qadars,ca4ygy8a0msq.org
qadars,2g6ougykmc6w.org
qadars,oq8msqo6km8i.top
qadars,i0igm02w24ao.net
qadars,wy4ysic28usa.org
qadars,iky4ak6gicyw.top
qadars,cikqkm8mki8y.org
qadars,e4i4usaga0yo.top
qadars,wmgas6w2sqo2.org
qadars,6sucewy0qcyo.org
qadars,wugasisqsy0q.org
qadars,esywuwigu4u4.net
qadars,kew6oyky8ige.net
qadars,ekm4ys68ig2o.net
qadars,46we064moigm.net
qadars,uoy86824msqc.org
qadars,gioiwyo68yk2.top
qadars,ywq0q02gig6o.org
qadars,k6wa06c6ouwq.net
qadars,m464ugycaoy0.org
qadars,4ygiwu0awmwe.top
qadars,qw28m8yw6gms.top
qadars,0icioao6ciw6.net
qadars,6g2km8uwq0uk.net
qadars,gioakqgi8q86.org
qadars,m8ukegucigag.org
qadars,geom46gugi0a.org
qadars,mceo6ga8yka4.top
qadars,kyw686cu8msy.org
qadars,yoacuoicagmo.net
qadars,4isyk68y8usy.top
qadars,2s2gaoi8qk2g.org
qadars,4qgqsmsmoqsu.net
qadars,yk206ku4uc6w.net
qadars,gisa02kqwyce.org
qadars,ecew6oi0ygqg.org
qadars,s68ag2kasuge.net
qadars,m028yo246oqg.net
qadars,0ewi8iwyki4m.net
qadars,qwioe4ec2cy4.top
qadars,we0q8ugik28u.org
qadars,ig2guk68a0mg.org
qadars,wqsi4yc2k2wa.top
qadars,uku0yoas2omg.org
qadars,ky8ugik6cuk6.net
qadars,e060eci0usyw.net
qadars,sq4e0uomgqsy.top
qadars,agm8a8ycysuk.top
qadars,sq0u4uom8i0q.org
qadars,m86wac6828qo.net
qadars,gekecqcy4is2.net
qadars,moikewikuca8.net
qadars,cioasesiga46.net
qadars,awywy4usy82g.org
qadars,c6wicu86kesu.net
qadars,qku860q02824.org
qadars,gqwa0asysm4u.org
qadars,eoyciousewec.net
qadars,8yoiwic20uoa.net
qadars,6ouwi4mwi4y0.top
qadars,0as602gioe8m.org
qadars,ysysigm8ewyo.top
qadars,cegaw20icu8u.top
qadars,i0esuk2cysq8.top
qadars,si8ioioucm8i.org
qadars,e4qwq8u06k6w.org
qadars,siwiwas20q8i.top
qadars,qgqsukyw6k2w.net
qadars,4ikigmo2cm82.net
qadars,uomoasu4a8m8.top
qadars,0qk6se4moeoi.org
qadars,ekegmk60q0qw.org
qadars,ci4as24m8y0i.top
qadars,akqkywy828mk.top
qadars,w6wy8aomgyoq.org
qadars,i4q06wa0qwqs.net
qadars,ke02oqw242ki.net
qadars,28igqwqwi4us.org
qadars,kagm0egus6ka.top
qadars,y4mw2o24ag6g.top
qadars,ga8m8eo6c2k6.top
qadars,agm8m86ka42c.net
qadars,g6gq8acygi4q.net
qadars,eoegmg246suc.top
qadars,4q4ysq8i4ig6.top
qadars,mw6kioqw2w2o.top
qadars,0ywywqc6oeca.org
qadars,e4uousuk6cq4.org
qadars,cyou828akik2.top
qadars,uweomcmseweo.top
qadars,casu4as2wusa.top
qadars,ysm0qgywmgmg.net
qadars,8i42gak2kesi.net
qadars,ekuoususeoik.org
qadars,o64ukukekmgu.top
qadars,usi0uci8y0e8.org
qadars,gm0u0i0a4ewy.top
qadars,yk64yoag64ik.net
qadars,oececmcewy0i.org
qadars,mougmk2o6ku8.top
qadars,0mcewuoekmku.net
qadars,y0igy4ioa8mc.net
qadars,0aku0moywe8u.org
qadars,a4m0ykm0qw64.net
qadars,ku4usigy06w6.net
qadars,e8y8iwqo60as.top
qadars,wuw6ce4qsagq.org
qadars,ig64qcmwe0mo.top
qadars,kiwiwe86ce8i.org
qadars,6kewq4iomwu0.org
qadars,8e4uke4uw2om.net
qadars,esugicewmgm8.net
qadars,ki8a4iga0igu.top
qadars,i4m4uc2smwm8.net
qadars,wmgyw2om46oa.net
qadars,qguge0a4qcyk.net
qadars,ou4ycqcakq0q.top
qadars,ygy82sq8qom0.top
qadars,smoa46wi4usi.top
qadars,ekm06gy0q4qg.net
qadars,gyoak60ugiwi.org
qadars,awe0a0e8aoy0.net
qadars,gi868ysesm02.top
qadars,qcise0ysyw20.net
qadars,8u860ice8eci.top
qadars,igikqge4uo6k.net
qadars,0us6o2sm8ysm.net
qadars,isak6o6sqw2c.net
qadars,kmoicises6w6.top
qadars,a8ismkmwu0uc.net
qadars,0mo68iwygu4i.top
qadars,e4y4ygmoy8m4.net
qadars,4646guk2sigi.org
qadars,e0u8q4e420ew.net
qadars,s2wqkukawica.top
qadars,moqsmga8286g.top
qadars,w28m82wio64y.net
qadars,a42oy4i0uwq4.top
qadars,0qwmkuk2c60y.net
qadars,q8m8iou4e8eo.net
qadars,o2wagu0e0i4a.org
qadars,6cacugesew6g.org
qadars,w6gqca4isqo2.net
qadars,e46o6ci0ekaw.net
qadars,sqwi06oiw6o6.net
qadars,egiwmceg6suk.net
qadars,oyoqcqcekqcu.net
qadars,6ceo20y8asu4.net
qadars,8ys2k6ki86g6.net
qadars,u0uke4a428qo.org
qadars,sy0mo6ki4ece.top
qadars,u0mgmkusq02g.net
qadars,0y0i868igqse.net
qadars,2s6smseca86g.net
qadars,sucyka0ukuwe.top
qadars,60q4icewykag.org
qadars,wmoucysecu8m.net
qadars,qsiwi8ao64yc.top
qadars,wy0eomgugasa.org
qadars,6w2c2w6ke8ew.org
qadars,8qcakqcywuk6.net
qadars,24es6gesa8ac.net
qadars,8q8e4a8ecy4e.top
qadars,is6kuke4qg2k.org
qadars,wmsao2wywy8y.org
qadars,y0i8ioy4e4qg.org
qadars,cqguoysa4aoy.top
qadars,q8y0i0uoysig.org
qadars,8ygm4qg2cyom.top
qadars,iwq4y4mke8ik.org
qadars,kesawqk2wq46.top
qadars,64a0ywy4egm4.org
qadars,8agesisegykm.org
qadars,agiom4uge4ik.top
qadars,oyw2gmc6o6c6.net
qadars,6oyo20qo28e4.net
qadars,cq4qsugmoycm.net
qadars,mwec6wuwyoqc.org
qadars,gisaoq8y8awe.net
qadars,6siwmgqg6s24.net
qadars,ci4qgio2kqku.org
qadars,206w2cucu8yc.org
qadars,0igesqcqoaoa.top
qadars,awmgakqwm0m4.top
qadars,ku8agus6waki.net
qadars,usi86oiwawqw.top
qadars,86gm0iw6868q.net
qadars,qki0mwiwaoyo.top
qadars,4qgmwqw6sysm.net
qadars,60e4ygy86oig.net
qadars,cqoyg6gik6ky.net
qadars,m06oewqoesao.top
qadars,cycywysa02cq.net
qadars,iguoi0i0qg6o.top
qadars,w20ysqwqwycu.top
qadars,mo68y4egykm4.org
qadars,4q42se0ysuca.top
qadars,qga0uka8mo2c.top
qadars,42c2oa0a8e0e.top
qadars,isakmgq82cuc.top
qadars,kysm4i0ykagu.org
qadars,yku42ka8ms2s.top
qadars,4mga4uk2kegi.org
qadars,as24moeguoig.org
qadars,4qkiwukm0ikm.net
qadars,2wiou4isucuw.top
qadars,omsm8e06kakq.org
qadars,ywici0eka8ag.org
qadars,giomci8qw2ge.net
qadars,akic6wu8aku4.org
qadars,ce4y8ewi0as2.org
qadars,ewuw6g6oysa4.org
qadars,4a4a8m8aoqge.net
qadars,e8ysu06g6ka0.net
qadars,wusi4y0mwu0q.net
qadars,m8u82km02kmg.top
qadars,w6020ao2suw2.net
qadars,aoqwqgycmseo.net
qadars,0awa8e4iw6w6.top
qadars,acy8a8eoycak.top
qadars,sy0ugycicm0u.net
qadars,yci4m4isuguo.top
qadars,0uk6cusq4uoa.org
qadars,m0mwik6oawao.top
qadars,k6o206kywmgu.top
qadars,ekisu42868u0.top
qadars,cy4ukao20mw6.org
qadars,6cywm0e0uke8.top
qadars,gqg64q0u828q.net
qadars,uwyouomkioi8.top
qadars,si82w2sasy46.org
qadars,uwm0e8m8e8io.net
qadars,w24qka8ic6s2.org
qadars,eg2ga0y0u8q4.top
qadars,su8e0asmgqoq.org
qadars,2gysuomg24ew.net
qadars,w20asas6we86.top
qadars,igqw6wug6weo.top
qadars,sacicuc2g64a.top
qadars,e4a86cq4uo6s.top
qadars,oqcuwqwigio6.org
qadars,a4y4igekiwus.org
qadars,0a4e82sywa4u.top
qadars,m0yk6gmsage0.org
qadars,wyg2o2w6gigi.org
qadars,a4ykmca4eoio.net
qadars,cu0aw602kecq.org
qadars,eo6s6c2kesak.org
qadars,oawq0uga8682.org
qadars,usa4ukmcqw28.top
qadars,8i8i4qou82sa.net
qadars,ycisycake4i4.top
qadars,oucu0icugmwe.top
qadars,2gmkqsy0ag6o.org
qadars,cmkuwuku42g6.top
qadars,ekucukqsq4ag.org
qadars,c2cqwusqs2sm.org
qadars,2kmoewq06kqo.net
qadars,c2c2kyceoiom.net
qadars,aca4agugywqk.net
qadars,4a8y8ioy86cm.top
qadars,e82sy02wu4ug.top
qadars,02wqoq8agqg2.org
qadars,6ga0is68asyc.net
qadars,seg6ouc2o60m.top
qadars,y4isecqwmkmo.org
qadars,ousu4e4uouce.net
qadars,ugmwyga42se8.net
qadars,4u0ucu4qku4e.org
qadars,y8u4a86kuka8.net
qadars,oeoeke4qoqom.org
qadars,6460602gaoi0.org
qadars,wi0i4i0ucqgy.org
qadars,is6oicmgqgyg.net
qadars,o6k60q4i8agy.top
qadars,2cacism4ekuk.net
qadars,gqg2si06kucq.org
qadars,28iga4awi4yg.net
qadars,oa8esqw20ys6.org
qadars,eo2kyoioy828.top
qadars,cy0y8y02oiwu.net
qadars,mw2gmc2024i0.org
qadars,wmcyw2oise0i.net
qadars,a4mwuwuwqwuo.top
qadars,ciwas6gqom86.net
qadars,qgmwecqcmk6g.net
qadars,4m8ew2kiki06.top
qadars,y4ucqgqk24mw.net
qadars,wy4mcyom0e8u.org
qadars,yc28qkiwa8i8.top
qadars,k2o28uc2824e.top
qadars,e8e86oysq4uw.net
qadars,4aw20aomkec2.net
qadars,ygu8y0ekigq8.org
qadars,cm4iomw24q46.org
qadars,mg6oykqoy46w.top
qadars,0ic2gmwe8awa.top
qadars,2k60u86ce0qs.org
qadars,ca06gqgiou0y.net
qadars,qoasyc20qsis.org
qadars,oqoeo2ku8moy.top
qadars,qs6cuoismoi4.org
qadars,w68yciou8qke.net
qadars,686420ioegmo.top
qadars,kegeseoy8yoe.org
qadars,yca4iku4ioug.net
qadars,gmga8qou0ism.org
qadars,aga4qsacagmw.net
qadars,8u424u4asuca.net
qadars,mcucmcq0us2g.top
qadars,oykyga0i82c2.top
qadars,isas2ci8ukio.net
qadars,ce8moikm0a0u.org
qadars,6424qca868uk.net
qadars,0mkas20igmci.top
qadars,igusa4a82kmc.top
qadars,cmw6sq4ms24e.top
qadars,ycu4yoysig6o.net
qadars,4uwu4q46se0m.net
qadars,m0i4asu4i8m0.net
qadars,0mwuom0e4akq.top
qadars,ic6cy428qkq8.org
qadars,02oy0ic24egm.org
qadars,6ci4y8acukis.org
qadars,wuous646ky4e.org
qadars,6wew6g6sik6s.org
qadars,om0agq86ka8a.net
qadars,ykiwi8i0egmo.top
qadars,seo6cmwyc6ku.top
qadars,eo6kywmo606w.net
qadars,kigmcu0aguom.top
qadars,moa0aoug6gq8.org
qadars,wekm02ke4mwm.top
qadars,a0uo2cm0iwu0.org
qadars,sm4e860ec6we.top
qadars,mkq4yk28qwuw.org
qadars,cy0awic6km02.org
qadars,msm8y82wi4us.org
qadars,w6ka4mc6c2gy.net
qadars,mwi4u0q4usu0.net
qadars,g6k2gece0q4m.top
qadars,ewe8i4aceg6k.net
qadars,wqgqgq8uwq0y.net
qadars,2s6kewmgekmc.net
qadars,w2w20ys6wuoi.org
qadars,606cqce02guo.net
qadars,wa06cukuoa8e.org
qadars,msqom4ys286w.org
qadars,kuoqgicqkasy.net
qadars,ygaw20m06sa0.org
qadars,guwmouw2ki86.org
qadars,20ewugesywag.org
qadars,0ywe86ga828e.top
qadars,yk28mg2kq4mg.top
qadars,saw6w2cqsm86.org
qadars,uwuoyouk2ku4.net
qadars,wy8y0yoioacu.top
qadars,yga0a86oagas.net
qadars,8ms60ug24ywy.org
qadars,eoycakasioeg.net
qadars,cy0mgewqkaky.top
qadars,e86ky8y4ysmg.top
qadars,0mwq0qwuci86.top
qadars,6se8646gy0ys.top
qadars,8mc20uoq4uo6.net
qadars,i8qsa8e06cug.top
qadars,kawioy4uoyci.top
qadars,uwa8ismkigao.org
qadars,cuo24uc6oucm.top
qadars,ici8i0icacms.org
qadars,cmoe8q8ms2ky.org
qadars,6syoas28aoqg.top
qadars,ci0y4isa4uoa.net
qadars,esigawawmwec.top
qadars,seoygiw6sew6.net
qadars,ikag2oe4u4q4.top
qadars,si8yoq8ygyo2.top
qadars,2wi4esywioy8.org
qadars,4q4asu0e8aku.org
qadars,aw64e0y8qc20.net
qadars,cu068a42km42.top
qadars,ig6gewy4icic.net
qadars,w68u8u4206se.org
qadars,m868ekq8iwy4.top
qadars,suoe8y0u42gq.net
qadars,2kuoekyk6oq4.net
qadars,wy4mcm8qwm4a.org
qadars,y4msmw602wuk.org
qadars,86cmwm42k2wa.top
qadars,m8ms2gycekm8.top
qadars,4agmoygeoi8m.net
qadars,mcigysi8qgqg.org
qadars,oqo6gikmou4i.top
qadars,icm06c60mk6c.org
qadars,wecq8a46syo6.top
qadars,ywmoqgu0usq8.org
qadars,4mca8q8es2ki.org
qadars,mkika0esyg2k.top
qadars,cesu4ykuoa0q.org
qadars,agasiwmk2gic.net
qadars,wmgqwy8ewi86.net
qadars,2sikq8y0yga0.top
qadars,8qwaous6k6gy.top
qadars,m4asy0mk6sus.org
qadars,c6cysuwq0ao6.top
qadars,uo60uk68asac.org
qadars,kmsu4y02oiwa.net
qadars,qomgmseguw2k.org
qadars,ki8u8as2cy8u.top
qadars,q4qcm4msy0u0.org
qadars,ky4ikykqga0q.net
qadars,ywycaoy864yg.org
qadars,ki86064mcm4a.net
qadars,28ak6c206cek.org
qadars,0m4isisiwqc2.top
qadars,age420q82kms.net
qadars,gysugusqkigq.top
qadars,qs2gikmwewu8.top
qadars,kes28e068uo2.net
qadars,u4as6wegq8y4.org
qadars,sm4es28iom8i.top
qadars,68moe8m0i068.org
qadars,0acuce060acu.net
qadars,acusmky4y4mo.org
qadars,0i4uo2si02s2.net
qadars,m0a02kyguci4.net
qadars,ois6ou8qoiwa.org
qadars,yo6gi8642868.org
qadars,guoig6kukyk2.net
qadars,ioa0y0e0mo6o.net
qadars,o2wisuwege86.net
qadars,iou4yk6cm02c.top
qadars,oicy46weciou.top
qadars,u86cis68eo20.net
qadars,wqw286ou4m8m.top
qadars,2omwyou428qg.org
qadars,8moasakmwyo2.net
qadars,a4yoikakesuw.top
qadars,0qkisqoysq86.net
qadars,ica0msycqw60.net
qadars,gukac68y4yk2.top
qadars,icusy4e8mkmk.org
qadars,oege8ecyw2wq.top
qadars,esacm4y8u0qs.org
qadars,820icqku0206.net
qadars,uc60mges6oy0.net
qadars,o68242oaw6oq.top
qadars,iw2ka4mcqcq4.net
qadars,cygmoac2w6sa.top
qadars,ys6ku4q8u0yc.net
qadars,8e8mgeca4602.org
qadars,mkmcigqkugeg.org
qadars,4us2c2wyk6w2.org
qadars,mwugus606su8.top
qadars,gugmoag2cec2.org
qadars,ikuka86w6seg.net
qadars,kiguc2s2wyo6.net
qadars,i0ucqwugq8y8.org
qadars,oi8igese86c6.top
qadars,asq4acqgakuc.org
qadars,8ug2g6se8i02.net
qadars,moi0ikyoe8ew.net
qadars,w68qoica8i4y.top
qadars,a0q4ew20i8yg.top
qadars,ge4isasy86oi.top
qadars,qwi06oas2cy4.net
qadars,oi4aoyga8y0y.net
qadars,6s2km0qsy8u0.org
qadars,0ukesa46g2gq.top
qadars,ygagu8uku0q0.top
qadars,kmwykacmkyse.top
qadars,u0mgqsi4y0qc.top
qadars,0uwacacycmsi.org
qadars,ak64qkuwi8as.top
qadars,wioeo6omsqwu.org
qadars,akyou8eoywuc.org
qadars,s6s6cmwecism.net
qadars,m0moe0m8i0ac.org
qadars,gewmoakqga8e.top
qadars,e8e4e8u8ewak.org
qadars,ki0uwysy4qwm.top
qadars,qke824ekykqk.top
qadars,4qca46kmsiwm.net
qadars,a8mgawqoigak.net
qadars,wywa0qsm0uce.org
qadars,iwqs2sywikig.org
qadars,kyku8i8ucecm.top
qadars,a4u8qoysasug.net
qadars,kec2wekqwyci.net
qadars,2gq464agqsmg.org
qadars,sisqwew2gqse.top
qadars,agycasisqg2w.org
qadars,gecesq4aoe4m.org
qadars,mseg6oqw68u4.top
qadars,828y8q8eo2c6.top
qadars,m860a0ucuwi8.top
qadars,0ewawm4awmoq.net
qadars,awy4ygaoace8.top
qadars,s24mkas2k68e.net
qadars,m4use024m02w.org
qadars,kis20acaguom.org
qadars,mwmgiw64ecag.net
qadars,cywucegawaom.top
qadars,qs2gq0y0qk60.net
qadars,cm8m86g60uge.top
qadars,eoq8asm8686o.net
qadars,wakywigeousa.top
qadars,mwy0u4u0ywq0.top
qadars,g2caw2wec2cu.top
qadars,68aoucm8u0ig.top
qadars,8qga8aw6c60e.top
qadars,e86oewq0y02g.org
qadars,cy0uwukmgioq.net
qadars,icacmgyc2k68.top
qadars,casqku8ew6ce.org
qadars,i0q0u82cq0yc.top
qadars,gi0ewyoawiki.top
qadars,uk2c6siw2oi4.org
qadars,4yoegqwqkmsi.net
qadars,eoasu0y4u8a4.net
qadars,oioac2kq86sm.net
qadars,60mcigeceg24.top
qadars,8m8q0ecmwek6.org
qadars,ms2ois282wio.top
qadars,gqsy0agegake.net
qadars,i02kucuwqse8.org
qadars,c6828y4m8uwi.top
qadars,u4ygycus2cqc.org
qadars,0es6820qcu0u.org
qadars,2smsasu0isy4.org
qadars,860m42keseci.top
qadars,6w2smoysm4yk.net
qadars,o60ucecawmgi.org
qadars,m4y0qcmsy8uk.top
qadars,0qsu4m86gq02.net
qadars,6g24ewus24a8.net
qadars,w6gy8q4yka0q.org
qadars,awe0igu8q8uw.top
qadars,gqwmkicig206.top
qadars,q0ao6ku0m8yg.org
qadars,kycegycm4ykq.top
qadars,u4m4aoiw64aw.org
qadars,wawq4yc2sasq.org
qadars,a8qoqseou860.net
qadars,0y0ucqk64awu.net
qadars,y02cq0icawis.top
qadars,gqsigiw60qwu.org
qadars,q0ese4i8ms24.org
qadars,8mkmsek2sesu.org
qadars,ac6ky4agi0i8.net
qadars,kis6ouc2wm46.net
qadars,y0mg2cewq42k.net
qakbot,rrbilltwrbirqijds.biz
qakbot,mtgyujcmfebschemlvfv.com
qakbot,jgznezfuybpbuzcqqgzzdclyi.com
qakbot,wgelijcybre.com
qakbot,iqypfobpuydnzzjpxkplp.org
qakbot,qyzhhjahigdofkho.info
qakbot,wymqqntcmbqu.org
qakbot,nfqcdgorrwbhdcuopxyfgxocq.info
qakbot,rycisajalhviohlejrgbb.com
qakbot,nboycswahvfgmkzspcrst.biz
qakbot,jokamhtsaoph.net
qakbot,qcruispbmobgdynpmrgq.net
qakbot,uolhxgrxxrhbtftrb.net
qakbot,fuilhxjymz.net
qakbot,rvpbzhyyv.info
qakbot,zblsqunvmukfb.org
qakbot,xxuccopadekkmwvv.org
qakbot,lrbcbshtdyesspjokinqkfopi.org
qakbot,gehxdknmprwcgqccxfr.org
qakbot,gtctqxalwr.net
qakbot,kkkeqaqsdgvdfqzpxvdvs.org
qakbot,fvsojrjxuvflkpvlgufgqxg.org
qakbot,dszhpkcqryjibapoljgr.org
qakbot,cztwlcalxv.net
qakbot,vnhbolhxfzarqnju.biz
qakbot,nokgfnppuhjpbgmry.info
qakbot,wdlzvxgstooujbchglrqlm.biz
qakbot,ofrtfgrbyyvplgseqfdnwwigh.org
qakbot,bzbepoodqrddlem.com
qakbot,eqzqjlnrumpvnppl.biz
qakbot,ochdunbiuhctef.biz
qakbot,qnpowphmdgz.org
qakbot,bfbtqfzoxhh.biz
qakbot,ftgyyohjkdqzpuqjc.com
qakbot,dmexiikwaxaagewrhk.org
qakbot,aneqvrjauaccxgjig.com
qakbot,olpdhipjiauhleibftuugax.info
qakbot,mrwdsvaihaexqgnkniq.info
qakbot,izartxaokmrzwdhjxmclmayf.com
qakbot,yefsyhxtcgqbvaafugrjlfwo.com
qakbot,quydcsannwqsssisljj.com
qakbot,cbckvkspztte.info
qakbot,rmcjjqfsflxnmjyrztxhyb.info
qakbot,pnduandrzcfz.biz
qakbot,vnbtvnamzaeboxkcsffqrzk.net
qakbot,jfkytkalbxf.org
qakbot,uslplqzeqmacidatbqgbkzjq.info
qakbot,ufopbwhhtszg.biz
qakbot,quuwqlqncwjj.info
qakbot,wzokmcoynoha.net
qakbot,wygiymhqxj.com
qakbot,arvefkgcqhx.com
qakbot,reksqvckhczgxkct.net
qakbot,svqjctnbqu.net
qakbot,nfdsfpecxrhtt.org
qakbot,kgrxoochnymmqvg.org
qakbot,shpmudtbnqwksonxi.org
qakbot,gxixzrfnlqekqkljohg.org
qakbot,lzvnxxbrqepbeyviszomcr.biz
qakbot,jdonwntnii.info
qakbot,tbcsrkhsubems.info
qakbot,hjurycrmnrjecad.com
qakbot,yzmdfulcqoonypaqqxyyl.org
qakbot,dylbtevyhjfxbfl.info
qakbot,kfylhuykuuos.info
qakbot,iykypspgz.org
qakbot,baqgtojtdnk.org
qakbot,tzfziixpoqprthowndebzbq.net
qakbot,rmxjolqllcgglfzjqyd.org
qakbot,xfhsahhvbavvqwtsxs.biz
qakbot,wypypfssacawxprxnkqfmwnbf.biz
qakbot,siytnnqd.org
qakbot,ilsainklqcraoeavtb.org
qakbot,fprtuckbw.biz
qakbot,dskhjfenyx.info
qakbot,juxkhefvrsbvcarj.com
qakbot,sfvcxkuiqku.org
qakbot,mbovcjinvaeokmspwueffxsss.info
qakbot,qlpirqpwzfkpjgfbboxt.info
qakbot,cbixsmtmxtqhvgrxafqveedlg.org
qakbot,xasvzomzaxrctmtimgaiyhti.com
qakbot,eqjzidoubp.biz
qakbot,ywjchggtvglkqjprdjfnqjt.info
qakbot,tmuwvuamjzvcbgynul.org
qakbot,vnsalcswaqluwudjilzd.net
qakbot,ljvfumeg.com
qakbot,wznswtdzvaftqefwvumjgknog.com
qakbot,cderhomsvfdkbfxq.com
qakbot,nhlwpwftzacrwxakgbcl.org
qakbot,tzfphogvexg.org
qakbot,gpwvlebwfsbqflzs.info
qakbot,ppqxdpifqs.info
qakbot,kaptrsjg.biz
qakbot,ginqwsoohhmkxczqpatab.org
qakbot,nhbndjanmyyjodxfsrgac.biz
qakbot,tnryiyrlstzdrlf.org
qakbot,dopwmnyzuinsjblfc.net
qakbot,otcxapydyfpsyasjwzcwief.org
qakbot,kqnnwovrjcslhvwtzegat.org
qakbot,pwszntuqegndndfdj.info
qakbot,vdzqmaeolbrwcddugym.net
qakbot,zbiebsrktolahyilj.org
qakbot,fafaigpusuxzjx.org
qakbot,ioginqjxpsprwypsrvshaaj.org
qakbot,lkhocfpineiixbu.org
qakbot,feqvausdselvlzjjazktrbxy.biz
qakbot,zsdelkprcurhny.biz
qakbot,ztgdoelwuyqxlaxohpkwu.org
qakbot,hlvqrblr.info
qakbot,vjkzumnv.info
qakbot,kqtrjlqqwmmxfj.com
qakbot,spdkvrwlemgcjsijyjdwjqn.com
qakbot,cqhgrhvrgmbinn.net
qakbot,rtexawexhg.info
qakbot,ihnvwntjxl.net
qakbot,uiexyrqwnycxjrziinlrpkt.biz
qakbot,ricudmabctbx.biz
qakbot,dngokskkyegivz.info
qakbot,ggpjfcstwrqldleaq.org
qakbot,vokhxpmbbqkbecw.info
qakbot,rzsgahkvpnavgzou.net
qakbot,dcszabdhfhbeoaotxll.org
qakbot,yduilaicpbcxlg.info
qakbot,okrsvifrskegrqcm.com
qakbot,sjapcqskwilszljrcfxkxsr.net
qakbot,wkfgenwla.net
qakbot,slyfizovyhqciogtkvz.net
qakbot,irfcgtkj.org
qakbot,hjsnjcoqnugcwsnghca.org
qakbot,vetqkiyiumfdsulxn.biz
qakbot,glglwwoerpmhbvmxd.com
qakbot,bvbvqhgjijegsmfbf.biz
qakbot,wwqkprqdccra.com
qakbot,djbxgkzjrqu.info
qakbot,totelbaxnshrqbet.net
qakbot,fwxebjgrypheas.net
qakbot,ydbvvsmnqswkfdl.com
qakbot,qbzjlhcxx.info
qakbot,dkiamykmtk.com
qakbot,xwqadpgzvtnzlqnz.org
qakbot,ulzpygovlxtxjmqtobsg.org
qakbot,oabgvjolbugc.org
qakbot,wwhuhlnjjqgkqcxsfzo.biz
qakbot,qosygybqytlvb.org
qakbot,kbvkfelfzc.org
qakbot,ftvqfhqlafckhev.biz
qakbot,mtnbvuqmdjefmfvbiq.com
qakbot,tbbodbsomfjzmlhl.com
qakbot,pzwondghftxqcvjsslsoph.org
qakbot,igbharctglnpzxpegluocxwr.com
qakbot,eoptclownlytaeudnvaxkwpq.org
qakbot,qazvfgjuluejcmjpax.org
qakbot,vxfofdhemrheutmpbbvcap.com
qakbot,cncsikqwi.biz
qakbot,oeitqqufht.biz
qakbot,siwyueanh.biz
qakbot,bjzezlptbqclucfdlivazb.com
qakbot,taoqpszcmzwxwxndimo.org
qakbot,qupbskwjohnpzqbpijhporhp.biz
qakbot,bimngiyj.org
qakbot,vkcuswjgeembplnhoe.biz
qakbot,aazerxfcay.net
qakbot,hmwmqsvj.biz
qakbot,shthtjwplgjaysfepuyirzeux.org
qakbot,oajpnubapcleiazfripar.com
qakbot,coxbbchhvvpz.biz
qakbot,vfdjsbmdi.biz
qakbot,uktmktilnoumhonvp.org
qakbot,xmhnsktxyzq.info
qakbot,ioighmwzztfvgzwfx.net
qakbot,azphbawnoczjrpcfnmczwo.org
qakbot,itnzsmisck.org
qakbot,oybxkkyqjusrutqcmhbldop.biz
qakbot,lkuesgjrrmmphhbdpcxazz.biz
qakbot,cruyjczgtmrn.org
qakbot,hwonqrbw.net
qakbot,hdqaurohkogzmtxm.org
qakbot,lakbqddixyhgiacocr.com
qakbot,yialklikodzmfyxpfjpmm.org
qakbot,tzqoouvfcmwsemd.info
qakbot,agscbovkckkhxloauf.org
qakbot,jcesnlbzg.info
qakbot,czipymmcw.info
qakbot,blyiuldnlieqqlovulgmq.biz
qakbot,zubozudkurq.com
qakbot,mtyeqwrexebghanwrzpltfape.com
qakbot,dgngqpgcxqgmtggskuodjh.org
qakbot,bcmjlenybq.org
qakbot,grqlkperuxmz.biz
qakbot,vvrnynjyhluccxdhpgiwqgcfo.biz
qakbot,lmqtanrawgkripcxyrugw.org
qakbot,apmryyuiujfhh.com
qakbot,atxawqdmklecqazhn.biz
qakbot,srqzpzxocjouzgea.net
qakbot,cslnoyayykzejnawyzvzd.biz
qakbot,qmtpnwoolwrocj.biz
qakbot,cercihzrajbmtnmxtbueix.org
qakbot,eflukhvrkmhivfiqmimnfjrw.info
qakbot,rhhogyfbvpsljyyoav.info
qakbot,rxziyjna.net
qakbot,mqmoyuoqtlmjromcpchlvgaps.com
qakbot,xyoryxxbdhsmevr.biz
qakbot,cuphksjezxocgrydmytdbf.info
qakbot,ybffpbfttewxjt.org
qakbot,sefqtktuyifybqhtmclbon.net
qakbot,jzpipauk.biz
qakbot,ghavxujnjxjifupbxxxktoxbq.net
qakbot,bzwrukcjvbm.net
qakbot,ljknjwjdgxkok.com
qakbot,viwnjewcmwn.com
qakbot,sughanieaksncckkelmfikt.com
qakbot,aoabwledbccqj.info
qakbot,qfnxlriewudaxemml.net
qakbot,tvlilcvmw.org
qakbot,emrqjitgxovubq.org
qakbot,kmmrtvgyqdrcupirvgznkz.net
qakbot,ceiqtbkkvzbvnsgdmvkzz.org
qakbot,jsbatlawhdgrhiwrkvsga.org
qakbot,hlmwywhkbnaurshsbg.org
qakbot,lfhturtugcoeavn.biz
qakbot,itnydocxmtlxcrxdjhrtaon.org
qakbot,rzwtnwwahndmckrr.biz
qakbot,fxhhvzrayaoevyclnqvpjb.org
qakbot,sprifrxs.net
qakbot,ojrlugka.biz
qakbot,zufndnuxvcgzsekyosxgb.com
qakbot,jniikhqtjqj.org
qakbot,bvbozpbdcrskylrksnnbcxgli.com
qakbot,poybnjvsbbtvgaddmglipfzyq.com
qakbot,tcngksuarakoycpcmgd.org
qakbot,ewbregsorjuxythifrimlqj.net
qakbot,gxsjmlionsmgysgnjidqrm.com
qakbot,iijdilpemnfuqincks.org
qakbot,adybnwsvgnlnwil.org
qakbot,xnszpituyumvma.biz
qakbot,nwuhhnpfnocxxnfphsxwg.info
qakbot,wbhytwbq.com
qakbot,jsrmyapezhebinznm.org
qakbot,msvzaaanhgxnslib.org
qakbot,xmmhfkcngttxjwtksffyh.org
qakbot,hbmugfsehkjvygytzkyvjvoie.com
qakbot,jncxfevw.org
qakbot,ujqbtrlddmoxvkpjjap.info
qakbot,xfeusddeuvscjspptdxsuof.info
qakbot,suwxuvedsfhzakvpziz.org
qakbot,ombrbtjwqgzghjslb.org
qakbot,ktprvipucm.org
qakbot,oneqcgaenhunnq.org
qakbot,sepztxttfnhcrrxpkknxmjwn.biz
qakbot,gqpstblyvxgrb.com
qakbot,harupfmglbtshqgzskqbha.org
qakbot,mkmqczlrfynhoxbdldrp.info
qakbot,kiptacqtf.info
qakbot,ayjrjagnuodkhrm.org
qakbot,xxdrnapwbpeagdioyozr.info
qakbot,ixfvecfemkvxmsuhuevnushq.org
qakbot,hwkdhhmrpztjbzvf.com
qakbot,iinhxivindzeinmactgltgre.info
qakbot,pwuromemxmbbs.info
qakbot,wlrurlwguzxfasyvkgypd.net
qakbot,paknnzjnmibqfsteoyxar.info
qakbot,qqtytlpywwdpb.org
qakbot,fazakpjslgchoyelidma.com
qakbot,foiajwxuxxjappcbziopetj.org
qakbot,frphnbfyjgdzcvgz.org
qakbot,xopvsjodduynflpvbxojf.org
qakbot,ugionxrrcjqeihpm.biz
qakbot,hhadxjeornwfspbaqk.org
qakbot,qthkpxoyhgmprxnzso.com
qakbot,ytaddegpdzz.org
qakbot,podqhmoqvpfcq.net
qakbot,jvqnqplsusubto.org
qakbot,biqbzfqnttepvrhyozraj.com
qakbot,prjpqqcvbztny.net
qakbot,yrmqibgbdiqhcmgy.info
qakbot,gjsbksbzezhm.biz
qakbot,ykzlegbcqifyyyayacyggbsfx.info
qakbot,xeoyffqpdvs.info
qakbot,xjezzurplkplo.info
qakbot,gkfzvmrbvrywdrthnp.info
qakbot,rfgvnaykfyafavmmsavlvfakb.biz
qakbot,zjtrjxjfphxchd.biz
qakbot,raxmckpfadygleua.com
qakbot,seuicmyxii.info
qakbot,zanqbhpqp.org
qakbot,xjtjgyahgfuvl.org
qakbot,gczrhdiljvfipo.com
qakbot,dlwtiamcmfilmcrzcznzkq.com
qakbot,vnexmwanbahtfazt.net
qakbot,pynhcnudu.info
qakbot,wchkbjealffygrukml.biz
qakbot,xwxlgygkkwwjgdgqucgw.com
qakbot,jbchqswnhei.info
qakbot,kjqakopkyth.info
qakbot,twyohftwroqkxhnfti.info
qakbot,ixysbbymgezrqituqtiusokca.info
qakbot,flivlqxawfjlmur.org
qakbot,dwpjvbjebqjdjrxppwmjgah.org
qakbot,ixuuiejeei.com
qakbot,ydncfulgqffrvukvjgrnsm.org
qakbot,gkuvmmeecidrlpo.org
qakbot,cqepddoqidmpfcrijhsvge.net
qakbot,nxdbuousifxp.org
qakbot,gopaawjdbfd.com
qakbot,rdlhtwfrlzvwaxhu.org
qakbot,qeehoauqikmbxt.org
qakbot,mzlgjhkqbihlwkfohx.biz
qakbot,zytnmfmuvtjvlvya.biz
qakbot,bjtcrwka.com
qakbot,innhzlymc.org
qakbot,ajxwzcnfmnutrxqyrr.net
qakbot,ooadszclebolxkf.net
qakbot,zpxvhflfyvnwtogaxcm.org
qakbot,cxjxsgfgndwydf.org
qakbot,hlvgyifbncxjawe.org
qakbot,phucukmam.biz
qakbot,fexzjafhjchqdhrbkjryy.com
qakbot,nzqaoggjuidyqpyahsg.org
qakbot,pftsngaxrvwgsvqnxk.net
qakbot,drvuirprmjs.net
qakbot,hhvcjgjcvumghceypoec.info
qakbot,vmyqzpnlemrzd.com
qakbot,lojtdoytkolaaetynbenjd.org
qakbot,wlgpnuocrgwimviovob.org
qakbot,ygesejclnhjigjziqzffmhxol.com
qakbot,dgwcpziofgywwetqzgzhfavb.com
qakbot,zyryibbdjzgbrimkwrzraxabj.com
qakbot,ucauzpvqapkqaxpnpeyutcri.com
qakbot,hdnnillawucynggweepj.com
qakbot,eifavhsu.org
qakbot,hzywuobviylqlbtoahixuz.net
qakbot,nxvxwuiarqfvknnqw.com
qakbot,lgtolozfemxt.org
qakbot,cezirpikgbwqc.com
qakbot,gjspqwsxyagueplxscmsaokae.net
qakbot,eptbepnfzuxymgceuvojvgdl.com
qakbot,rkmkenmytotyf.com
qakbot,vzmfuobgboqnmnylfec.org
qakbot,cpjlzeekdjomkwjscboxfhz.org
qakbot,qqdwvnjobjrzd.biz
qakbot,wlndetgabgkwpplvykcsrnu.org
qakbot,ujsgvydx.com
qakbot,sdbnyjymapyrncclbuaq.info
qakbot,csnqoljpmc.org
qakbot,tfvskzmqipnvigr.info
qakbot,gvgghasgnubrnna.com
qakbot,fhgkpeknjpywcguwsuayp.net
qakbot,urkhxlgrfat.org
qakbot,wxecwxvftclhgkdphkvikszig.biz
qakbot,ugpzgffgshxsgzlp.net
qakbot,cxxdsnvwbzewmogmep.com
qakbot,wbrifyggpxpbrqgbmsgehl.biz
qakbot,dkyoxctvrmlqt.org
qakbot,zzcagjanlaktnuxpjycwqxawi.net
qakbot,awnbsushtunkxldmhthdv.org
qakbot,lfrxacauftnrbza.com
qakbot,wlsoqqfoefszrutpijgnxvdg.net
qakbot,dfymzwefiskvugzxsrpaxkw.biz
qakbot,lfjljadbzsprjr.biz
qakbot,jkmdosuntykcd.com
qakbot,lmrkosecrkwxs.org
qakbot,rqvjslgq.net
qakbot,mmwrsiqhrcyklgbdbc.net
qakbot,qazdjnugvilk.org
qakbot,xzlqkgqehvjqawl.net
qakbot,wdkrdsojxoyweeccncrxlery.biz
qakbot,vsyegajnxdttlcjbhvlfkx.biz
qakbot,bhryfumtzeomqvt.com
qakbot,asneyuscmwofhmo.org
qakbot,erqscccbn.info
qakbot,gekufxvqrudptmdsuf.biz
qakbot,vmizdrjhanujazovmlprihqoj.info
qakbot,nqarunmtqlxdozgb.net
qakbot,fhogfhgmjrvbr.biz
qakbot,bwvwtgzzgiujowaunmkj.com
qakbot,bpwhmbwmjwbwfgyxqmyrebiq.org
qakbot,lncvmjgalmvuoocylslhlwoo.info
qakbot,dsmcxctuyenwjj.biz
qakbot,hfctmgbtkdoehwiyre.net
qakbot,wgmiefsgf.org
qakbot,qravvvlnzp.org
qakbot,huxnghjpheoifwn.org
qakbot,frlwhyuzvzfngbltkzkzdv.org
qakbot,rzqldveypnyw.biz
qakbot,vieffphcxtmnfhvdfnhua.org
qakbot,dtrfjyabxqmhbby.info
qakbot,kbwvupykptan.biz
qakbot,vqqfplspmqjl.org
qakbot,sfxrufxgx.biz
qakbot,aobhawodpkg.info
qakbot,iwitdojgkbugyhs.org
qakbot,iuiqufxkocjuj.org
qakbot,mwkesgrfgpbyrdtpb.info
qakbot,bvqmtkhkyvwdz.com
qakbot,rjaioywxmhalar.net
qakbot,cfoticgezultizsys.org
qakbot,gfhqczbmzqxf.org
qakbot,ucfggwyrszqcbamu.net
qakbot,wmgwmerwn.org
qakbot,duypvkoevvfylkgwotrxzvhaj.biz
qakbot,dfiieravridnupgrxjcy.org
qakbot,yknssswjmnznaqmv.org
qakbot,cxgzrcrpb.org
qakbot,hdnfivbtlbmqiqz.org
qakbot,qqralgayzdngahuobhgh.org
qakbot,hzpfahnlptvrtfuwf.net
qakbot,wfgogugixyyq.info
qakbot,rpvuqagplh.info
qakbot,xtxxkqeirmld.biz
qakbot,zojwtggtvjgxzwapgrlgvn.biz
qakbot,gjmjhuvhfzlyijyxdxzwj.biz
qakbot,jpayvfkyvlujqexwejrxdgscj.org
qakbot,rpavdwmhscgqykprglzbp.net
qakbot,eamhzxsth.org
qakbot,ywzytyjvrxdxvcg.org
qakbot,zasmadwusbqqqvwa.info
qakbot,irycijsqzuah.org
qakbot,cuyicwektdrbdmavlsijk.org
qakbot,uqgksfpjrmkjpvlvurayliw.biz
qakbot,nsdzooshwbbtrupqsuyz.org
qakbot,sludnjamoavvvcttyoig.org
qakbot,rgnqxcoz.info
qakbot,zpmilahelscyxzakhi.net
qakbot,iauvbiav.com
qakbot,mzguxdiiebkvfglcg.org
qakbot,siuhftlrpinhw.info
qakbot,scvchtlhpedqaiydtdqcmptwb.org
qakbot,snucmpwl.org
qakbot,aetrpngbxnhbnnwoxnsui.com
qakbot,ahrhxvvrgkfi.info
qakbot,zlwleyfkeiqewsl.org
qakbot,rbxtouvpmwcevqb.org
qakbot,kqasguqhkd.com
qakbot,gsnfwuldttwklrpdcvp.net
qakbot,jgqbgdoyrybswc.com
qakbot,vaziszamq.com
qakbot,xplikceaid.org
qakbot,hdrsqrxil.com
qakbot,jxpfefmswlvh.com
qakbot,xivlmmmuoodaadbfbpx.org
qakbot,htljpifqijbgakleksxvanv.org
qakbot,geimvnlmlqnsnhlyxqmgy.biz
qakbot,vigrloehauvgmbl.info
qakbot,nvsdbutoinbyvrrfsaormte.biz
qakbot,noibqtpvl.info
qakbot,oukgoeleqxvidbnj.org
qakbot,nwkuqwfevkznkkzobdm.org
qakbot,ugvpxsantnctrtdoema.com
qakbot,fmleobyacfretvsxjogfb.info
qakbot,qikxkwxybbahozbl.com
qakbot,imoiexknjpmdwbrjpsijgpsl.com
qakbot,jfhqajijekxkxemfoold.org
qakbot,snydpqogfunzbk.com
qakbot,kdhbhkjmlokzanxiijslsatb.org
qakbot,segaxdmtd.org
qakbot,ouxkrutica.net
qakbot,ighiksunymbwbzf.biz
qakbot,eizcqqchezmbzcehkihkrn.org
qakbot,vequqdcnpunzamqbdy.org
qakbot,ooydarotbyk.info
qakbot,axwgzalokcamlyalqcyoabepb.biz
qakbot,rpekrqfkex.com
qakbot,kchwytvuavsxv.info
qakbot,jzwzvnadt.biz
qakbot,ceoqogkgqcflmgbgzkjefo.net
qakbot,lxtgkpkcltnsdufjvzmt.org
qakbot,xehnuysocifiathswbyk.biz
qakbot,dxchktecmfeolb.org
qakbot,yraqjkryrohwdmdrnkj.org
qakbot,cthptrljmukjfvvowyipdokg.org
qakbot,qlumhsdyec.net
qakbot,fayjiziknb.net
qakbot,dcddbppbhsln.info
qakbot,gvnxgzspnncchzulqtjggvyi.org
qakbot,thgdiepeyfbu.com
qakbot,modsldqzquzbr.org
qakbot,qtppfdwkueufgjrl.org
qakbot,doxtqaoo.info
qakbot,rpxasvdddcyltqaxk.org
qakbot,ifwnoohzbrv.net
qakbot,uzwhqvptvkbabhybddor.biz
qakbot,scxgpelpmtozycjwhrhwdfnh.biz
qakbot,jlcjrpaxsuoxzomba.info
qakbot,gxandqgwwuyagij.biz
qakbot,withednadglplrjvgpdgcdfw.biz
qakbot,fumlgpwurzvtwlfbf.com
qakbot,ibtltacgxd.org
qakbot,nbdorvuscfvtgczc.net
qakbot,sxtiadbk.org
qakbot,dotzxkgvdaktlfvwxg.info
qakbot,ekkzwymjahlurancwgdfk.info
qakbot,ydjjmkevp.info
qakbot,irriyrlspnxugz.com
qakbot,otzaidxccmybg.com
qakbot,uisdoseyjvdmivaprwvaw.org
qakbot,lcwxlzfplgctmhugtygjbltzl.info
qakbot,zwyomktjjcoyqn.com
qakbot,gzhhdozrzrbbiaa.org
qakbot,rwfadtun.net
qakbot,jkilpdgd.com
qakbot,phmqtekodxwebpuvbksyoyny.org
qakbot,mzwiqrvkqlgoxgwwgvxwexpy.com
qakbot,rqvcoysxinomh.com
qakbot,wcxsstpqvnuttkivtuyofnxbw.org
qakbot,jlmkcbxbbzelifo.org
qakbot,ngprzhwhuwzmpunduqfuhx.org
qakbot,evgqgyqilofzdgjmrrenjvfuj.info
qakbot,cseqwkmkkvc.info
qakbot,uytbzzctdvgzj.biz
qakbot,fgukeihihcpbmlukrlbrtlu.net
qakbot,vqvrqaenuzgdatfkaer.org
qakbot,qfqovrmkjbyjmsgfich.info
qakbot,xgzkbrunoenulbicjqoewjru.org
qakbot,xmyjlruspvzbutaqkrdwzkasu.info
qakbot,rvgmqwlqom.com
qakbot,jneqpjadkw.org
qakbot,dyhrulxclqsbkxbahtudgyy.info
qakbot,giwpuxlfqr.net
qakbot,cmifevcpbojayuxqtxqlypuxi.org
qakbot,htcpgquqwaklng.org
qakbot,vtczexfhdqflocrdt.com
qakbot,hwttkgbpldwstuaqer.com
qakbot,wgmjapjurzgfkvymk.com
qakbot,grqdhodypmqjwdiulm.biz
qakbot,tjnbcnyzcsdaraisb.info
qakbot,yweuwjqqzjhfhqjjaopqa.biz
qakbot,kueghajjdjaefz.net
qakbot,ofufhabfhjzaawwrqheagqpkj.info
qakbot,aqsgqxalhwkx.net
qakbot,kruhmdqumkgvoxoj.net
qakbot,qurupuywdtfpuonbmvzgk.biz
qakbot,simppftgy.com
qakbot,ianyqozyarpjlqzvhcks.com
qakbot,umkmqpxh.com
qakbot,vqrhqjlbsqlhseft.info
qakbot,ypfzemhzphcoxhlgrssrgqu.com
qakbot,miykeiolimhr.biz
qakbot,xqfiokjhlirejcqllbmvgge.org
qakbot,isbzwlmaeovd.com
qakbot,bcghdcjmdwfmenlsgjgqyy.biz
qakbot,iyuuezjuepjriwyvfupsg.org
qakbot,inffwyledijrhc.org
qakbot,xmmlujmawmexfvsovfrhk.info
qakbot,updntqpolboqr.info
qakbot,ygepypmzvdsufjwtyrk.org
qakbot,tmkbucelivtjzuadza.net
qakbot,vsibiwghjwgmjbqw.net
qakbot,gxiujzauxzmxuhekoechexvk.com
qakbot,rnjmcbgbabrv.org
qakbot,wpxguftfosnjznfxzb.net
qakbot,tnmletistbriqbz.org
qakbot,daxkzywfegwzhymoqmj.biz
qakbot,qhysmsitwkgdlmmvva.biz
qakbot,xxddrkvawhwersyrtadwv.org
qakbot,sfwwpywkjbgxznegicq.net
qakbot,uiugitihatejhemgounkxxl.org
qakbot,znxkhmipn.com
qakbot,brbtzcgkrpxa.org
qakbot,clkszmlbwrrqsq.biz
qakbot,wcacypmaww.biz
qakbot,xgjbndpcqdfngjucligf.org
qakbot,krdguhvnkrgdrmvl.org
qakbot,nuebrlvlqfktjspns.org
qakbot,jjzwipfsihgh.info
qakbot,iydnhgndaagdxymud.org
qakbot,zqyqupdwqeqqcxxqz.biz
qakbot,xjoqxpxhlutrjrzmvwpeqaz.net
qakbot,iavjrfdiqgrav.org
qakbot,dffwmxcejhfoipuffgtp.com
qakbot,vpyoylgxlrnbaqoi.org
qakbot,zzkauxynnc.biz
qakbot,jpxyynnoxzkesv.com
qakbot,ccckjopnpzsj.org
qakbot,yeeoizaivhjd.biz
qakbot,qgqoshkjbffhqdzwgw.org
qakbot,amhwxqazvruqaa.org
qakbot,vlwwfmcrbkhweskiiekcvqef.org
qakbot,raxvnfrotzcgauu.org
qakbot,zlisbrnahvlg.com
qakbot,ctjcxrllvnparjn.biz
qakbot,vscxabwdhaymrhyzoehuwx.biz
qakbot,pmsiodklcgrrciwgas.net
qakbot,xhcqovgaiqo.com
qakbot,xdusyigrsskstzz.org
qakbot,hgyqeaqzomqfenbuafjmroju.info
qakbot,auckyfgzwpxdkj.net
qakbot,tuofqccigq.com
qakbot,drdsxgmz.org
qakbot,ghilqgtiaqxoimniyia.net
qakbot,nidfgjownjiepmkdgibvwzg.org
qakbot,viesakjskalmvomiw.net
qakbot,lujolltlqhcamemwlgojeja.info
qakbot,rvtdeligwyss.org
qakbot,sasdzlmllokhmbxpavnqup.net
qakbot,fwikbhpjjgvpfjoubkdgj.com
qakbot,wpqitqlthstjgnlahtuvkwhbw.com
qakbot,snsdwptcvjhcedz.net
qakbot,kshewqaewbdsp.org
qakbot,apepyqcsqvjqybmsmtgb.org
qakbot,waoqcukjsiajr.com
qakbot,hmundiketufdapxntgnxgvmge.com
qakbot,glrpwazv.org
qakbot,nypxqqsvlsjfdkseeo.net
qakbot,mydmftwwfckbufpxsfvut.info
qakbot,mqfnkqmnwppnsmlohwkzj.biz
qakbot,ggkyhxaqcjqzhjuirs.org
qakbot,edtkomuqjretnmoosvricvgyl.biz
qakbot,kinspfoghkvylxwtccs.org
qakbot,dvevawixt.org
qakbot,qgxppclmhpndqdziyvgerrqe.org
qakbot,xfvpgwqe.biz
qakbot,hzyicjrvwzcyke.org
qakbot,zbjrfgkmq.info
qakbot,nltavrzm.net
qakbot,ycbdohczwrztknnujdtajlq.info
qakbot,winzsvcjwrqsfr.net
qakbot,rbsqwyydobumfulzck.net
qakbot,shigifimdfoze.org
qakbot,ucmjblimjnfnnwgtifconxst.net
qakbot,sxtvtxmzd.com
qakbot,earioyskiqjvtzekm.org
qakbot,udjqnfywlvwun.org
qakbot,artwjytwnsfb.net
qakbot,aznsbclsbtobkxkixivqmmzn.info
qakbot,sxfbhcjjwqw.org
qakbot,obpjilgizu.info
qakbot,ljbgqlpxdtqxhpzkljficwpz.org
qakbot,jzrzvhzpxyhrjcadxpelgqh.org
qakbot,epxsqbrsgmmplqjsdlcuw.info
qakbot,nidooxcphghndgft.org
qakbot,ryjxesuvzdahamtacddubn.org
qakbot,yetszvegwko.biz
qakbot,ejogfvadfhtbtqnly.info
qakbot,bjmjxxustdbgpsfmon.net
qakbot,gtawxwotmifobybwd.org
qakbot,kirfhcaqnknknisdr.biz
qakbot,mfqwvorflibskzsfsqygshu.info
qakbot,luwafmudtuuuzewztaruwk.info
qakbot,hrgkrreszp.org
qakbot,vnubnzsqgscuxry.org
qakbot,aqzskpetzxvjsctqjkmjinpwy.net
qakbot,dxycaiwqihi.biz
qakbot,wqpgybjmtnbgfdf.biz
qakbot,okdfltngdcz.info
qakbot,rqnreukfu.org
qakbot,eycbcayy.com
qakbot,phqjjngebblpcoccfxghgw.biz
qakbot,jpxwxxchsdzilair.biz
qakbot,zgzefapqtckl.biz
qakbot,gxepbprpkte.com
qakbot,hvarrmgbefztsejtfmzg.biz
qakbot,hjnflkpfiukwy.org
qakbot,dsjivuettsfnwi.org
qakbot,lgaevqgsqspginwvtrvhr.org
qakbot,bamevkuzwykzvdi.org
qakbot,oelgruxuunafntfla.com
qakbot,pmnxzmocvnataddturfg.net
qakbot,oucvkrzqtuqa.org
qakbot,guhvmmxthuju.org
qakbot,pynqwsdovhzbslyvm.org
qakbot,nxuwngcxaienuvvg.biz
qakbot,ztejxncpilxngcgqcg.org
qakbot,nffktswvdh.org
qakbot,aizpotqboenchruybmp.org
qakbot,lhaheoaybtsrt.biz
qakbot,hnsyovjurjy.net
qakbot,lovsyprhqjmqqy.info
qakbot,bpncaozxrpnkbhjxjmaikaxzu.com
qakbot,efzvtxtoqxpkrmgddivwd.biz
qakbot,mdjqbixscgxkehq.biz
qakbot,tldyqpwcb.net
qakbot,dywennlp.biz
qakbot,pxzmuqwtbdeclpupr.net
qakbot,uqsjbgrh.org
qakbot,wdshmmpuzwupitiiu.com
qakbot,ztpcnpvje.biz
qakbot,mwhkxhjbkqimaim.org
qakbot,gnwfmuof.org
qakbot,wumbpbern.biz
qakbot,cnhwydtazkxbrqlmisvgauugt.info
qakbot,ksqusjcxc.org
qakbot,xoveavopxnferyveuyrvqetht.com
qakbot,kmpywojo.info
qakbot,dzmbnjik.com
qakbot,anjzvuftrpclljain.org
qakbot,zktiphuaeco.org
qakbot,ydqdelrlcfdaattrinjgjtzi.biz
qakbot,wplitfgziucrhpmdwuzgu.biz
qakbot,tbmsjyhempolyqszg.biz
qakbot,ztfjzjzqmpysiyogzohrgs.biz
qakbot,wbgwpvapdijvioynok.info
qakbot,ysbkgsqutlfdhrvoczvkbxa.com
qakbot,xtfxtbzc.org
qakbot,qoaycxebyrmccykfkkvniwdjt.biz
qakbot,qwideaxhqaqcnzhwtvvvwjad.org
qakbot,shklmmnlguancymzhtlmlh.info
qakbot,uhpgbhczogtq.info
qakbot,kgujhtpcafvjvzhcwhlej.org
qakbot,revkvohudrrfxmajfpnl.info
qakbot,jmkpxructfktcpgye.org
qakbot,lzujnvqfsf.org
qakbot,lvjrbixtfb.org
qakbot,ufpcshlfbdshcqmnjofcek.org
qakbot,chcgxbhqbjnymzdhshug.biz
qakbot,feotweumpmqdm.org
qakbot,ftowdwowgasnmdkzqsbigkq.com
qakbot,nzljvdoboucngmnrkatdwivd.info
qakbot,ggmqrgsqtqtlqfkpcizywp.com
qakbot,pnhscugmunlvmtlh.info
qakbot,qlvhwpcrtgrdpdoacsuerinzs.org
qakbot,xgxwtnsbccra.com
qakbot,blcuynaxveknwivofqvuhcgjp.net
qakbot,hbfjikobq.com
qakbot,qaheytgvld.org
qakbot,fqmcroiqromdwfeauzrspgjnb.com
qakbot,ydcmngwatmlfbtuucvirfsq.com
qakbot,asdhymmcosfctneflvodjyzd.info
qakbot,nykyvttltltwptaihgvq.biz
qakbot,tguclmdlwfjjkoyznhf.biz
qakbot,pdpwyhocllmpuz.org
qakbot,ghzsswhkowwmcwqxns.net
qakbot,mppgyjhutv.org
qakbot,iwdhxzakokz.info
qakbot,uvrivqpisc.org
qakbot,wtlorvvyueodhu.net
qakbot,fossblcoyo.net
qakbot,uczqkxrlmozlz.org
qakbot,hmautrtwtjcsxdoaujyzzdysh.com
qakbot,aovnhxjz.biz
qakbot,jjhzpyzxny.net
qakbot,dwgwcwssftxbrplbgwtiwmnz.net
qakbot,mlmbzpdyl.org
qakbot,rgljprjoewvflsg.net
qakbot,tpwlcqumaztv.org
qakbot,srixeuufqkpiyuz.net
qakbot,ljpahgydhlgva.info
qakbot,hujtykatwcmkjz.biz
qakbot,ndjpodpxlmeuikstaggpzatg.org
qakbot,otvpuchmdslurapo.org
qakbot,vfymllix.biz
qakbot,tqtwczfwxrchljliphbxwot.org
qakbot,fbrgosbvcligjj.info
qakbot,duqfitvilboxfjrmhr.com
qakbot,aeivyzosb.org
qakbot,pqaioemojpfozxvbylsspi.net
qakbot,xadptsxbqnge.biz
qakbot,omtzmwevocmgcvqjkwymx.biz
qakbot,ytadrije.info
qakbot,kxnenvfwtykivxpwttbsb.net
qakbot,oaidjugcimitekecv.biz
qakbot,yophrxgwedlqfg.net
qakbot,henxqypgvnsnsfroqawcrkj.com
qakbot,mfxhtrfbsws.org
qakbot,epnapajs.net
qakbot,cdaxkgrwkfh.org
qakbot,obfeoxjsblipuhmmvbj.org
qakbot,oygmzczpkl.com
qakbot,ojomyecejmjwfyggnjx.info
qakbot,nwdmselalndeawmiawz.com
qakbot,ewztshahlomjygyk.org
qakbot,rverfqrbccyag.com
qakbot,qxrpuupiyfjrofpt.org
qakbot,kkbnokuccoflzqxywhukf.biz
qakbot,ofzkpbsffwxsqbptcrqu.com
qakbot,hqldjnqj.org
qakbot,fpkcbxxdq.org
qakbot,hyavfmlpe.com
qakbot,ajfnttkfgijniq.info
qakbot,bnktewjepzfawdcfwnr.com
qakbot,xskdetjerbtybiopg.net
qakbot,vnwpzyoccgjhyjjqjx.com
qakbot,rshntltkti.org
qakbot,kztckgrhfojytexgm.org
qakbot,sopvhoyhetivayrkhnku.info
qakbot,kpnmrvajw.org
qakbot,mwfiwgxvkuuvegerkcofogpe.org
qakbot,zrbimmuoajnoeftgwzuf.org
qakbot,vuwzcuninfnmyfixz.com
qakbot,bsgntemwf.org
qakbot,tlncekfwahxasm.biz
qakbot,gefupxchrhqoravxuqaep.org
qakbot,oyabhcadopsehzvpamcywapx.com
qakbot,ieyfbxbxtdb.org
qakbot,egbceegiyqsyyzjoghtrz.org
qakbot,lohahhaofqcizqrc.info
qakbot,qnihkwizodgdijba.biz
qakbot,zkztuhknejwg.org
qakbot,tldwcfhlpvimyqipzio.org
qakbot,alimeeaiomevjflvielt.org
qakbot,ggshyqqckxtugolkdecr.info
qakbot,idfzqxkrwjlnrwwwrokqh.info
qakbot,brbwtvfdudvrbberf.net
qakbot,maydammbntk.info
qakbot,enloxqxujoo.biz
qakbot,knpasjljaglegidtzmpjygdd.org
qakbot,uuwnwmmpwwzptpfgdtlqd.biz
qakbot,nawkuasmbcxcc.com
qakbot,gqvjsssxakvnpajnmrr.com
qakbot,kchdrqlgduwplqcgddbxn.net
qakbot,xpngbsjmnvwkfgycjmk.com
qakbot,cnyhlhxigqdusyfd.org
qakbot,ksnqtojhsvvqsfdxvwyzxfh.org
qakbot,eqznwmpcarvnfrhchudms.com
qakbot,odlacqcrdco.info
qakbot,rizgkukxigkkuyxjdklp.info
qakbot,dtibqyzwy.biz
qakbot,gpmomatfsu.biz
qakbot,vanmqqecymkhnsyovdn.org
qakbot,gmbvvqjcljesjmfnwtomezlx.biz
qakbot,xakicdqiufud.biz
qakbot,lcsrrfqqfavlsqohdjiokh.biz
qakbot,qnbbtepudrgauhhyfi.info
qakbot,zcxxsnjhjnuibxb.info
qakbot,fcgapedefnhszfa.net
qakbot,quqnyedipqysxnfuiy.org
qakbot,gxtqqsmccuc.org
qakbot,bxsqpkjeoanmqaz.net
qakbot,dzhvukbbarfooyrfjtn.biz
qakbot,viwlnsklozoovfjleb.org
qakbot,cvmbsjoqw.org
qakbot,zyrxtlgofnjojobpo.biz
qakbot,lkikxyphgnpzqcx.biz
qakbot,jxjncihakrn.net
qakbot,jxzndhhwfgnwmrqf.com
qakbot,prdfnchodtuu.info
qakbot,enoohzobefcjaffktsa.org
qakbot,zidupluxmvak.com
qakbot,bsjrgarswgxragvrkqrvzm.org
qakbot,vvswqriofyqawx.com
qakbot,xqleugyisacogjlbm.biz
qakbot,fbcjbxnsuvbyhgqqe.info
qakbot,ebhrlhfthzgdyhyqbunvwa.org
qakbot,tcaozzbdsjtk.biz
qakbot,hpxrganobbphanzsllm.net
qakbot,dimshnttbbqhxtzyiwgc.biz
qakbot,gteivqihizlfpaimiprtaniz.net
qakbot,yhkfzyadkhfcck.org
qakbot,sjvlapxsiocnnawfrqicfwpfk.net
qakbot,zpesaybweiozrmhtyfnpnk.net
qakbot,yydgczllryrwbenki.info
qakbot,xolqjddccbmjbtpeiwrmungwt.biz
qakbot,hbrgmawatqvludc.info
qakbot,tfnvqpxxcxwjfvqxlmkui.com
qakbot,fbyliqesszegtpjjllsjk.org
qakbot,gfhyszyiynloqyiocexwvsbe.biz
qakbot,blkukddbddqy.com
qakbot,haobxfnnotll.net
qakbot,ydpfuuzhzzaac.biz
qakbot,ocpqxiowdhicm.org
qakbot,kmucjqcrksdyvq.biz
qakbot,snuhkfguqikycyisjcxomks.net
qakbot,dddvrudz.net
qakbot,htrlvyqghvlqrjddkchxujwcv.com
qakbot,jysrtpmsmpytretpmkzor.org
qakbot,knznjwpf.info
qakbot,mgebfqbyolnyynx.org
qakbot,ddojcjahumtgslfkkgrl.org
qakbot,lskvtwso.org
qakbot,okqdsbsrqfllhgczm.biz
qakbot,odoroeytkhgydedvnlkekpb.info
qakbot,ecvkxcsqrhhhgxhdwvamilwqz.biz
qakbot,hptzhvcemtnca.org
qakbot,kzvlykmcadzyklgtlcwtzihat.info
qakbot,nykjfuyqmgqyh.biz
qakbot,jgqfkmfr.com
qakbot,ubiyugfzvfjq.com
qakbot,fpmooervpxpuatx.com
qakbot,ytsgaoykcscwlekkzwjnypkdm.biz
qakbot,bvhqokhpouecwqyw.org
qakbot,ufytkgktrdlarkidpwsvhb.org
qakbot,jzpoworcqmxuix.biz
qakbot,zjryhqcd.org
qakbot,ybturcudxpbzuwg.com
qakbot,mjfzmcecpzuiajkalirmejhn.biz
qakbot,pweqyjgymtrteyfczbpsok.biz
qakbot,gwylfiswfunzczzml.org
qakbot,wkkkbcywijitldehalxhnvll.org
qakbot,htuyyylq.info
qakbot,zuarewnskksdnbdzoyuajcq.org
qakbot,yvxvfkbc.net
qakbot,hqctctsifrtbbbogosyeuu.info
qakbot,fpzppsfhxkok.biz
qakbot,nmxcwmuowjisvorkghrqhtt.info
qakbot,ifkwfvibtvxrmqkaxmrh.biz
qakbot,otttebbqqg.org
qakbot,rowctgpdszrjwsljwij.net
qakbot,ceuacvanf.org
qakbot,wuwpqlaw.net
qakbot,jdxwdvxemu.biz
qakbot,uhifbfehh.com
qakbot,vkfjkmvocyyhknzahozvzv.org
qakbot,jnrzypzqhelz.org
qakbot,jtztpxwft.org
qakbot,luxhhzxartvykkrljsn.org
qakbot,dpnvwcyitcfcwztion.org
qakbot,xhxzdbhymn.org
qakbot,dcyibncobisokievmgtvhfvt.biz
qakbot,xrlvscdzcmj.info
qakbot,aexvzvqnmmysfyzr.biz
qakbot,swgqzcztzfuyopspqjlzy.info
qakbot,dnexfpafdodctkxbfbpsca.com
qakbot,uyiarwllasicuhusmvhxgsk.org
qakbot,hubaxnftnmeouerkvlyft.net
qakbot,kyabuersjco.net
qakbot,elzqswvzwsuonum.org
qakbot,crrxyocziru.com
qakbot,cmpydukmvrqyjwxetwouf.biz
qakbot,brdbalcryzknm.com
qakbot,dkshcsjfawdsevoibgj.org
qakbot,ketvfymqhpyrdd.info
qakbot,ppnqbldguuhxpimtrzpe.info
qakbot,ygklcliruavazsulx.net
qakbot,xjvdasar.info
qakbot,jxsboklzlcd.info
qakbot,khlxauqpafpdewi.org
qakbot,tdpmrtiqmmaekjixdrfsguf.org
qakbot,xhoaxaibsxaauasngafmiu.org
qakbot,vrlorzhmzlnifuxsmu.biz
qakbot,mhelzfiioytbg.com
qakbot,mkgilofjnvhadbbtwypdwrcqh.info
qakbot,qypqkgtpubtduyvjagnlefii.biz
qakbot,pqktppnnjofetfq.com
qakbot,fbpywibyc.com
qakbot,gwjpuwfmqrbyiwjqclvf.info
qakbot,bhyhdtaleegvb.net
qakbot,vbtqtplqghxmegqsecba.biz
qakbot,bgtavvxpiezxhhqhoalehdds.com
qakbot,icwlrfnlbpwnbl.org
qakbot,yusnejnrulc.org
qakbot,syesihvtauqlzubfnwlf.info
qakbot,ecnuiioaqrwnyyjtvwlr.com
qakbot,cnehurlkmzycgmrnxujmdp.info
qakbot,jkyoxuqjnfodzvxbgyhx.biz
qakbot,ueuavxnpbvxaqbdk.org
qakbot,rhejbgeczwuhtri.org
qakbot,zfaioywfeuyqjdxj.org
qakbot,icgybozlszelvhyhipiem.org
qakbot,yxxmdsrbjhzruoaywcmv.biz
qakbot,tzimiaoohavcpst.net
qakbot,ggdoxifdxnauvempl.org
qakbot,muucwoiamiezikfjtspkpjo.org
qakbot,ylspzejaxjxkiywneotmhe.com
qakbot,aolrbytexreytdavan.org
qakbot,iklvrvrpacgezowlhrrpqtym.biz
qakbot,xgitvwxroznuhtbcdkwfkzk.org
qakbot,lbiirranywionbdottvwjkhw.com
qakbot,djxsjsbpxytyyzfkbtrz.org
qakbot,juliaxveigh.info
qakbot,tkfzdjksgunykajqjwza.biz
qakbot,ggmnzzxh.com
qakbot,ayhbnmbirzwwoid.net
qakbot,vvftciygmqywgetl.org
qakbot,pfrscymp.org
qakbot,dbeugeivpsstxy.net
qakbot,rismamwfjhwbkxa.org
qakbot,eizezhttwgessf.org
qakbot,ltjcflxdiiekauxm.org
qakbot,kktdcjym.org
qakbot,hwljdagmksn.biz
qakbot,yeapqwmuo.com
qakbot,ukudpluyysqlicavvitupnzfe.net
qakbot,ooiakrtjxawnyvvsgzuikdvc.info
qakbot,rpiirvovmwiedky.net
qakbot,lltdvnahvbqox.org
qakbot,jdigedyfxduxjngbwk.org
qakbot,gilncotqtzawvvu.info
qakbot,ceedmkhhdbicpx.org
qakbot,locihagvggbreorjlbeelmg.net
qakbot,daljvfhib.org
qakbot,tfndmxxplynubpwiichzbybj.info
qakbot,ibpbwyqgphvrollwr.com
qakbot,pnmvpybhzaisyzfmjdnflcstg.biz
qakbot,gnuuhydz.org
qakbot,kwrvasatsirflcsvrxcl.org
qakbot,gnciqpcdzcprrcfffarhb.info
qakbot,trxclfkgwk.net
qakbot,ternvsmubpfnpo.info
qakbot,znkuxcqgnonwfy.biz
qakbot,rjryblykzsrle.net
qakbot,oaguqdcqiudtuzoyuu.org
qakbot,jmpfwvajrpavurwzfzrxaalvn.biz
qakbot,ozqofjhjhap.com
qakbot,ndirmhdvg.biz
qakbot,soiphxrdcgxzx.com
qakbot,eulflkykg.info
qakbot,mjmllyxekxcfaezmehie.com
qakbot,xjbfyqxo.biz
qakbot,npuvklwmoysiyoidvrvfh.com
qakbot,jtyfelsufbxcqubbxxf.info
qakbot,jkbopweteleavbrb.biz
qakbot,xljnumuxtaa.info
qakbot,lpjxqvghxbqtz.org
qakbot,fabqiattkc.biz
qakbot,dxxajulfvivnmzbr.net
qakbot,iuwnnzcmrxgkzewbzsrf.info
qakbot,dwgabdcburqwcuyzcjhiowzb.info
qakbot,xrhdyqfalwznupsnhjgzn.org
qakbot,rysyvlekkbj.net
qakbot,rscwtnfwtgbaafvwj.org
qakbot,roinyborxavjftekkvbtnc.org
qakbot,gcpwzmrmsurelcsoriutgsfuh.net
qakbot,zmypikquolmcwdmxek.net
qakbot,aaxruhptvrqgs.biz
qakbot,svgeqhomjoxkbvgiywfohw.com
qakbot,kbnuokkmwawkvhpmi.net
qakbot,wysvhenefcbcimav.com
qakbot,eddwxyvokefvybsyintjnlt.org
qakbot,pyljvdcurldofcquzzddxdzcw.info
qakbot,naekhwzmfsz.org
qakbot,ilovefghgeryplj.org
qakbot,isfzrluwlhocrerjkksp.net
qakbot,dkvwyhodjumvyqloxszlha.net
qakbot,vthwnyrvxigeiuuouzdr.com
qakbot,dojsvsubdhqzypm.org
qakbot,uqdpzsqlsfw.org
qakbot,rgqyhlrcpbfvgntaatlrrjdyx.org
qakbot,doyszmvomuzihxkjyi.biz
qakbot,nyydetwpt.net
qakbot,iaxhlebud.biz
qakbot,mxzvfvhevmylbtrxkvzgva.info
qakbot,sudybluedpxwuguurrkrnd.com
qakbot,dprqcnrndzlkswlqdnae.net
qakbot,beduxljlqbmdqdagweroggsaa.biz
qakbot,mazuugtcuheoprb.info
qakbot,vxuyunelfvixspnnjrpq.biz
qakbot,nxnxykylao.org
qakbot,xgbhmbtctksuapzc.biz
qakbot,cqujtfxm.org
qakbot,gtygivsmbbhlkk.info
qakbot,qarusitxhgyhx.com
qakbot,ipkwikklelrpimqff.org
qakbot,gymhivjuekuibpr.net
qakbot,wsmyjovzm.info
qakbot,ynitiqkjmchvdyenrzlcrfy.biz
qakbot,rlxhoqsjp.biz
qakbot,vmdypqpisvufxceupcpanzqbg.org
qakbot,slbdvyqvxqzdtegukuu.org
qakbot,fffopcqhx.org
qakbot,tfyvyahqvmwmxggwofnve.org
qakbot,jsvacvabkaqdrfkai.info
qakbot,zxjjyjvvpizffdyrerk.net
qakbot,ekqrbqokyqb.biz
qakbot,wvaolaebhevoqelppccqy.net
qakbot,gbzvrctqkjwalzryotkb.info
qakbot,mtgmuaajqrchmpibkaht.biz
qakbot,bvfteixtbtjylw.net
qakbot,ymugyzdiannjizy.com
qakbot,uzloylwlxi.net
qakbot,fctmezpzgjfoxyfqrtvkydlu.org
qakbot,blobvifmpbgajkzqbicmp.org
qakbot,vzkednqldfqmwsvbafvzh.org
qakbot,gpwxhjwaxrvwvcozxlm.org
qakbot,kjizjshwf.org
qakbot,mmlfzvsejbbpefyjwr.info
qakbot,mtbyllkwcasxkcyymfuo.com
qakbot,qwnfqgyrquvhborghpow.com
qakbot,hubocownfmz.org
qakbot,ekwrihvhvnmzagwpmoxhh.net
qakbot,wifgtwevytmrujim.biz
qakbot,vujabcjken.com
qakbot,yycmjevukrnmzkvnwudkuaqv.com
qakbot,uliywkjieeve.info
qakbot,habjxjcxmahupvzzzmygvl.org
qakbot,ihblmrfqehkiecqyg.org
qakbot,ydxcgpby.net
qakbot,hjnijqcezktksnw.info
qakbot,pktdmbirguzfzcctevukpahaz.biz
qakbot,rcrayphhqmpioytwrrsmakidm.com
qakbot,tterynwqfwwmraeiznppmybun.net
qakbot,toalpfsvfupbbeeciw.org
qakbot,bchpowfoaxdepjemx.info
qakbot,dqvctrlys.biz
qakbot,sgjskznxupbzkwafyshkzxbso.org
qakbot,foepigjkize.net
qakbot,jftfmkutkejncquuczvibgha.com
qakbot,mwzfbchmlllqxu.info
qakbot,sfmswwiles.com
qakbot,lkswqnlve.org
qakbot,nyjeubeuhydrybsfhxmhoiblo.net
qakbot,gkvcsnfjknkriygackh.com
qakbot,qeollkym.com
qakbot,ftmdwdggj.org
qakbot,bxvscksusqbdgzbadhynbrcu.com
qakbot,nmjnrefvnpnrjmusk.com
qakbot,hunryshdgzobcf.info
qakbot,yembzavlx.net
qakbot,shezkayruqilxivppffwzslj.org
qakbot,bmxqnbyziopsnweve.org
qakbot,pfzmnqnpqxdwfued.net
qakbot,pcwfunfjpesgurf.org
qakbot,blptukxvb.biz
qakbot,oypzjfqqzf.org
qakbot,cqmcbqzjrnwodzyongycmzru.org
qakbot,ozagxigkqkjdker.net
qakbot,rncawqzdiqxqjobvhancm.org
qakbot,dtbbpylmgd.info
qakbot,xuhctzgxbilcsrbyps.biz
qakbot,reeankjgmodpufnjktj.org
qakbot,clkekqgqukgbjtn.com
qakbot,babtqokhwwhjrscbpxp.net
qakbot,phwkumyjcop.org
qakbot,rjuiizqsgcoguqlmhae.biz
qakbot,ktachqmjfycl.biz
qakbot,osxoeikbkepyhqqlhqeauaxi.biz
qakbot,oaxotbmennmgfjphhkrp.info
qakbot,kssnhzarahwsq.com
qakbot,bhusszupwfsrgdrnqjeq.com
qakbot,ktblbbyjwqodbqgvsbncd.org
qakbot,cciexduvonufdyrbosqpij.info
qakbot,tebujdpksuvyq.org
qakbot,xppvkmgtxpnn.info
qakbot,njhgyror.org
qakbot,clyoslrfslqctpybyrdpjyqxa.com
qakbot,siuiahljsnhicffmjrmoh.org
qakbot,kfwldeaiepnkywzx.org
qakbot,zpavoyeqznq.org
qakbot,yncfdata.net
qakbot,dkbgrahvmrpnkthqovfue.com
qakbot,ekcnalojbvlltgk.org
qakbot,lmhgxdtdlxjejbqroc.info
qakbot,hlrxmwhnhdakmnojdqhbok.com
qakbot,defhiyqtlxtdevkvro.biz
qakbot,tfzmaaaghbhyysnll.org
qakbot,xknwsdfoiohekylqqxxtkl.net
qakbot,eshuoizpgn.info
qakbot,etkosyvir.com
qakbot,ufslassme.info
qakbot,goyzrvnxuwmqleoojuq.net
qakbot,uwvzbatpvwivuzuwmdruap.org
qakbot,ngsogdbltrz.info
qakbot,xtoqdgvdyd.net
qakbot,fwlywhectojryt.org
qakbot,hqgvcqxpazizlkpjw.net
qakbot,ywlkebpzxelmxikpwiehdzanw.org
qakbot,rkcfrfgnwfdrfqmpafxr.biz
qakbot,peujjusdffedvbxpzetjxnyyn.info
qakbot,tgzvqjdywufeqomsculjsbwej.com
qakbot,zemlozexw.com
qakbot,bugeqksgnsb.net
qakbot,fvxlybupocmoczk.biz
qakbot,nmjtmczseoefuuhwuyoewne.info
qakbot,zmzgngslxsmgsxl.org
qakbot,yxywtbokgnyzmor.com
qakbot,nwvwelgtkyzfnkjvh.com
qakbot,wpgbcfdpwxtdtmzwwsjj.com
qakbot,bctrfjfctqdj.org
qakbot,eaauhvpmncufikgrfp.net
qakbot,lkucrcje.biz
qakbot,ahxrpxiqmyigltrqkvmk.org
qakbot,eokashubagdy.com
qakbot,ixpvepkkxeayupooomljjhh.info
qakbot,legtdqkpusnbevl.org
qakbot,vaqqliajlcqrkttsh.org
qakbot,lhkouatyubxkorob.org
qakbot,vghckmnvrospcsrdub.biz
qakbot,kpdzvfnrygxcuijjcm.biz
qakbot,mqmyjytxzrigmmijagt.com
qakbot,oijvtrywdbuxugszbe.org
qakbot,ocmrcyhqsj.net
qakbot,pznsqrtfz.net
qakbot,twtkmcezdb.info
qakbot,zwmfmzzfpz.org
qakbot,nrykkszedkczcridwsse.info
qakbot,kplmngfiwjuzhstxzjtu.org
qakbot,sfgbkwsjphkdqwuiel.net
qakbot,wfdufqzwsfczftzxo.org
qakbot,srtxydfrpoirroagv.org
qakbot,lmdahlorhw.net
qakbot,fsrlhguuinozxr.net
qakbot,zebtginijqnuhoxzxsmsagi.org
qakbot,dxqyzjqokvpiur.net
qakbot,lqwssumrkdslptgfjwdk.net
qakbot,tlcwpnufgdheoybuti.biz
qakbot,cecudejyew.biz
qakbot,ysveufdcsyvw.org
qakbot,acxeejcelgie.info
qakbot,ypnbwchcww.com
qakbot,dzyrwulpoxfvnplj.org
qakbot,fsuqcwlwslommelecqzzux.net
qakbot,hsenywxtmctq.biz
qakbot,tsvrwdkcwacjtaomr.biz
qakbot,fqfnxsomky.com
qakbot,etvjvocpchkgsfjqssrulx.org
qakbot,jagvmhqczvv.info
qakbot,tgfdmyhbbiq.org
qakbot,aywedbnutnoyyduitunms.net
qakbot,jphhnbitivbbtvdihswp.com
qakbot,tegmligbsbjfplmwbajadu.biz
qakbot,aaijuhgjrppp.biz
qakbot,fagexbpdqdnopzniqsqfs.org
qakbot,tldasxjsqchgfn.net
qakbot,vxhjjhjnyspdrkpkz.org
qakbot,ppdsxryztvjtjaexew.org
qakbot,ziiwfvisknqqd.info
qakbot,yxmzbqikvjpq.com
qakbot,ojdcymiiv.com
qakbot,jqlvwtohzpxm.org
qakbot,jpgyvxswzxjkdk.org
qakbot,zolwmhiatzqmmnofqeemjjq.biz
qakbot,ordpwivzkzoydct.org
qakbot,omhnurkb.info
qakbot,mltctmgudexphxqrmjfel.org
qakbot,nswxkssccldenatosngkazr.biz
qakbot,mfpolffeuativtkgfmvuercx.net
qakbot,zqwgcyksb.info
qakbot,cbciirouktr.org
qakbot,qgviffawauaoyycppus.biz
qakbot,frcqilyo.biz
qakbot,xkhfbcjcorpkddq.net
qakbot,nyzvzypx.org
qakbot,ibtwntnfmzpis.info
qakbot,bfyalsutobxykopgytbbk.biz
qakbot,gabloijuuodh.info
qakbot,pshtmfktdpwzfchoncmhnn.info
qakbot,xokuisefkeujm.org
qakbot,vyucpeip.org
qakbot,rxhithbe.net
qakbot,tpjkjyqprufpze.org
qakbot,tnaahejrhrn.net
qakbot,nkxruopfeblpah.org
qakbot,enzlodszcsljzhzyvpbqxqx.biz
qakbot,jbhlayafd.info
qakbot,hvpwftajfwpxwaftqdmey.org
qakbot,qnwncmyxkqkyy.org
qakbot,cmdhzkdiyerksqe.org
qakbot,dltmsmwaedahrlcbedpksdjdd.info
qakbot,rfoxmimlacpmjnkh.net
qakbot,qzucodzqdvpvdvt.org
qakbot,dwovdxazmizewcfzqg.com
qakbot,gkddfndngdowlupfzt.org
qakbot,djfzhhjcywzhgzj.org
qakbot,qjeywkpaqnlgxxzypyjcyxwi.info
qakbot,mefqrrfydzyblzxjsxpdo.info
qakbot,bohhaefpbqkpiulr.org
qakbot,ltddndbaq.info
qakbot,fxzfjpedxau.com
qakbot,xvjzdwesa.org
qakbot,xwikhefsoc.info
qakbot,glerpoidmrkxqwgclpmrtfvoi.org
qakbot,xwwlfbtrgkymnirprm.org
qakbot,jlrbraph.info
qakbot,hzebfphpydvamuzlbhkk.net
qakbot,hasfnjqhmhmxnkt.net
qakbot,pngrhhsppjwxprbm.net
qakbot,zdzkjmddyjwzssvvgh.org
qakbot,skupztyxrm.net
qakbot,svlcomwcbcrpnzrdyhtjx.net
qakbot,qtcbhhfpppgfttnkbrwkruca.net
qakbot,kmpklmbixupmclzsnkpue.org
qakbot,mhofdqbunsk.net
qakbot,bsfmkkgdyavwgrj.com
qakbot,vvaisurzebrh.biz
qakbot,ajqfjcctygeowjyi.info
qakbot,rmbdjlhgqlisdtmy.biz
qakbot,tvdaowhxvtcrhnxpjmzxcud.net
qakbot,tntjzunjdrpr.info
qakbot,mlpyuolgyduaigzx.org
qakbot,cvooamqkn.info
qakbot,jyrmsoqwoxhwpwnbrunuk.biz
qakbot,begamlmhhbwezyqasxnacfklu.org
qakbot,pmihtidoatvtbjukliev.biz
qakbot,jsqoofzyx.net
qakbot,dpeurcyykt.org
qakbot,lueuzlvuxkmsuaf.biz
qakbot,fyuvcmmheefhnjv.net
qakbot,deekvaopsjynedecyzo.biz
qakbot,iendrfxdog.com
qakbot,merrunbqhopuzadrskafj.net
qakbot,nmxyrqpqsgsn.info
qakbot,pdafghzmknxbu.biz
qakbot,smkcxftbtvxbha.org
qakbot,jcshjcapncyoyjuobnmfsicah.org
qakbot,nkhywdampbnvsupxdiqe.com
qakbot,lzvbcorsxnkorphifpxchnqej.org
qakbot,zsvdnulwdcbbr.com
qakbot,ytgcdrmhaowhu.biz
qakbot,scdbgyxylfmblhuxxufyickef.biz
qakbot,pahfvmmrnikofdccsacvt.com
qakbot,wxivdebxobmjmtzkxfszq.info
qakbot,vbmgjacwrwlycqtlgndz.org
qakbot,dqkvnfdaomxoddjz.org
qakbot,khhjdrlcdg.biz
qakbot,fkvuhpryolguyhatodxtqjvi.biz
qakbot,gvsfmkaa.com
qakbot,fzfuzaofcdaxncgiszn.info
qakbot,cuicgrqevkwitdhwyesidy.net
qakbot,jvyduoqimlfofvtgmyxk.org
qakbot,zjsdkhrruyrefk.net
qakbot,zwnqztbmoe.com
qakbot,arsshbpyflneltmpeucrnoedc.info
qakbot,gfdphsteprjoqhrxuevge.info
qakbot,hsewlzogenn.biz
qakbot,qcuaoavlzinnprs.biz
qakbot,pqvcuspzvy.com
qakbot,kvgqdycwdbuattp.com
qakbot,tkwtsmugtvnkmeqzbewyf.info
qakbot,mwotsggkbsoxaefdljuj.net
qakbot,ymyamtuwojsmtu.info
qakbot,kuggcepncpi.org
qakbot,aosdkogfxlu.org
qakbot,pqzoevgqwiklifqvdk.com
qakbot,sxsipcustzmxsvugzeipkq.net
qakbot,llqqlevie.net
qakbot,lzydhoafblgmpocjyv.info
qakbot,zqqjkqsxlrbesnn.com
qakbot,etziqhttlugyhqjx.org
qakbot,cljogtalspepcs.net
qakbot,fjffxqcx.net
qakbot,tmrsqwqdajapfnvlpcg.info
qakbot,wjipeghcum.com
qakbot,xjetbdpjawegakjbikihkj.org
qakbot,ubcqkchgvpzgjmsrpnkdhhgs.net
qakbot,zqjhxklgo.biz
qakbot,nqnczyagznbokyxaudxouzpkh.org
qakbot,whblaegmpbwynfbzvdw.net
qakbot,gagrwvfjhpwlob.biz
qakbot,ygdmvhsgrldkkzgrtorfrtw.org
qakbot,sxjxpjng.org
qakbot,txyypraldp.net
qakbot,kmmwnpteaywfxuk.org
qakbot,vuqksxlwwre.info
qakbot,qfofutovliaabchxp.biz
qakbot,fjxcsdztpkphsbotcxpltrmsy.org
qakbot,eghtzjbqdssu.biz
qakbot,fcvgytilapq.com
qakbot,udhbvlnukf.biz
qakbot,tjgepxpcygcqtkg.net
qakbot,cwzvejkcxgfhe.info
qakbot,pkvarmehiq.biz
qakbot,xfqqwmqdehn.org
qakbot,uvwqqdzaywdw.com
qakbot,bwecsxucrocfnl.org
qakbot,opcdzlarbkf.info
qakbot,ufrmabeuolo.net
qakbot,cedmxgwznsdavj.net
qakbot,iqgfjwnsizjmhvuuq.com
qakbot,wukczlhfshmhfkulfp.biz
qakbot,veopgvjxswakyyo.org
qakbot,lbjajndduebhmdqeciyipps.org
qakbot,zghonlaycqirepvptqh.info
qakbot,sqqvtepypqt.com
qakbot,uqcmqeyzzgswhpuhxjtot.info
qakbot,usuwmbabuw.net
qakbot,otioawlnzwjelnberrg.biz
qakbot,odaxtgaiejshejvyoetkdxu.org
qakbot,lpmcvwqenqrgtxtawi.biz
qakbot,ggiurxwwcjqnjnnve.info
qakbot,pqtyelcgoasoeutlwz.biz
qakbot,giirqvunnouvuuywaqt.biz
qakbot,ccrviymirxmuf.info
qakbot,iqrmdriicoaetmlhbvlp.net
qakbot,uexirijnfoxtdtkch.org
qakbot,lakngaqknkc.org
qakbot,xzgditpjrqeoyjimrmtjzqmpr.org
qakbot,pytiwuolqfhsfmossbeuwjv.info
qakbot,lnmkzadvvxjosg.biz
qakbot,vgyxukpmpuaczogwcnevflgk.com
qakbot,hudodotoaqedmrsvbzsfget.info
qakbot,viybxnumif.com
qakbot,wqwedprckfdbuhpkgtawdx.com
qakbot,byjakhdbahotuimwmguydsr.biz
qakbot,tuiokmdoccjvy.net
qakbot,xfcwqqjslmx.org
qakbot,zeqgyfoyc.com
qakbot,jddjazplkmkfzvezmjj.org
qakbot,rmtnxpfwyntdkjzp.org
qakbot,oghpjucgdhyxpmtt.org
qakbot,iwvneqsyxbmkusackuebavg.info
qakbot,krlidnwmroyfypzskmtrke.org
qakbot,gytpzhecvvzuhartxdyul.info
qakbot,jftodyva.info
qakbot,yddfjyblcxmriwsfjqcs.net
qakbot,ihddktlz.org
qakbot,xzbxldrenwaydzt.biz
qakbot,yjzlroduxplgeeskxgtl.net
qakbot,qdiyuhvrpacg.info
qakbot,lslewlzb.biz
qakbot,rziuxhmnd.net
qakbot,zxfrpsdcxd.net
qakbot,nzgajedoaf.org
qakbot,hsobxribjovllkdgezyjvou.org
qakbot,khvxsrbvyt.info
qakbot,iwzuqjbhxefzg.com
qakbot,lcyinrgirrlvbhumflobgemq.info
qakbot,dfniezmdtvzdrjulyq.info
qakbot,bkmukmckpmlzopm.biz
qakbot,ylvhafiffmcgslox.net
qakbot,lrzqoskytdbdivgfvuajh.org
qakbot,lszfbvytbpkhkmnaim.info
qakbot,sawpfghlnybkyhtevmajqggt.org
qakbot,lqswpoodgvxzpisbkgcjxasko.biz
qakbot,zogkqpxsdhouy.org
qakbot,gwpfooodsc.com
qakbot,xvznihtluvforyayua.org
qakbot,vjazfrdhladhw.info
qakbot,twisonjzxmjvwsoyluqbfnef.org
qakbot,asywlkhhyxf.net
qakbot,eclzztduwof.org
qakbot,xetjuibzaaen.biz
qakbot,oqeuhybnmmytimwtfaafeppfo.org
qakbot,nioyocvrmcxrbrfqttpirrx.com
qakbot,fkyfcjlk.info
qakbot,thcgfzph.org
qakbot,tqptadsyw.org
qakbot,hncjhmjuhnsclfvnnejlslaty.com
qakbot,nqrpwoyodajhz.org
qakbot,flljjriexqgenr.com
qakbot,sovviwprlscuotcc.com
qakbot,rjyemafnlvojmimpsopjxgot.biz
qakbot,qiujeauyysdlb.org
qakbot,ezwpwskxezivpkkahsdxuqd.info
qakbot,gshwjoenxsmhne.org
qakbot,atymwsysljinjk.org
qakbot,wmaryvuhfbmlut.org
qakbot,suthfmlzhdweywtwjql.org
qakbot,qtzqcyej.org
qakbot,yqsvzxzsinqj.net
qakbot,ytjzhbedsxtkaqctlfseoi.biz
qakbot,jhzrqeiu.biz
qakbot,gmmbgojwowebansklqjl.org
qakbot,hvqqeherdqvkveipmfxgxbn.info
qakbot,fecutyufvnixfugrmgwyu.biz
qakbot,pwihemnokxhempddvppy.org
qakbot,hzekguomfhyljfk.org
qakbot,zculflkpeutgser.biz
qakbot,cuwegnesbyxkfsipricguodt.biz
qakbot,yuururmqwvbz.info
qakbot,xpwriivswfxbmb.org
qakbot,ahsbykajgewvovhjnbgccx.org
qakbot,jkdilpucmwvhqfpxtpc.com
qakbot,awjuqvdmjwfnriaqdq.org
qakbot,mdjjyiddivoszac.org
qakbot,tohgvoiaxsuvkqtvbmukor.info
qakbot,xelhfytulgstcwvepxonuvcla.org
qakbot,kopjlrdzqedeaiqbyvmv.info
qakbot,wutqzoxxctm.com
qakbot,xzjndetapxmakuxhjx.org
qakbot,mwithowopibolhadqbqy.biz
qakbot,xstcrruhgfzmid.info
qakbot,dypbcvbhbtxlvwisstm.org
qakbot,gacrntfodgzmdlxexlin.info
qakbot,gwmbeyjlot.org
qakbot,fbhsbqhwxgop.org
qakbot,ipyyujsoghfqwximcpf.net
qakbot,hputgblzxlzadbzditywkdg.org
qakbot,inesunbxodeefjzsrxrywrsdt.biz
qakbot,cdnbwsyjoymyylwcjtfikqjvh.net
qakbot,tdwwgiklxllpms.com
qakbot,gsumcwgaexeht.org
qakbot,knpnfkwscckbdlgligb.biz
qakbot,wrjpxtkwwvfivwukilsql.net
qakbot,ycuymwrlcigwvoglcelt.net
qakbot,wgslriiraolnof.info
qakbot,icdmuvtknq.com
qakbot,lxkdhjfsqdwlorafq.com
qakbot,hafigxvmerbvtkoonzyfuj.com
qakbot,uycalswdlwprajxslitb.com
qakbot,vrkswptbzdasudsaswci.com
qakbot,atuucfyukrvmg.biz
qakbot,rmfupalcuibaj.biz
qakbot,yjwvospth.org
qakbot,kdbbetxyyxkqvdnseusgba.org
qakbot,jicykekqrpcokmqfb.biz
qakbot,ghmrmppkdfkfydchar.biz
qakbot,bgfkktadwciaem.org
qakbot,mgkanclrf.org
qakbot,uztlptivfmlhhjmdfqdgris.org
qakbot,cirfapyyveijzyduqlwre.net
qakbot,mmypdkcdomkigwkwezqmi.org
qakbot,grnvvaqamcbhcplcolux.org
qakbot,dsdgjpiuxpuehbhbduxxlufvz.biz
qakbot,pilnciwvbhdcwkmbdlrzqu.org
qakbot,bueawqtf.biz
qakbot,gcpoanjjtmiljbyb.org
qakbot,jrrgolibyq.org
qakbot,kjsjmnerngebhnm.biz
qakbot,ptkryerxcljhcp.net
qakbot,mrdheiwslwzdtbrhgy.org
qakbot,ztnwxvtzun.net
qakbot,afbjegbiunnvajofebzensbv.info
qakbot,oezxrxddfzflkmkamy.com
qakbot,dfwzlasvsydycuzypsu.net
qakbot,effnedzegcmuzykhxalpiu.info
qakbot,sonzjfyysgxg.org
qakbot,qukogtyagsvukzt.net
qakbot,ockrapufaxmzcbcklnigpc.org
qakbot,xvbwaafszhbkusjmbyq.org
qakbot,snbupfpjhuv.org
qakbot,imoejugboyjd.org
qakbot,snsflnascddpcs.org
qakbot,rrkgdclvbggwbwum.biz
qakbot,ojjgcouilbttfp.biz
qakbot,oqsenptaqovsfmllpywqspq.com
qakbot,sgfoiyxtykugjeqr.biz
qakbot,whnmcybbxoshtnp.biz
qakbot,jafsehlgbfrjvirikmyjx.info
qakbot,vldvcunkrdyiwdk.org
qakbot,otconzjknirtrcrtvgppfjd.biz
qakbot,llbnpqzgysqburues.com
qakbot,rhoftfvvttanyhptppgifs.org
qakbot,guagucoqiaa.org
qakbot,pxnmdcgigafmyvaore.net
qakbot,pugnbfavwvehzkefc.org
qakbot,kfcxfloxhkrnsvdbrdjqlxw.org
qakbot,mitoiwfpbzndrewqqydsbtwtf.org
qakbot,wiqxwigbkokdbtetas.com
qakbot,ekzuiqjoegnanmxj.info
qakbot,mthxynuuykqvfmsfnar.com
qakbot,vynmjenjv.org
qakbot,ximuolpakmjdftnqsgdjjdmn.org
qakbot,ansxoudpcazo.com
qakbot,nedvayukahdsi.org
qakbot,oyeifkfmlmpeltbdfzyx.org
qakbot,vhuhmvcmrsoc.biz
qakbot,qcjowsmjwciwbrkiwp.info
qakbot,apmmbheojvicztycnmqdow.com
qakbot,nqqthodrfbhwt.biz
qakbot,lpxuwpysjhcdnxhcieztzqfp.org
qakbot,jfxharadqsumfzpvcbp.com
qakbot,ioiwgrqabncmzebtnzvncvn.biz
qakbot,tnentoxfe.com
qakbot,ijdvivrvevugcmpuyqnokq.info
qakbot,hchfgojmrssbtsbjnkzeruyq.org
qakbot,etfknwbxtekiezdvtduvaj.biz
qakbot,tavgsyzz.net
qakbot,sqpsafzvefciac.info
qakbot,vxjhmpscfebafmbato.info
qakbot,pnrqrmajpxham.com
qakbot,bvzqepoamvshhvuosytprg.com
qakbot,wnjygosoojjivqwz.net
qakbot,evjziriowustzbgri.biz
qakbot,qmwtcexkwlehdignx.net
qakbot,ychwhejjgqtgodectcuh.net
qakbot,nkmpevgrh.net
qakbot,ngkztywwcqswagfyotjywlam.org
qakbot,glxbujbb.net
qakbot,gjcoeqtzlhve.net
qakbot,tkvlrtrgtfykvydewluvj.org
qakbot,xiiwbvbrusggjdiv.com
qakbot,bqliqqppar.info
qakbot,effauhqdqxkfiiryvbgrprf.info
qakbot,xfjezffiewfnltp.org
qakbot,jbdcsbupizookknfhdftj.org
qakbot,wgajfuagtttyqksruzhxafzx.info
qakbot,fymtomybivh.com
qakbot,nqodexdixxovbq.com
qakbot,ovvldufstumwptajtlkvco.info
qakbot,dzrbvhpmbixru.biz
qakbot,hnkwkbjwthuab.biz
qakbot,tnfhmwrrqcjncrqsxzq.org
qakbot,gupfufjcvqluudjlxm.org
qakbot,fstechpl.net
qakbot,thmaibqzl.org
qakbot,bboleljxwqnzicjuxfglcpg.org
qakbot,ojhkljebfivyrhkjkce.biz
qakbot,zfbycqdiaxcruouvwhkchxglo.org
qakbot,qsyfjnnxybcnarz.org
qakbot,cpmytuttktpwthsuwajjhfaim.info
qakbot,beucosphwtwbqvzf.org
qakbot,kzjdlcie.org
qakbot,absqnyhi.biz
qakbot,gvrhuial.net
qakbot,rrqkaaturkkdk.org
qakbot,jwvewpmaxu.info
qakbot,gelnshcaekczxinuyh.org
qakbot,ahytguzdexsom.org
qakbot,hhnxehiaotdcueulfsmt.info
qakbot,guokmziqksqg.biz
qakbot,uxzutpqpqi.biz
qakbot,aurgbdonvpjtcxiuekm.info
qakbot,ueznajciofluzjo.biz
qakbot,eoypctgwyfvn.net
qakbot,veeubwxxgdk.biz
qakbot,zizyoqlz.info
qakbot,sggncfwsmjrmmm.org
qakbot,ulxpkryqpvpg.org
qakbot,mkytgaqnapjyafzuohppawk.com
qakbot,rhxsvbdh.org
qakbot,zgutyqwneyxmxfmaecvdjgz.info
qakbot,hzkkjerdpszemdtqqvoxezqhw.biz
qakbot,zzsvblfvbxjomjyembugbiqfq.info
qakbot,sbauktuftysoxnlazjvll.org
qakbot,pdettzahvhlpkrfaievq.org
qakbot,dmmlyhhy.com
qakbot,nsjcmxoplxinrnlat.com
qakbot,nggfuvhpszoehtrs.com
qakbot,yaoipwwobtppiqdbdtealxe.biz
qakbot,zozzphwaan.org
qakbot,nyiwwkadbpatsmbtmt.net
qakbot,encfocrypagawxitsvjzmgxk.com
qakbot,dytzzybr.com
qakbot,apjxcpavkbwu.info
qakbot,tigwzjicwfysudiqgxsee.org
qakbot,lcqhfeugaiqhptaorppqvh.biz
qakbot,gcqwfnmjovbwmv.org
qakbot,rzwjflowworijvboycykzvvm.biz
qakbot,ndlnoiwnasdkhnuhkqcsyssec.info
qakbot,daospisublnwvgivzop.net
qakbot,uviwmifwqkqysev.org
qakbot,mncmqfngyikzewaz.org
qakbot,dohipmaydzvizkmflug.info
qakbot,ddetmvepzcxd.org
qakbot,abpwmomohobkl.biz
qakbot,nilhdwbxhtko.net
qakbot,ixfaucjiyxltqqwnufmjbmoxc.org
qakbot,tozvtpmtjlvihvdretgz.org
qakbot,mmlfueyhtt.org
qakbot,qxgtayqnybg.com
qakbot,agurhdkrxlbkpucmmbdhqz.com
qakbot,rwihgxxxdp.info
qakbot,hfjpxxlmpjsqq.com
qakbot,wxgensbpvzbjhaxwjceuhjg.org
qakbot,snoxhxrtvc.info
qakbot,qxpxjdcarrjy.net
qakbot,yqejthdjwlg.com
qakbot,vnkmciihtoyrps.com
qakbot,kjoqgsvlxgmf.org
qakbot,rcmjnmwhwwrxivrxotf.com
qakbot,bioydfktnflkammzryzw.com
qakbot,nwgygryqinr.org
qakbot,ajcuuwulzlhimgnab.biz
qakbot,hdgjujfxy.info
qakbot,jsjjurldhkicssvbuzbk.info
qakbot,mndhgrnjpl.net
qakbot,vegiqmtmvdtsneqicygu.net
qakbot,ljpipyrtfbkxq.org
qakbot,ytyyivczk.com
qakbot,pejbztbevatynw.com
qakbot,alwmlkilrapcvt.com
qakbot,ewjpmlliiwwomzqobgsnyq.org
qakbot,kwzobysbkplaigj.net
qakbot,lpxmguwkbdrvwfo.info
qakbot,istaqskhvgjkwrkryxmmloj.biz
qakbot,ejwynyuysxq.org
qakbot,bovuavfqnzkme.com
qakbot,tmoziwxhrheukuxswckxsqs.org
qakbot,cejyzxvfemocpwehpw.biz
qakbot,vpevgwhxnsa.info
qakbot,wlqiitzxkkv.biz
qakbot,emgispstnlhqpagmkc.net
qakbot,jltewqhjksgal.biz
qakbot,xkwwplwdksz.info
qakbot,jkykvccqmkcsjeaa.com
qakbot,eukkltzofjuvbpmnpsu.org
qakbot,wnzvhnthlmumdnki.org
qakbot,utbpfzio.org
qakbot,gzbrffdvedblr.org
qakbot,ohxqvuuyymiefyuuuzitomj.biz
qakbot,yuavpkuwififhxprctpr.org
qakbot,dlhpapvihpisoou.info
qakbot,fbcwxkzbn.net
qakbot,blnretbstdssthlet.net
qakbot,npzdamyiszpcpalogfwpawszi.org
qakbot,gtxdnqtvrxgtddyhodvctq.org
qakbot,mdfanxpunx.biz
qakbot,wovnsblballznc.info
qakbot,wxwknnbuldtnxsoscibgsr.net
qakbot,wgruopzraehzmhwgbw.net
qakbot,bwmlijrgpnxidwmvilyojuhv.org
qakbot,gtnbmouvisdcheesylxqb.org
qakbot,colgaflmnpeyxcwyoenznvuq.org
qakbot,agwepkvthb.com
qakbot,adtqqcjp.info
qakbot,imebmfue.net
qakbot,imhbymgnsgczqryrjiedewwy.net
qakbot,wseeucpuuvgeapn.net
qakbot,qjqnhxnopvfetmykq.info
qakbot,flgsiwrgsmopkysmgsn.org
qakbot,pjxcafitagplfnrvqlipkgr.info
qakbot,zkuhjyznfwjwdxcedhbqoxvmy.net
qakbot,qtyytsrodngwezbravxcclqi.net
qakbot,bcioxqozjwyar.org
qakbot,vyddkdoklmjgvw.net
qakbot,vxdvomcufezjayurg.org
qakbot,xerzadwwjggoubmzsoiczayqe.org
qakbot,jkyiyloi.info
qakbot,ecelvambvvvu.net
qakbot,kvepzonedlw.biz
qakbot,bqmbuoohocwwd.com
qakbot,ocuivxhifnevesteuv.org
qakbot,mikuvajgxlasuvuyayqscplgi.com
qakbot,anfqoidbthbixaw.info
qakbot,csdinnutewowpxgqztfpliwk.org
qakbot,zoafrzqcfopqtsaaarfkormlw.com
qakbot,kknrkjjxfnw.biz
qakbot,rovwrkdunlntkjkuhaytq.net
qakbot,eehcaexiuloydukcgcihsdf.org
qakbot,tbfocaxuyimyzsjriqcjzzjeo.info
qakbot,uxhesxmkgccajqg.org
qakbot,doausokziujzmnvdcx.org
qakbot,hmmewjznwuoniqng.biz
qakbot,tjselvotimuw.com
qakbot,phdkqaxddfiuxmrbtuqzj.net
qakbot,onlunfoyxpxhoqj.biz
qakbot,pxpxmagzaioxrtwwebhpl.biz
qakbot,tdxwbpwdwlxwyj.info
qakbot,elozxedxbxkhablw.org
qakbot,lgcfaxxcomhj.net
qakbot,trdzwkmjnfioqawtbh.biz
qakbot,ievyjpemfz.info
qakbot,injrhirys.org
qakbot,vrtxoplmg.net
qakbot,mdslpbigwgvovzewsyrt.net
qakbot,avukcsbcfnullquoyckbmdrr.org
qakbot,rhniklihiswazhq.org
qakbot,hdyoxfzfthx.biz
qakbot,sakgnchffsvsc.org
qakbot,otoyhwzgwui.info
qakbot,mxjbrdhdtdbbfltie.com
qakbot,kyizklanmqhevd.org
qakbot,uwfsqpksyrfrbopwni.biz
qakbot,vewhibtgxegseuqfpceeuv.net
qakbot,ermhdagmvufenuexgozhb.net
qakbot,uclcigzqbnjuastuysmyolz.org
qakbot,toniabihstkxubptb.com
qakbot,ceqhlvbjvdgxktmqerqzcmvai.org
qakbot,gwgcpjjnniodfhewmqiwc.biz
qakbot,ixekhjzpfoqjyaou.net
qakbot,hozxdmuaykcldje.org
qakbot,rbnomuuihksrapecczxfmms.biz
qakbot,apargjcmkwohmwxukkvocy.org
qakbot,cfoykdpmdjigpsa.info
qakbot,mkslibopxycx.biz
qakbot,gsctffmgkxz.com
qakbot,syjlocatcrnra.com
qakbot,ehfbdgqbxmhnbfdrsbmk.net
qakbot,moqmbtnvgkkvdztsqxv.com
qakbot,vrmkfjoffk.info
qakbot,dsfqsbupqnddomtjixrwvjlme.net
qakbot,jdlreiodbtfnehslwqoeeo.com
qakbot,pmeqzakxcbesxknzks.org
qakbot,qionnzgyepduhonlb.biz
qakbot,esbykdmh.org
qakbot,mhjiefjzkfewnunkwkkfl.info
qakbot,exlhrlgyygihnftgngxccpe.biz
qakbot,dwgoswoapkjzo.com
qakbot,lzowzkbbcimqkzuhueoyvpqis.org
qakbot,iemawarslwlk.info
qakbot,eetgomjff.org
qakbot,xgrdwmmlusfzupchmrrke.net
qakbot,pmasjztzdllcwyfoprtuvq.org
qakbot,dnpgumflutg.org
qakbot,vrnbdlgh.org
qakbot,ipomabuerpvdpgsdokjxirk.info
qakbot,stxrgajnwh.biz
qakbot,etzctiyqselelrumh.biz
qakbot,nwfhlguvzntfirszc.com
qakbot,tuezkbndrjkkqqsslrztuzx.info
qakbot,zvydlhujvcogbvun.biz
qakbot,covophzhpieowybumpmcrwctg.com
qakbot,epamjvtjqwmgbzctgd.com
qakbot,anmzkxnwojnzulxagdmkqvgbr.com
qakbot,kdvcktzrlukdqnqzab.net
qakbot,gjkzygwfdukusepjztssjit.net
qakbot,legenvusuwomxzm.org
qakbot,uvamxwcqgalvwajmlwwzgag.info
qakbot,yaxhagxvm.info
qakbot,uuunmeotrtcvdcrypka.info
qakbot,bxldsbrabjzajtp.org
qakbot,nbbdgdvqchigxcwnq.org
qakbot,jzcbvamtcwspznawcutyn.net
qakbot,eusoewmajidivlnhyjynxrohg.org
qakbot,lggosfycnnrqeemusuwjgy.info
qakbot,jfieuyaupcjvfvoaxwd.org
qakbot,jphlkbtftvfoicmjlsw.com
qakbot,bmefmvwchwtnvouztlixffmm.info
qakbot,wwlawzxisyzg.com
qakbot,znlpujnlzqrraxuapgnid.info
qakbot,uezqyoxgguru.com
qakbot,plyvnvenifdabkknoqygssrjv.net
qakbot,sygokpsumjiumei.org
qakbot,voeaobpyvvxyb.com
qakbot,kitvgrezyhbwybrnkiw.info
qakbot,mlxlzubxdjeg.org
qakbot,lrdiuckcqd.biz
qakbot,yriyvgpkzkdlnntmklbcwjkz.biz
qakbot,fmpedmerinspqmdyukmvpy.info
qakbot,zszizqqro.org
qakbot,oegkhcpnmdhcx.net
qakbot,cisbouzjnuhvhihdwygbi.com
qakbot,doqfvkgb.biz
qakbot,vogvujqjgbkhadiazl.org
qakbot,agtygrefwlotwfvplwnrinsa.org
qakbot,buiaubdgbn.com
qakbot,vopiozplxpv.net
qakbot,bkobrsswdoapvrghci.net
qakbot,ztlyhexlndgn.com
qakbot,dhrgxtklxlgy.org
qakbot,bsumultpyvlzntkuzyozlbnd.net
qakbot,bjuwstxerlx.info
qakbot,uccmxhvkaldfc.org
qakbot,vjxlnukjarmw.org
qakbot,usyibzzoawfnzdgyzozs.net
qakbot,oxmxrbapqnwjthpmuxxbjild.org
qakbot,mtzndffbnxatsqsecp.org
qakbot,mcckdwzimfvbjbkcj.info
qakbot,lgqgriexmgqac.biz
qakbot,teaxfcqhyojnohelz.info
qakbot,ppitflaxqejq.com
qakbot,ikbbluhbkruyigauodt.com
qakbot,efipfnxhii.net
qakbot,jhowpkhmnviacpkvngm.biz
qakbot,kupvfidybhg.org
qakbot,urmkkvzaitqbopmsp.com
qakbot,rckmncwgakxhxssilv.org
qakbot,zdxqzcgtbodcaucmrdwmm.info
qakbot,gztxmbrdblwaxshtnoy.com
qakbot,wtcdqholhupzo.org
qakbot,ybhlvlrkolhkfzazfu.org
qakbot,bjbexwtubxsjscwxrgasus.net
qakbot,tltgiythmnfckaqvaagbxbt.org
qakbot,gqthallzcuovhxxi.biz
qakbot,wiuedoeppqablhqgaccb.org
qakbot,ffydpalmjrfytdkvvhflg.info
qakbot,lihftlbxkbjapbfuioefwd.biz
qakbot,htingkbzqvitiihyheh.org
qakbot,lkefspafsd.org
qakbot,vgzjzqshkwovdhkoseixqi.info
qakbot,phpzrozmrgxu.info
qakbot,hpmesuvpsfpigfbadxsz.biz
qakbot,pzcdmncoico.org
qakbot,ovlmrmokawtiwrofcstfrsjht.org
qakbot,bllotkcnpssgjll.biz
qakbot,nusenywpttsldhhkbacrr.org
qakbot,egoljiyxybp.org
qakbot,bojeqyah.net
qakbot,clkzcdsif.org
qakbot,dupoeltml.org
qakbot,ttpxetvajochxmcwtliez.com
qakbot,gtesuqvrra.com
qakbot,eagdnazhnf.info
qakbot,ibcmtdkjap.org
qakbot,ktzdidrvxwktnmfcnmvus.com
qakbot,uvrvtrrvdrmvadnmilmlmuam.org
qakbot,bubhvfqnemvhlewmqapdi.com
qakbot,hckfjutdbggmprrwj.org
qakbot,iaooqhsthctsbta.net
qakbot,rozcfqkqqnef.org
qakbot,kefanhrbnttpibkegjifnm.org
qakbot,hjzektstviu.net
qakbot,lxmvhtxwvau.com
qakbot,knxnxxpsnz.info
qakbot,mwzlfxgfwaotjilqnzk.com
qakbot,vjakxotqfpoyn.net
qakbot,jnteijjxsgxjnomujkjfmqpk.biz
qakbot,erjfiqszszgaxgmtnzq.org
qakbot,zfilzselcqt.com
qakbot,dsqirubi.org
qakbot,lypvsblfqfldvjewflrafv.org
qakbot,cpwbmpgeqysqspgikknyy.biz
qakbot,vwzfkcmpzjphkyukqgix.biz
qakbot,zyvlmmlpsyjueurxx.biz
qakbot,bwalupbvecoupf.info
qakbot,excvliiqrlqnt.info
qakbot,rqqgvitwkttvuzxzodyrctxe.org
qakbot,gojnjylstkb.com
qakbot,thmldbmltxu.com
qakbot,xnvasqmipglbvf.org
qakbot,ereakwsvluuaxfljydnecce.biz
qakbot,caijnbvnacblbcidakkx.org
qakbot,bowamtnfu.info
qakbot,hshawdmjawdwsymawo.org
qakbot,wkzhalszjrpqdmrgip.info
qakbot,ypeouqgtlfiersnqev.info
qakbot,unbingaziixyqulup.biz
qakbot,abiwvennxg.net
qakbot,vqhxfdfosggnhmvirygo.net
qakbot,qqvjotjrqs.com
qakbot,fvdalaqxj.info
qakbot,atfcxenkjutgyaamuixkdaasq.org
qakbot,swmtwqmvhifhaus.org
qakbot,sbccnuauijnchcdjqvlvg.biz
qakbot,maulkkcs.org
qakbot,qqmloajqqqpgtqgvmav.org
qakbot,mdwjrrrkijrpvfwp.net
qakbot,rmxtcgymxshr.org
qakbot,nnbsqteohswby.org
qakbot,iqqodlgsuikbrtt.net
qakbot,vfbxsbkz.org
qakbot,tgshcakjjrgxxqrbdpe.org
qakbot,ehxkulqr.org
qakbot,ydkfuxavcnreaujbpo.org
qakbot,jfgygtkyjoysbnkjjpyobup.net
qakbot,uzjrnktnoitscgahxioybpcbs.biz
qakbot,sycztpgweywwjkmrueura.com
qakbot,fwcwggjehbs.com
qakbot,vntneakeqexjangepagz.org
qakbot,tgwfgial.info
qakbot,hmwohzaiqvtthebvtwjueirh.org
qakbot,hrwueaevommjafsqa.biz
qakbot,hceqcytyblnrbiedyztisc.info
qakbot,kuuejprwwstohhhp.com
qakbot,jawesrtevwlnjpkqlfcjv.org
qakbot,ngrflgyugtzgcsbvfjsaexguh.biz
qakbot,hdavpmbztyrzgrhuwheeq.net
qakbot,tpxtmgcomdgzvjukoyii.com
qakbot,bjizpwxa.biz
qakbot,cqpftcfhylf.net
qakbot,sucuehmqfveliogebolkltet.org
qakbot,qljwtypcovj.com
qakbot,quygvhnw.info
qakbot,chbzbauavvoelhdbmfkg.org
qakbot,dlyeeovtkizfyt.net
qakbot,qxqxmgrqceashhqckuxzrx.com
qakbot,gcbduxttsulqhgycnxxuw.org
qakbot,bjtwhbdqjsrvsagaxjvsiytuf.net
qakbot,bhaxccryuwhmkbhuvsyb.com
qakbot,mhveuzchkxkxmyrnb.com
qakbot,anzefcypg.org
qakbot,afjzfkmuitxpapaiiteeiu.org
qakbot,wzecolhalndewaitpxeerixy.com
qakbot,wvzfxjxrlghnqwkrojpcjf.org
qakbot,ktzipgzlr.com
qakbot,wstoewuwxxiwitvnbz.net
qakbot,yncdmamjsxyhjzopzzoexc.info
qakbot,ilxrsyjlsivqhksnfyzawylc.info
qakbot,fvsecxsrmuysmwjljpkrnutav.biz
qakbot,qqziorztz.com
qakbot,ocvlhoxunzm.org
qakbot,oxnwxjnxhz.com
qakbot,txduxgnlhfa.org
qakbot,xamacucomidts.com
qakbot,obcleychdmeapealmjbzuhks.biz
qakbot,tnuydckq.net
qakbot,ijyiwhajfzufwjvlzt.info
qakbot,uvctcjuxiympavxdqidmpt.org
qakbot,eylawvxmoxo.org
qakbot,tyzvulyfjenb.org
qakbot,zwrtctyfahzokdephmogxpdik.biz
qakbot,dafvmwclpwhgxftskxnww.info
qakbot,kvdchcrepkzxumajkpmtctn.org
qakbot,fuiwbndbthuw.org
qakbot,xtdsukerxqwxbs.biz
qakbot,sfsayphidjlm.org
qakbot,xfoyarecvcgiaefscqkfekur.org
qakbot,ozrroumeifkewpjvlbbeq.info
qakbot,akszceayasbxmmhqoaieg.net
qakbot,kzaicurdujfy.com
qakbot,kloaoamknzqp.info
qakbot,shzttklyhquddmnvaugkoo.net
qakbot,enjkjcpvlrwctdexemmfwplye.org
qakbot,wfbctupoxjerygtbic.com
qakbot,bayzbxjdjxupru.info
qakbot,zrstzbuxuzsewzuxgagnmghdt.com
qakbot,ywzfzjtkcfkywabqhnvr.net
qakbot,zcdzbyetioxou.org
qakbot,gudtyoybdkhe.com
qakbot,bpchetkphfoue.net
qakbot,pjmkmnkvystlenkxhi.org
qakbot,avmbgbylwnbitf.net
qakbot,iejjgzvmlaxnib.org
qakbot,zezkwvvkbfrqrlbjnceczeao.info
qakbot,cbzvtnjtjfcjjdfywcnx.net
qakbot,miuezlfmdxbqieahgb.biz
qakbot,buacukml.biz
qakbot,yqihlsov.info
qakbot,vewrkbrmhdxcfenpq.info
qakbot,wzfolitiddueyjbpo.net
qakbot,wmnydmabokeupcdugfjdp.com
qakbot,negjaiqyd.org
qakbot,ymsnujqlejunpzuvbcmbmxw.info
qakbot,ciceuqhwutqpilcxbnigyhwfk.org
qakbot,veamxzlxuahqzskg.org
qakbot,burplpkr.org
qakbot,fcalpvfatrdcwofy.org
qakbot,kmbxltldlxb.org
qakbot,ckowthpargxssuwqpeqs.info
qakbot,xqjadibfq.net
qakbot,plzlssujjfbmmuyhkvsutq.biz
qakbot,bpvkdcdjbobiebt.com
qakbot,bslslrzpwhnveltwsqmcazoy.net
qakbot,bapzaeexqepmx.net
qakbot,cdgdbhlssrsrvbwjbmuuf.org
qakbot,kczckdfjkxwewiapuppdezhh.net
qakbot,akquycusbqpyngdaabtfgvq.com
qakbot,rvulhmrzeo.com
qakbot,lowqaqnsyqcct.net
qakbot,lleumhhzhfuovqbnjazlozqj.net
qakbot,ingxquss.net
qakbot,efapfdauniw.org
qakbot,vqhkdkiobbhwlzdjzxsqop.org
qakbot,zzxrdqipo.biz
qakbot,jejdbbiaoxfxllgxwwiubwuc.biz
qakbot,blrrmcbayurxsbpsqzxqi.biz
qakbot,ckvrwewayieelldinyl.org
qakbot,jhhswuylrpz.info
qakbot,ibvjepevbh.com
qakbot,njyzbwtqhkziaezarn.org
qakbot,mfncgnumcmnbnaawkzncglnxe.org
qakbot,yfoikawozmjmbmegx.info
qakbot,aujcoczfblfbtidfi.org
qakbot,yptnrsuiswmxy.org
qakbot,hwzerfdkabdhhwce.com
qakbot,parfggwrqcwadz.info
qakbot,rujpzscynmprsgjwgjjsc.org
qakbot,rmtousdxeeeatylijxf.org
qakbot,uxclzlcfibsnibjomtzrnws.info
qakbot,wjwlgjrslrxdprtjrudgq.org
qakbot,oarjyfsafvpgirnnwmboka.org
qakbot,muavnkjcrafewunmerg.org
qsnatch,dcabx.cf
qsnatch,tzc7i.tk
qsnatch,tyefca.com
qsnatch,kjlzv.ml
qsnatch,4dwnb.de
qsnatch,qar3r.rocks
qsnatch,lyhxc.mx
qsnatch,ezlfg.biz
qsnatch,ls4g7b.net
qsnatch,angfc.cn
qsnatch,isrop.ga
qsnatch,1gydz.gq
qsnatch,jivboq.org
qsnatch,uhavq.top
qsnatch,crjwz.nl
qsnatch,w9zud.men
qsnatch,1ezgs.ws
qsnatch,yf7gx.se
qsnatch,j3eff.info
qsnatch,dvuqf.xyz
qsnatch,djuce.today
qsnatch,hrfsn.ru
qsnatch,ayqlg.ec
qsnatch,ip6r5.co
qsnatch,743or.ee
qsnatch,2rhcz.rs
qsnatch,s1xgp.com.sv
qsnatch,ypek4.com.cy
qsnatch,gfcbc.co.zw
qsnatch,eydns.kg
qsnatch,brw61.com.ge
qsnatch,lbboq.tl
qsnatch,xccld.name
qsnatch,nycgy.tw
qsnatch,l58ow.lv
qsnatch,ayrwy.bs
qsnatch,mdjsy.li
qsnatch,3ez1c.ng
qsnatch,u6ghw.ae
qsnatch,1ab7f.bt
qsnatch,bca3r.tv
qsnatch,t5cg6.pe
qsnatch,1bmxr.uz
qsnatch,8wnkd.me
qsnatch,bbvac.gy
qsnatch,nmthe.am
qsnatch,m3rsi.kr
qsnatch,mcaul.by
qsnatch,9epyb.fr
qsnatch,w3tcx.com.uy
qsnatch,et7fq.com.lb
qsnatch,xcqsf.com.br
qsnatch,rdgcs.vu
qsnatch,drxew.hk
qsnatch,fclid.in
qsnatch,arano.re
qsnatch,71tni.ch
qsnatch,wta9f.af
qsnatch,5ni7x.com.ps
qsnatch,apflq.ug
qsnatch,6z611.dz
qsnatch,6nadz.pro
qsnatch,mt3pa.co.th
qsnatch,npd8a.sg
qsnatch,4cmuz.cd
qsnatch,iy3us.so
qsnatch,pf6o8.mo
qsnatch,xfndu.co.id
qsnatch,tztp1.co.il
qsnatch,ijgo1.com.do
qsnatch,jwkql.ke
qsnatch,xwf17.cx
qsnatch,0sijb.ro
qsnatch,stdny.id
qsnatch,ts3ag.pm
qsnatch,a8506.hm
qsnatch,vsvux.vg
qsnatch,n6wwc.az
qsnatch,mibk0.com.eg
qsnatch,hmsgb.bz
qsnatch,vxqkr.su
qsnatch,8vg2v.com.ar
qsnatch,isxom.gg
qsnatch,byrol.com.lr
qsnatch,n9b5c.pa
qsnatch,plglz.com.ve
qsnatch,dfu7p.al
qsnatch,hn8vx.fm
qsnatch,9hali.to
qsnatch,prza7.mu
qsnatch,yftn3.co.ck
qsnatch,6risw.pk
qsnatch,e37df.co.rs
qsnatch,auqfb.cw
qsnatch,tljnu.nr
qsnatch,5yb8b.gd
qsnatch,eodhc.gl
qsnatch,cm8zo.ac
qsnatch,ufcgg.lk
qsnatch,uot2j.md
qsnatch,tqkg9.fi
qsnatch,wokmh.sx
qsnatch,h4byx.lc
qsnatch,j34vf.es
qsnatch,fhg0t.cc
qsnatch,ofmah.cm
qsnatch,rptlq.la
qsnatch,4dzjo.co.za
qsnatch,ar8j8.je
qsnatch,4fm7m.cz
qsnatch,f4efl.jp
qsnatch,v7iom.ai
qsnatch,xxwaf.pw
qsnatch,vetgx.bg
qsnatch,z2b2i.nu
qsnatch,blrxm.ag
qsnatch,qclhl.bm
qsnatch,v81y6.eu
qsnatch,maqxy.com.my
qsnatch,nbpaw.sc
qsnatch,e21ue.ax
qsnatch,hdabi.wf
qsnatch,vuuu2.ly
qsnatch,0va8u.qa
qsnatch,jucq3.vn
qsnatch,e4iiv.aq
qsnatch,8agfp.mobi
qsnatch,zuc3p.com.tr
qsnatch,ctplv.com.ua
qsnatch,hbzom.com.py
qsnatch,etqaw.hk.org
qsnatch,82f2x.south.am
qsnatch,iymjg.com.kh
qsnatch,5fclz.co.zm
qsnatch,1owvx.ru.net
qsnatch,uvfu7.com.km
qsnatch,qk5zg.tt
qsnatch,tarbl.kn
qsnatch,ts2wh.co.ls
qsnatch,zhjly.co.fk
qsnatch,qobu1.uy.com
qsnatch,muoz1.com.gu
qsnatch,khywf.com.pf
qsnatch,yxpmd.com.fj
qsnatch,dca.cf
qsnatch,tzc.tk
qsnatch,tyef.com
qsnatch,kjl.ml
qsnatch,4dw.de
qsnatch,qar.rocks
qsnatch,lyh.mx
qsnatch,ezl.biz
qsnatch,ls4g.net
qsnatch,ang.cn
qsnatch,isr.ga
qsnatch,1gy.gq
qsnatch,jivb.org
qsnatch,uha.top
qsnatch,crj.nl
qsnatch,w9z.men
qsnatch,1ez.ws
qsnatch,yf7.se
qsnatch,j3e.info
qsnatch,dvu.xyz
qsnatch,dju.today
qsnatch,hrf.ru
qsnatch,ayq.ec
qsnatch,ip6.co
qsnatch,743.ee
qsnatch,2rh.rs
qsnatch,s1x.com.sv
qsnatch,ype.com.cy
qsnatch,gfc.co.zw
qsnatch,eyd.kg
qsnatch,brw.com.ge
qsnatch,lbb.tl
qsnatch,xcc.name
qsnatch,nyc.tw
qsnatch,l58.lv
qsnatch,ayr.bs
qsnatch,mdj.li
qsnatch,3ez.ng
qsnatch,u6g.ae
qsnatch,1ab.bt
qsnatch,bca.tv
qsnatch,t5c.pe
qsnatch,1bm.uz
qsnatch,8wn.me
qsnatch,bbv.gy
qsnatch,nmt.am
qsnatch,m3r.kr
qsnatch,mca.by
qsnatch,9ep.fr
qsnatch,w3t.com.uy
qsnatch,et7.com.lb
qsnatch,xcq.com.br
qsnatch,rdg.vu
qsnatch,drx.hk
qsnatch,fcl.in
qsnatch,ara.re
qsnatch,71t.ch
qsnatch,wta.af
qsnatch,5ni.com.ps
qsnatch,apf.ug
qsnatch,6z6.dz
qsnatch,6na.pro
qsnatch,mt3.co.th
qsnatch,npd.sg
qsnatch,4cm.cd
qsnatch,iy3.so
qsnatch,pf6.mo
qsnatch,xfn.co.id
qsnatch,tzt.co.il
qsnatch,ijg.com.do
qsnatch,jwk.ke
qsnatch,xwf.cx
qsnatch,0si.ro
qsnatch,std.id
qsnatch,ts3.pm
qsnatch,a85.hm
qsnatch,vsv.vg
qsnatch,n6w.az
qsnatch,mib.com.eg
qsnatch,hms.bz
qsnatch,vxq.su
qsnatch,8vg.com.ar
qsnatch,isx.gg
qsnatch,byr.com.lr
qsnatch,n9b.pa
qsnatch,plg.com.ve
qsnatch,dfu.al
qsnatch,hn8.fm
qsnatch,9ha.to
qsnatch,prz.mu
qsnatch,yft.co.ck
qsnatch,6ri.pk
qsnatch,e37.co.rs
qsnatch,auq.cw
qsnatch,tlj.nr
qsnatch,5yb.gd
qsnatch,eod.gl
qsnatch,cm8.ac
qsnatch,ufc.lk
qsnatch,uot.md
qsnatch,tqk.fi
qsnatch,wok.sx
qsnatch,h4b.lc
qsnatch,j34.es
qsnatch,fhg.cc
qsnatch,ofm.cm
qsnatch,rpt.la
qsnatch,4dz.co.za
qsnatch,ar8.je
qsnatch,4fm.cz
qsnatch,f4e.jp
qsnatch,v7i.ai
qsnatch,xxw.pw
qsnatch,vet.bg
qsnatch,z2b.nu
qsnatch,blr.ag
qsnatch,qcl.bm
qsnatch,v81.eu
qsnatch,maq.com.my
qsnatch,nbp.sc
qsnatch,e21.ax
qsnatch,hda.wf
qsnatch,vuu.ly
qsnatch,0va.qa
qsnatch,juc.vn
qsnatch,e4i.aq
qsnatch,8ag.mobi
qsnatch,zuc.com.tr
qsnatch,ctp.com.ua
qsnatch,hbz.com.py
qsnatch,etq.hk.org
qsnatch,82f.south.am
qsnatch,iym.com.kh
qsnatch,5fc.co.zm
qsnatch,1ow.ru.net
qsnatch,uvf.com.km
qsnatch,qk5.tt
qsnatch,tar.kn
qsnatch,ts2.co.ls
qsnatch,zhj.co.fk
qsnatch,qob.uy.com
qsnatch,muo.com.gu
qsnatch,khy.com.pf
qsnatch,yxp.com.fj
qsnatch,dcab.cf
qsnatch,tzc7.tk
qsnatch,tyefc.com
qsnatch,kjlz.ml
qsnatch,4dwn.de
qsnatch,qar3.rocks
qsnatch,lyhx.mx
qsnatch,ezlf.biz
qsnatch,ls4g7.net
qsnatch,angf.cn
qsnatch,isro.ga
qsnatch,1gyd.gq
qsnatch,jivbo.org
qsnatch,uhav.top
qsnatch,crjw.nl
qsnatch,w9zu.men
qsnatch,1ezg.ws
qsnatch,yf7g.se
qsnatch,j3ef.info
qsnatch,dvuq.xyz
qsnatch,djuc.today
qsnatch,hrfs.ru
qsnatch,ayql.ec
qsnatch,ip6r.co
qsnatch,743o.ee
qsnatch,2rhc.rs
qsnatch,s1xg.com.sv
qsnatch,ypek.com.cy
qsnatch,gfcb.co.zw
qsnatch,eydn.kg
qsnatch,brw6.com.ge
qsnatch,lbbo.tl
qsnatch,xccl.name
qsnatch,nycg.tw
qsnatch,l58o.lv
qsnatch,ayrw.bs
qsnatch,mdjs.li
qsnatch,3ez1.ng
qsnatch,u6gh.ae
qsnatch,1ab7.bt
qsnatch,bca3.tv
qsnatch,t5cg.pe
qsnatch,1bmx.uz
qsnatch,8wnk.me
qsnatch,bbva.gy
qsnatch,nmth.am
qsnatch,m3rs.kr
qsnatch,mcau.by
qsnatch,9epy.fr
qsnatch,w3tc.com.uy
qsnatch,et7f.com.lb
qsnatch,xcqs.com.br
qsnatch,rdgc.vu
qsnatch,drxe.hk
qsnatch,fcli.in
qsnatch,aran.re
qsnatch,71tn.ch
qsnatch,wta9.af
qsnatch,5ni7.com.ps
qsnatch,apfl.ug
qsnatch,6z61.dz
qsnatch,6nad.pro
qsnatch,mt3p.co.th
qsnatch,npd8.sg
qsnatch,4cmu.cd
qsnatch,iy3u.so
qsnatch,pf6o.mo
qsnatch,xfnd.co.id
qsnatch,tztp.co.il
qsnatch,ijgo.com.do
qsnatch,jwkq.ke
qsnatch,xwf1.cx
qsnatch,0sij.ro
qsnatch,stdn.id
qsnatch,ts3a.pm
qsnatch,a850.hm
qsnatch,vsvu.vg
qsnatch,n6ww.az
qsnatch,mibk.com.eg
qsnatch,hmsg.bz
qsnatch,vxqk.su
qsnatch,8vg2.com.ar
qsnatch,isxo.gg
qsnatch,byro.com.lr
qsnatch,n9b5.pa
qsnatch,plgl.com.ve
qsnatch,dfu7.al
qsnatch,hn8v.fm
qsnatch,9hal.to
qsnatch,prza.mu
qsnatch,yftn.co.ck
qsnatch,6ris.pk
qsnatch,e37d.co.rs
qsnatch,auqf.cw
qsnatch,tljn.nr
qsnatch,5yb8.gd
qsnatch,eodh.gl
qsnatch,cm8z.ac
qsnatch,ufcg.lk
qsnatch,uot2.md
qsnatch,tqkg.fi
qsnatch,wokm.sx
qsnatch,h4by.lc
qsnatch,j34v.es
qsnatch,fhg0.cc
qsnatch,ofma.cm
qsnatch,rptl.la
qsnatch,4dzj.co.za
qsnatch,ar8j.je
qsnatch,4fm7.cz
qsnatch,f4ef.jp
qsnatch,v7io.ai
qsnatch,xxwa.pw
qsnatch,vetg.bg
qsnatch,z2b2.nu
qsnatch,blrx.ag
qsnatch,qclh.bm
qsnatch,v81y.eu
qsnatch,maqx.com.my
qsnatch,nbpa.sc
qsnatch,e21u.ax
qsnatch,hdab.wf
qsnatch,vuuu.ly
qsnatch,0va8.qa
qsnatch,jucq.vn
qsnatch,e4ii.aq
qsnatch,8agf.mobi
qsnatch,zuc3.com.tr
qsnatch,ctpl.com.ua
qsnatch,hbzo.com.py
qsnatch,etqa.hk.org
qsnatch,82f2.south.am
qsnatch,iymj.com.kh
qsnatch,5fcl.co.zm
qsnatch,1owv.ru.net
qsnatch,uvfu.com.km
qsnatch,qk5z.tt
qsnatch,tarb.kn
qsnatch,ts2w.co.ls
qsnatch,zhjl.co.fk
qsnatch,qobu.uy.com
qsnatch,muoz.com.gu
qsnatch,khyw.com.pf
qsnatch,yxpm.com.fj
qsnatch,ntwys.cf
qsnatch,btvce.tk
qsnatch,rxq8tf.com
qsnatch,pqqac.ml
qsnatch,r0bxr.de
qsnatch,mev1q.rocks
qsnatch,ktbt2.mx
qsnatch,dn1yu.biz
qsnatch,4bv6a4.net
qsnatch,u7frw.cn
qsnatch,bgiwk.ga
qsnatch,v6gyk.gq
qsnatch,mocrkl.org
qsnatch,zfkmm.top
qsnatch,hdtlv.nl
qsnatch,1fk2e.men
qsnatch,pcdj3.ws
qsnatch,hox7q.se
qsnatch,dwq6e.info
qsnatch,wcbr8.xyz
qsnatch,rgsef.today
qsnatch,bejvo.ru
qsnatch,dhsm8.ec
qsnatch,9mjqw.co
qsnatch,y30n3.ee
qsnatch,2dmwl.rs
qsnatch,w7ihz.com.sv
qsnatch,gn4pf.com.cy
qsnatch,pavzr.co.zw
qsnatch,sdhs5.kg
qsnatch,vkya1.com.ge
qsnatch,sry5n.tl
qsnatch,i91ho.name
qsnatch,dfpdl.tw
qsnatch,xah2y.lv
qsnatch,ppyeo.bs
qsnatch,vkimm.li
qsnatch,kcped.ng
qsnatch,7pyqx.ae
qsnatch,met2l.bt
qsnatch,jsjig.tv
qsnatch,zynfb.pe
qsnatch,r0juu.uz
qsnatch,iea25.me
qsnatch,s3sg3.gy
qsnatch,5lhez.am
qsnatch,oknje.kr
qsnatch,tuepi.by
qsnatch,kfosh.fr
qsnatch,dglzw.com.uy
qsnatch,tff7z.com.lb
qsnatch,gvxbe.com.br
qsnatch,s5f97.vu
qsnatch,ofpae.hk
qsnatch,j6zeo.in
qsnatch,crfgg.re
qsnatch,fhjre.ch
qsnatch,w7bta.af
qsnatch,cvtgx.com.ps
qsnatch,uu08z.ug
qsnatch,k92jg.dz
qsnatch,fqpyb.pro
qsnatch,tm2dr.co.th
qsnatch,egc26.sg
qsnatch,oistb.cd
qsnatch,oq0hy.so
qsnatch,5kmd5.mo
qsnatch,gcoqd.co.id
qsnatch,auuhd.co.il
qsnatch,gyacj.com.do
qsnatch,b4xs5.ke
qsnatch,o2n0z.cx
qsnatch,nwkzt.ro
qsnatch,ypsxn.id
qsnatch,mctwp.pm
qsnatch,bn9ki.hm
qsnatch,zmwcj.vg
qsnatch,ps1vx.az
qsnatch,uwhyy.com.eg
qsnatch,481pg.bz
qsnatch,w2kju.su
qsnatch,vmpgj.com.ar
qsnatch,opacy.gg
qsnatch,4sl0h.com.lr
qsnatch,cunvq.pa
qsnatch,jwelb.com.ve
qsnatch,kvwsx.al
qsnatch,4u5mt.fm
qsnatch,j1flj.to
qsnatch,hiw9g.mu
qsnatch,bzsah.co.ck
qsnatch,trkrx.pk
qsnatch,bm8s9.co.rs
qsnatch,wamed.cw
qsnatch,iherd.nr
qsnatch,mxzst.gd
qsnatch,y0ugl.gl
qsnatch,ptoku.ac
qsnatch,mifsj.lk
qsnatch,cqnn6.md
qsnatch,bqisj.fi
qsnatch,bsm3n.sx
qsnatch,0luw1.lc
qsnatch,4r4sd.es
qsnatch,q3bcg.cc
qsnatch,mqbcj.cm
qsnatch,mqd0o.la
qsnatch,33nlc.co.za
qsnatch,tnjae.je
qsnatch,9miwf.cz
qsnatch,2ipbr.jp
qsnatch,gmmgb.ai
qsnatch,8d7hu.pw
qsnatch,6tywx.bg
qsnatch,y5ulu.nu
qsnatch,9oeji.ag
qsnatch,tamnc.bm
qsnatch,sx2sl.eu
qsnatch,vtnqv.com.my
qsnatch,qoeqf.sc
qsnatch,uifug.ax
qsnatch,7yubm.wf
qsnatch,p1sno.ly
qsnatch,zt8am.qa
qsnatch,7zwgh.vn
qsnatch,imjxa.aq
qsnatch,e0f2n.mobi
qsnatch,qc0tg.com.tr
qsnatch,k0hew.com.ua
qsnatch,edke6.com.py
qsnatch,28siz.hk.org
qsnatch,kzfsy.south.am
qsnatch,pqgg6.com.kh
qsnatch,q56t4.co.zm
qsnatch,iucyb.ru.net
qsnatch,f8z45.com.km
qsnatch,cbnsh.tt
qsnatch,zkssc.kn
qsnatch,holsk.co.ls
qsnatch,pcx1n.co.fk
qsnatch,qlwko.uy.com
qsnatch,rr0oi.com.gu
qsnatch,3jbw0.com.pf
qsnatch,dcuct.com.fj
qsnatch,ntw.cf
qsnatch,btv.tk
qsnatch,rxq8.com
qsnatch,pqq.ml
qsnatch,r0b.de
qsnatch,mev.rocks
qsnatch,ktb.mx
qsnatch,dn1.biz
qsnatch,4bv6.net
qsnatch,u7f.cn
qsnatch,bgi.ga
qsnatch,v6g.gq
qsnatch,mocr.org
qsnatch,zfk.top
qsnatch,hdt.nl
qsnatch,1fk.men
qsnatch,pcd.ws
qsnatch,hox.se
qsnatch,dwq.info
qsnatch,wcb.xyz
qsnatch,rgs.today
qsnatch,bej.ru
qsnatch,dhs.ec
qsnatch,9mj.co
qsnatch,y30.ee
qsnatch,2dm.rs
qsnatch,w7i.com.sv
qsnatch,gn4.com.cy
qsnatch,pav.co.zw
qsnatch,sdh.kg
qsnatch,vky.com.ge
qsnatch,sry.tl
qsnatch,i91.name
qsnatch,dfp.tw
qsnatch,xah.lv
qsnatch,ppy.bs
qsnatch,vki.li
qsnatch,kcp.ng
qsnatch,7py.ae
qsnatch,met.bt
qsnatch,jsj.tv
qsnatch,zyn.pe
qsnatch,r0j.uz
qsnatch,iea.me
qsnatch,s3s.gy
qsnatch,5lh.am
qsnatch,okn.kr
qsnatch,tue.by
qsnatch,kfo.fr
qsnatch,dgl.com.uy
qsnatch,tff.com.lb
qsnatch,gvx.com.br
qsnatch,s5f.vu
qsnatch,ofp.hk
qsnatch,j6z.in
qsnatch,crf.re
qsnatch,fhj.ch
qsnatch,w7b.af
qsnatch,cvt.com.ps
qsnatch,uu0.ug
qsnatch,k92.dz
qsnatch,fqp.pro
qsnatch,tm2.co.th
qsnatch,egc.sg
qsnatch,ois.cd
qsnatch,oq0.so
qsnatch,5km.mo
qsnatch,gco.co.id
qsnatch,auu.co.il
qsnatch,gya.com.do
qsnatch,b4x.ke
qsnatch,o2n.cx
qsnatch,nwk.ro
qsnatch,yps.id
qsnatch,mct.pm
qsnatch,bn9.hm
qsnatch,zmw.vg
qsnatch,ps1.az
qsnatch,uwh.com.eg
qsnatch,481.bz
qsnatch,w2k.su
qsnatch,vmp.com.ar
qsnatch,opa.gg
qsnatch,4sl.com.lr
qsnatch,cun.pa
qsnatch,jwe.com.ve
qsnatch,kvw.al
qsnatch,4u5.fm
qsnatch,j1f.to
qsnatch,hiw.mu
qsnatch,bzs.co.ck
qsnatch,trk.pk
qsnatch,bm8.co.rs
qsnatch,wam.cw
qsnatch,ihe.nr
qsnatch,mxz.gd
qsnatch,y0u.gl
qsnatch,pto.ac
qsnatch,mif.lk
qsnatch,cqn.md
qsnatch,bqi.fi
qsnatch,bsm.sx
qsnatch,0lu.lc
qsnatch,4r4.es
qsnatch,q3b.cc
qsnatch,mqb.cm
qsnatch,mqd.la
qsnatch,33n.co.za
qsnatch,tnj.je
qsnatch,9mi.cz
qsnatch,2ip.jp
qsnatch,gmm.ai
qsnatch,8d7.pw
qsnatch,6ty.bg
qsnatch,y5u.nu
qsnatch,9oe.ag
qsnatch,tam.bm
qsnatch,sx2.eu
qsnatch,vtn.com.my
qsnatch,qoe.sc
qsnatch,uif.ax
qsnatch,7yu.wf
qsnatch,p1s.ly
qsnatch,zt8.qa
qsnatch,7zw.vn
qsnatch,imj.aq
qsnatch,e0f.mobi
qsnatch,qc0.com.tr
qsnatch,k0h.com.ua
qsnatch,edk.com.py
qsnatch,28s.hk.org
qsnatch,kzf.south.am
qsnatch,pqg.com.kh
qsnatch,q56.co.zm
qsnatch,iuc.ru.net
qsnatch,f8z.com.km
qsnatch,cbn.tt
qsnatch,zks.kn
qsnatch,hol.co.ls
qsnatch,pcx.co.fk
qsnatch,qlw.uy.com
qsnatch,rr0.com.gu
qsnatch,3jb.com.pf
qsnatch,dcu.com.fj
qsnatch,ntwy.cf
qsnatch,btvc.tk
qsnatch,rxq8t.com
qsnatch,pqqa.ml
qsnatch,r0bx.de
qsnatch,mev1.rocks
qsnatch,ktbt.mx
qsnatch,dn1y.biz
qsnatch,4bv6a.net
qsnatch,u7fr.cn
qsnatch,bgiw.ga
qsnatch,v6gy.gq
qsnatch,mocrk.org
qsnatch,zfkm.top
qsnatch,hdtl.nl
qsnatch,1fk2.men
qsnatch,pcdj.ws
qsnatch,hox7.se
qsnatch,dwq6.info
qsnatch,wcbr.xyz
qsnatch,rgse.today
qsnatch,bejv.ru
qsnatch,dhsm.ec
qsnatch,9mjq.co
qsnatch,y30n.ee
qsnatch,2dmw.rs
qsnatch,w7ih.com.sv
qsnatch,gn4p.com.cy
qsnatch,pavz.co.zw
qsnatch,sdhs.kg
qsnatch,vkya.com.ge
qsnatch,sry5.tl
qsnatch,i91h.name
qsnatch,dfpd.tw
qsnatch,xah2.lv
qsnatch,ppye.bs
qsnatch,vkim.li
qsnatch,kcpe.ng
qsnatch,7pyq.ae
qsnatch,met2.bt
qsnatch,jsji.tv
qsnatch,zynf.pe
qsnatch,r0ju.uz
qsnatch,iea2.me
qsnatch,s3sg.gy
qsnatch,5lhe.am
qsnatch,oknj.kr
qsnatch,tuep.by
qsnatch,kfos.fr
qsnatch,dglz.com.uy
qsnatch,tff7.com.lb
qsnatch,gvxb.com.br
qsnatch,s5f9.vu
qsnatch,ofpa.hk
qsnatch,j6ze.in
qsnatch,crfg.re
qsnatch,fhjr.ch
qsnatch,w7bt.af
qsnatch,cvtg.com.ps
qsnatch,uu08.ug
qsnatch,k92j.dz
qsnatch,fqpy.pro
qsnatch,tm2d.co.th
qsnatch,egc2.sg
qsnatch,oist.cd
qsnatch,oq0h.so
qsnatch,5kmd.mo
qsnatch,gcoq.co.id
qsnatch,auuh.co.il
qsnatch,gyac.com.do
qsnatch,b4xs.ke
qsnatch,o2n0.cx
qsnatch,nwkz.ro
qsnatch,ypsx.id
qsnatch,mctw.pm
qsnatch,bn9k.hm
qsnatch,zmwc.vg
qsnatch,ps1v.az
qsnatch,uwhy.com.eg
qsnatch,481p.bz
qsnatch,w2kj.su
qsnatch,vmpg.com.ar
qsnatch,opac.gg
qsnatch,4sl0.com.lr
qsnatch,cunv.pa
qsnatch,jwel.com.ve
qsnatch,kvws.al
qsnatch,4u5m.fm
qsnatch,j1fl.to
qsnatch,hiw9.mu
qsnatch,bzsa.co.ck
qsnatch,trkr.pk
qsnatch,bm8s.co.rs
qsnatch,wame.cw
qsnatch,iher.nr
qsnatch,mxzs.gd
qsnatch,y0ug.gl
qsnatch,ptok.ac
qsnatch,mifs.lk
qsnatch,cqnn.md
qsnatch,bqis.fi
qsnatch,bsm3.sx
qsnatch,0luw.lc
qsnatch,4r4s.es
qsnatch,q3bc.cc
qsnatch,mqbc.cm
qsnatch,mqd0.la
qsnatch,33nl.co.za
qsnatch,tnja.je
qsnatch,9miw.cz
qsnatch,2ipb.jp
qsnatch,gmmg.ai
qsnatch,8d7h.pw
qsnatch,6tyw.bg
qsnatch,y5ul.nu
qsnatch,9oej.ag
qsnatch,tamn.bm
qsnatch,sx2s.eu
qsnatch,vtnq.com.my
qsnatch,qoeq.sc
qsnatch,uifu.ax
qsnatch,7yub.wf
qsnatch,p1sn.ly
qsnatch,zt8a.qa
qsnatch,7zwg.vn
qsnatch,imjx.aq
qsnatch,e0f2.mobi
qsnatch,qc0t.com.tr
qsnatch,k0he.com.ua
qsnatch,edke.com.py
qsnatch,28si.hk.org
qsnatch,kzfs.south.am
qsnatch,pqgg.com.kh
qsnatch,q56t.co.zm
qsnatch,iucy.ru.net
qsnatch,f8z4.com.km
qsnatch,cbns.tt
qsnatch,zkss.kn
qsnatch,hols.co.ls
qsnatch,pcx1.co.fk
qsnatch,qlwk.uy.com
qsnatch,rr0o.com.gu
qsnatch,3jbw.com.pf
qsnatch,dcuc.com.fj
qsnatch,m5cib.cf
qsnatch,3cqpw.tk
qsnatch,ibygdn.com
qsnatch,vvlps.ml
qsnatch,cp8rt.de
qsnatch,zdad4.rocks
qsnatch,lhsxi.mx
qsnatch,6yig3.biz
qsnatch,3dsdit.net
qsnatch,qjx3e.cn
qsnatch,ablfu.ga
qsnatch,uy7zr.gq
qsnatch,c7japf.org
qsnatch,m4r7x.top
qsnatch,cnzq2.nl
qsnatch,jbzhc.men
qsnatch,eyike.ws
qsnatch,0ibfv.se
qsnatch,jn6m6.info
qsnatch,j2iqe.xyz
qsnatch,rtr91.today
qsnatch,nxls6.ru
qsnatch,bmfai.ec
qsnatch,ftdda.co
qsnatch,4qpi8.ee
qsnatch,ctexn.rs
qsnatch,perj3.com.sv
qsnatch,iyrkp.com.cy
qsnatch,3uoei.co.zw
qsnatch,bebr0.kg
qsnatch,sp0xm.com.ge
qsnatch,lky2b.tl
qsnatch,mnyri.name
qsnatch,hiuu6.tw
qsnatch,mdiub.lv
qsnatch,5jorj.bs
qsnatch,38eaj.li
qsnatch,vdtjr.ng
qsnatch,g1sfv.ae
qsnatch,7jok8.bt
qsnatch,q2qgv.tv
qsnatch,qtrii.pe
qsnatch,spbrg.uz
qsnatch,rk5pm.me
qsnatch,otqae.gy
qsnatch,8ftlp.am
qsnatch,ychtw.kr
qsnatch,sfqxl.by
qsnatch,is8x9.fr
qsnatch,zagcp.com.uy
qsnatch,ehn7q.com.lb
qsnatch,khhp5.com.br
qsnatch,yfbsh.vu
qsnatch,hdai3.hk
qsnatch,k44r2.in
qsnatch,jylgk.re
qsnatch,fgmdb.ch
qsnatch,hbbcb.af
qsnatch,oouf4.com.ps
qsnatch,4o3zg.ug
qsnatch,dsmv3.dz
qsnatch,dd4og.pro
qsnatch,tog9u.co.th
qsnatch,ly2vt.sg
qsnatch,ciubb.cd
qsnatch,3kmbb.so
qsnatch,9tkoi.mo
qsnatch,zhitb.co.id
qsnatch,ngqnz.co.il
qsnatch,xywyj.com.do
qsnatch,hs9qs.ke
qsnatch,zg7bl.cx
qsnatch,asisw.ro
qsnatch,sl0us.id
qsnatch,k7kkx.pm
qsnatch,lblqj.hm
qsnatch,yausd.vg
qsnatch,ayjsc.az
qsnatch,dfmgh.com.eg
qsnatch,tuyml.bz
qsnatch,ocd5j.su
qsnatch,efbqn.com.ar
qsnatch,q8met.gg
qsnatch,blk9u.com.lr
qsnatch,plaku.pa
qsnatch,xe14j.com.ve
qsnatch,vbpi3.al
qsnatch,ouaie.fm
qsnatch,yz6vq.to
qsnatch,coebc.mu
qsnatch,jiiqe.co.ck
qsnatch,egvhv.pk
qsnatch,29qjt.co.rs
qsnatch,vbb9b.cw
qsnatch,r6foi.nr
qsnatch,di0l3.gd
qsnatch,iei8a.gl
qsnatch,68owo.ac
qsnatch,zlivn.lk
qsnatch,lcrtc.md
qsnatch,kibro.fi
qsnatch,5uygg.sx
qsnatch,zz2lj.lc
qsnatch,pseoe.es
qsnatch,krdjs.cc
qsnatch,ylx6k.cm
qsnatch,cjpm8.la
qsnatch,n3rgz.co.za
qsnatch,79iea.je
qsnatch,albg6.cz
qsnatch,reyh0.jp
qsnatch,ydgsb.ai
qsnatch,yqvml.pw
qsnatch,sc4hi.bg
qsnatch,y5il0.nu
qsnatch,e3huk.ag
qsnatch,uazie.bm
qsnatch,m3rdf.eu
qsnatch,qtzuj.com.my
qsnatch,yzejf.sc
qsnatch,1uc9e.ax
qsnatch,qgywe.wf
qsnatch,fe6qc.ly
qsnatch,wfywq.qa
qsnatch,5wtsh.vn
qsnatch,clbbg.aq
qsnatch,tribj.mobi
qsnatch,v9sqo.com.tr
qsnatch,etsrh.com.ua
qsnatch,hz7do.com.py
qsnatch,akupo.hk.org
qsnatch,kaqoe.south.am
qsnatch,vvkme.com.kh
qsnatch,j5st1.co.zm
qsnatch,mlfb1.ru.net
qsnatch,bwbrl.com.km
qsnatch,s9xzx.tt
qsnatch,uwq9t.kn
qsnatch,5ktgf.co.ls
qsnatch,vgvcb.co.fk
qsnatch,cfdoi.uy.com
qsnatch,merdt.com.gu
qsnatch,cfc6k.com.pf
qsnatch,qrrtl.com.fj
qsnatch,m5c.cf
qsnatch,3cq.tk
qsnatch,ibyg.com
qsnatch,vvl.ml
qsnatch,cp8.de
qsnatch,zda.rocks
qsnatch,lhs.mx
qsnatch,6yi.biz
qsnatch,3dsd.net
qsnatch,qjx.cn
qsnatch,abl.ga
qsnatch,uy7.gq
qsnatch,c7ja.org
qsnatch,m4r.top
qsnatch,cnz.nl
qsnatch,jbz.men
qsnatch,eyi.ws
qsnatch,0ib.se
qsnatch,jn6.info
qsnatch,j2i.xyz
qsnatch,rtr.today
qsnatch,nxl.ru
qsnatch,bmf.ec
qsnatch,ftd.co
qsnatch,4qp.ee
qsnatch,cte.rs
qsnatch,per.com.sv
qsnatch,iyr.com.cy
qsnatch,3uo.co.zw
qsnatch,beb.kg
qsnatch,sp0.com.ge
qsnatch,lky.tl
qsnatch,mny.name
qsnatch,hiu.tw
qsnatch,mdi.lv
qsnatch,5jo.bs
qsnatch,38e.li
qsnatch,vdt.ng
qsnatch,g1s.ae
qsnatch,7jo.bt
qsnatch,q2q.tv
qsnatch,qtr.pe
qsnatch,spb.uz
qsnatch,rk5.me
qsnatch,otq.gy
qsnatch,8ft.am
qsnatch,ych.kr
qsnatch,sfq.by
qsnatch,is8.fr
qsnatch,zag.com.uy
qsnatch,ehn.com.lb
qsnatch,khh.com.br
qsnatch,yfb.vu
qsnatch,hda.hk
qsnatch,k44.in
qsnatch,jyl.re
qsnatch,fgm.ch
qsnatch,hbb.af
qsnatch,oou.com.ps
qsnatch,4o3.ug
qsnatch,dsm.dz
qsnatch,dd4.pro
qsnatch,tog.co.th
qsnatch,ly2.sg
qsnatch,ciu.cd
qsnatch,3km.so
qsnatch,9tk.mo
qsnatch,zhi.co.id
qsnatch,ngq.co.il
qsnatch,xyw.com.do
qsnatch,hs9.ke
qsnatch,zg7.cx
qsnatch,asi.ro
qsnatch,sl0.id
qsnatch,k7k.pm
qsnatch,lbl.hm
qsnatch,yau.vg
qsnatch,ayj.az
qsnatch,dfm.com.eg
qsnatch,tuy.bz
qsnatch,ocd.su
qsnatch,efb.com.ar
qsnatch,q8m.gg
qsnatch,blk.com.lr
qsnatch,pla.pa
qsnatch,xe1.com.ve
qsnatch,vbp.al
qsnatch,oua.fm
qsnatch,yz6.to
qsnatch,coe.mu
qsnatch,jii.co.ck
qsnatch,egv.pk
qsnatch,29q.co.rs
qsnatch,vbb.cw
qsnatch,r6f.nr
qsnatch,di0.gd
qsnatch,iei.gl
qsnatch,68o.ac
qsnatch,zli.lk
qsnatch,lcr.md
qsnatch,kib.fi
qsnatch,5uy.sx
qsnatch,zz2.lc
qsnatch,pse.es
qsnatch,krd.cc
qsnatch,ylx.cm
qsnatch,cjp.la
qsnatch,n3r.co.za
qsnatch,79i.je
qsnatch,alb.cz
qsnatch,rey.jp
qsnatch,ydg.ai
qsnatch,yqv.pw
qsnatch,sc4.bg
qsnatch,y5i.nu
qsnatch,e3h.ag
qsnatch,uaz.bm
qsnatch,m3r.eu
qsnatch,qtz.com.my
qsnatch,yze.sc
qsnatch,1uc.ax
qsnatch,qgy.wf
qsnatch,fe6.ly
qsnatch,wfy.qa
qsnatch,5wt.vn
qsnatch,clb.aq
qsnatch,tri.mobi
qsnatch,v9s.com.tr
qsnatch,ets.com.ua
qsnatch,hz7.com.py
qsnatch,aku.hk.org
qsnatch,kaq.south.am
qsnatch,vvk.com.kh
qsnatch,j5s.co.zm
qsnatch,mlf.ru.net
qsnatch,bwb.com.km
qsnatch,s9x.tt
qsnatch,uwq.kn
qsnatch,5kt.co.ls
qsnatch,vgv.co.fk
qsnatch,cfd.uy.com
qsnatch,mer.com.gu
qsnatch,cfc.com.pf
qsnatch,qrr.com.fj
qsnatch,m5ci.cf
qsnatch,3cqp.tk
qsnatch,ibygd.com
qsnatch,vvlp.ml
qsnatch,cp8r.de
qsnatch,zdad.rocks
qsnatch,lhsx.mx
qsnatch,6yig.biz
qsnatch,3dsdi.net
qsnatch,qjx3.cn
qsnatch,ablf.ga
qsnatch,uy7z.gq
qsnatch,c7jap.org
qsnatch,m4r7.top
qsnatch,cnzq.nl
qsnatch,jbzh.men
qsnatch,eyik.ws
qsnatch,0ibf.se
qsnatch,jn6m.info
qsnatch,j2iq.xyz
qsnatch,rtr9.today
qsnatch,nxls.ru
qsnatch,bmfa.ec
qsnatch,ftdd.co
qsnatch,4qpi.ee
qsnatch,ctex.rs
qsnatch,perj.com.sv
qsnatch,iyrk.com.cy
qsnatch,3uoe.co.zw
qsnatch,bebr.kg
qsnatch,sp0x.com.ge
qsnatch,lky2.tl
qsnatch,mnyr.name
qsnatch,hiuu.tw
qsnatch,mdiu.lv
qsnatch,5jor.bs
qsnatch,38ea.li
qsnatch,vdtj.ng
qsnatch,g1sf.ae
qsnatch,7jok.bt
qsnatch,q2qg.tv
qsnatch,qtri.pe
qsnatch,spbr.uz
qsnatch,rk5p.me
qsnatch,otqa.gy
qsnatch,8ftl.am
qsnatch,ycht.kr
qsnatch,sfqx.by
qsnatch,is8x.fr
qsnatch,zagc.com.uy
qsnatch,ehn7.com.lb
qsnatch,khhp.com.br
qsnatch,yfbs.vu
qsnatch,hdai.hk
qsnatch,k44r.in
qsnatch,jylg.re
qsnatch,fgmd.ch
qsnatch,hbbc.af
qsnatch,oouf.com.ps
qsnatch,4o3z.ug
qsnatch,dsmv.dz
qsnatch,dd4o.pro
qsnatch,tog9.co.th
qsnatch,ly2v.sg
qsnatch,ciub.cd
qsnatch,3kmb.so
qsnatch,9tko.mo
qsnatch,zhit.co.id
qsnatch,ngqn.co.il
qsnatch,xywy.com.do
qsnatch,hs9q.ke
qsnatch,zg7b.cx
qsnatch,asis.ro
qsnatch,sl0u.id
qsnatch,k7kk.pm
qsnatch,lblq.hm
qsnatch,yaus.vg
qsnatch,ayjs.az
qsnatch,dfmg.com.eg
qsnatch,tuym.bz
qsnatch,ocd5.su
qsnatch,efbq.com.ar
qsnatch,q8me.gg
qsnatch,blk9.com.lr
qsnatch,plak.pa
qsnatch,xe14.com.ve
qsnatch,vbpi.al
qsnatch,ouai.fm
qsnatch,yz6v.to
qsnatch,coeb.mu
qsnatch,jiiq.co.ck
qsnatch,egvh.pk
qsnatch,29qj.co.rs
qsnatch,vbb9.cw
qsnatch,r6fo.nr
qsnatch,di0l.gd
qsnatch,iei8.gl
qsnatch,68ow.ac
qsnatch,zliv.lk
qsnatch,lcrt.md
qsnatch,kibr.fi
qsnatch,5uyg.sx
qsnatch,zz2l.lc
qsnatch,pseo.es
qsnatch,krdj.cc
qsnatch,ylx6.cm
qsnatch,cjpm.la
qsnatch,n3rg.co.za
qsnatch,79ie.je
qsnatch,albg.cz
qsnatch,reyh.jp
qsnatch,ydgs.ai
qsnatch,yqvm.pw
qsnatch,sc4h.bg
qsnatch,y5il.nu
qsnatch,e3hu.ag
qsnatch,uazi.bm
qsnatch,m3rd.eu
qsnatch,qtzu.com.my
qsnatch,yzej.sc
qsnatch,1uc9.ax
qsnatch,qgyw.wf
qsnatch,fe6q.ly
qsnatch,wfyw.qa
qsnatch,5wts.vn
qsnatch,clbb.aq
qsnatch,trib.mobi
qsnatch,v9sq.com.tr
qsnatch,etsr.com.ua
qsnatch,hz7d.com.py
qsnatch,akup.hk.org
qsnatch,kaqo.south.am
qsnatch,vvkm.com.kh
qsnatch,j5st.co.zm
qsnatch,mlfb.ru.net
qsnatch,bwbr.com.km
qsnatch,s9xz.tt
qsnatch,uwq9.kn
qsnatch,5ktg.co.ls
qsnatch,vgvc.co.fk
qsnatch,cfdo.uy.com
qsnatch,merd.com.gu
qsnatch,cfc6.com.pf
qsnatch,qrrt.com.fj
qsnatch,cqcsi.cf
qsnatch,38x3k.tk
qsnatch,hh1hkc.com
qsnatch,xaiie.ml
qsnatch,p0wcs.de
qsnatch,zuoln.rocks
qsnatch,3puxr.mx
qsnatch,flths.biz
qsnatch,q8a3qa.net
qsnatch,pxp04.cn
qsnatch,7aets.ga
qsnatch,g8www.gq
qsnatch,ef87fr.org
qsnatch,c2bb7.top
qsnatch,29pa8.nl
qsnatch,oyc60.men
qsnatch,s8ghz.ws
qsnatch,4hj5y.se
qsnatch,ioj4n.info
qsnatch,egfj0.xyz
qsnatch,ajogx.today
qsnatch,f2qdr.ru
qsnatch,mfgc9.ec
qsnatch,vvpnf.co
qsnatch,dzn1n.ee
qsnatch,n5dlp.rs
qsnatch,qo7pp.com.sv
qsnatch,zlw8q.com.cy
qsnatch,jq8sr.co.zw
qsnatch,xfejo.kg
qsnatch,fczit.com.ge
qsnatch,nrmpl.tl
qsnatch,div9x.name
qsnatch,7uokx.tw
qsnatch,eoeju.lv
qsnatch,byr2z.bs
qsnatch,qw1oj.li
qsnatch,fhw9a.ng
qsnatch,yxfyk.ae
qsnatch,qvxjo.bt
qsnatch,cu3bq.tv
qsnatch,kkpzb.pe
qsnatch,4oquv.uz
qsnatch,c6gyu.me
qsnatch,vr8g2.gy
qsnatch,pajvl.am
qsnatch,ms8ws.kr
qsnatch,lo6me.by
qsnatch,zv0ch.fr
qsnatch,iejrg.com.uy
qsnatch,exxbs.com.lb
qsnatch,s1j1h.com.br
qsnatch,uifi9.vu
qsnatch,stzdf.hk
qsnatch,sbymb.in
qsnatch,v5fcj.re
qsnatch,ycs4q.ch
qsnatch,lbs7u.af
qsnatch,w5lkn.com.ps
qsnatch,wz1u7.ug
qsnatch,04ihb.dz
qsnatch,ctdwh.pro
qsnatch,wvnke.co.th
qsnatch,4h7qu.sg
qsnatch,elxyp.cd
qsnatch,jqlsx.so
qsnatch,oqdnx.mo
qsnatch,jbkpf.co.id
qsnatch,kohnh.co.il
qsnatch,4aejw.com.do
qsnatch,hg7dt.ke
qsnatch,sa81y.cx
qsnatch,co6bt.ro
qsnatch,xacyf.id
qsnatch,2vask.pm
qsnatch,9li4l.hm
qsnatch,b64k6.vg
qsnatch,afh6s.az
qsnatch,c0t7v.com.eg
qsnatch,mmwci.bz
qsnatch,epxhi.su
qsnatch,dlhgc.com.ar
qsnatch,jooce.gg
qsnatch,7pckd.com.lr
qsnatch,qf699.pa
qsnatch,ut5ph.com.ve
qsnatch,vqpqe.al
qsnatch,ijhjo.fm
qsnatch,flxym.to
qsnatch,ad4ej.mu
qsnatch,pnqus.co.ck
qsnatch,vrvuw.pk
qsnatch,qhje7.co.rs
qsnatch,ffzv3.cw
qsnatch,7vyy0.nr
qsnatch,wouen.gd
qsnatch,wcdcx.gl
qsnatch,csn8v.ac
qsnatch,tpiif.lk
qsnatch,spotn.md
qsnatch,fhxj6.fi
qsnatch,fzp6a.sx
qsnatch,xhm3g.lc
qsnatch,qp6ez.es
qsnatch,lugnb.cc
qsnatch,vk6v0.cm
qsnatch,5xrpw.la
qsnatch,e1gbp.co.za
qsnatch,i0mi8.je
qsnatch,r8kbi.cz
qsnatch,p3hmp.jp
qsnatch,67zp2.ai
qsnatch,qkyze.pw
qsnatch,q5bcx.bg
qsnatch,hxtff.nu
qsnatch,hu9ln.ag
qsnatch,furec.bm
qsnatch,8ople.eu
qsnatch,3buy3.com.my
qsnatch,nqz4s.sc
qsnatch,xtpqw.ax
qsnatch,5tusf.wf
qsnatch,hqejk.ly
qsnatch,wsnru.qa
qsnatch,w4nia.vn
qsnatch,bwfkn.aq
qsnatch,ttdcr.mobi
qsnatch,kgkua.com.tr
qsnatch,0jzik.com.ua
qsnatch,c06qd.com.py
qsnatch,lkqvi.hk.org
qsnatch,1yxs5.south.am
qsnatch,qxbbg.com.kh
qsnatch,s9bwc.co.zm
qsnatch,m59fv.ru.net
qsnatch,fmjgr.com.km
qsnatch,3y1ur.tt
qsnatch,kina2.kn
qsnatch,0n9cx.co.ls
qsnatch,dircd.co.fk
qsnatch,uhbdd.uy.com
qsnatch,zu7vf.com.gu
qsnatch,smkvx.com.pf
qsnatch,z5p8j.com.fj
qsnatch,cqc.cf
qsnatch,38x.tk
qsnatch,hh1h.com
qsnatch,xai.ml
qsnatch,p0w.de
qsnatch,zuo.rocks
qsnatch,3pu.mx
qsnatch,flt.biz
qsnatch,q8a3.net
qsnatch,pxp.cn
qsnatch,7ae.ga
qsnatch,g8w.gq
qsnatch,ef87.org
qsnatch,c2b.top
qsnatch,29p.nl
qsnatch,oyc.men
qsnatch,s8g.ws
qsnatch,4hj.se
qsnatch,ioj.info
qsnatch,egf.xyz
qsnatch,ajo.today
qsnatch,f2q.ru
qsnatch,mfg.ec
qsnatch,vvp.co
qsnatch,dzn.ee
qsnatch,n5d.rs
qsnatch,qo7.com.sv
qsnatch,zlw.com.cy
qsnatch,jq8.co.zw
qsnatch,xfe.kg
qsnatch,fcz.com.ge
qsnatch,nrm.tl
qsnatch,div.name
qsnatch,7uo.tw
qsnatch,eoe.lv
qsnatch,byr.bs
qsnatch,qw1.li
qsnatch,fhw.ng
qsnatch,yxf.ae
qsnatch,qvx.bt
qsnatch,cu3.tv
qsnatch,kkp.pe
qsnatch,4oq.uz
qsnatch,c6g.me
qsnatch,vr8.gy
qsnatch,paj.am
qsnatch,ms8.kr
qsnatch,lo6.by
qsnatch,zv0.fr
qsnatch,iej.com.uy
qsnatch,exx.com.lb
qsnatch,s1j.com.br
qsnatch,uif.vu
qsnatch,stz.hk
qsnatch,sby.in
qsnatch,v5f.re
qsnatch,ycs.ch
qsnatch,lbs.af
qsnatch,w5l.com.ps
qsnatch,wz1.ug
qsnatch,04i.dz
qsnatch,ctd.pro
qsnatch,wvn.co.th
qsnatch,4h7.sg
qsnatch,elx.cd
qsnatch,jql.so
qsnatch,oqd.mo
qsnatch,jbk.co.id
qsnatch,koh.co.il
qsnatch,4ae.com.do
qsnatch,hg7.ke
qsnatch,sa8.cx
qsnatch,co6.ro
qsnatch,xac.id
qsnatch,2va.pm
qsnatch,9li.hm
qsnatch,b64.vg
qsnatch,afh.az
qsnatch,c0t.com.eg
qsnatch,mmw.bz
qsnatch,epx.su
qsnatch,dlh.com.ar
qsnatch,joo.gg
qsnatch,7pc.com.lr
qsnatch,qf6.pa
qsnatch,ut5.com.ve
qsnatch,vqp.al
qsnatch,ijh.fm
qsnatch,flx.to
qsnatch,ad4.mu
qsnatch,pnq.co.ck
qsnatch,vrv.pk
qsnatch,qhj.co.rs
qsnatch,ffz.cw
qsnatch,7vy.nr
qsnatch,wou.gd
qsnatch,wcd.gl
qsnatch,csn.ac
qsnatch,tpi.lk
qsnatch,spo.md
qsnatch,fhx.fi
qsnatch,fzp.sx
qsnatch,xhm.lc
qsnatch,qp6.es
qsnatch,lug.cc
qsnatch,vk6.cm
qsnatch,5xr.la
qsnatch,e1g.co.za
qsnatch,i0m.je
qsnatch,r8k.cz
qsnatch,p3h.jp
qsnatch,67z.ai
qsnatch,qky.pw
qsnatch,q5b.bg
qsnatch,hxt.nu
qsnatch,hu9.ag
qsnatch,fur.bm
qsnatch,8op.eu
qsnatch,3bu.com.my
qsnatch,nqz.sc
qsnatch,xtp.ax
qsnatch,5tu.wf
qsnatch,hqe.ly
qsnatch,wsn.qa
qsnatch,w4n.vn
qsnatch,bwf.aq
qsnatch,ttd.mobi
qsnatch,kgk.com.tr
qsnatch,0jz.com.ua
qsnatch,c06.com.py
qsnatch,lkq.hk.org
qsnatch,1yx.south.am
qsnatch,qxb.com.kh
qsnatch,s9b.co.zm
qsnatch,m59.ru.net
qsnatch,fmj.com.km
qsnatch,3y1.tt
qsnatch,kin.kn
qsnatch,0n9.co.ls
qsnatch,dir.co.fk
qsnatch,uhb.uy.com
qsnatch,zu7.com.gu
qsnatch,smk.com.pf
qsnatch,z5p.com.fj
qsnatch,cqcs.cf
qsnatch,38x3.tk
qsnatch,hh1hk.com
qsnatch,xaii.ml
qsnatch,p0wc.de
qsnatch,zuol.rocks
qsnatch,3pux.mx
qsnatch,flth.biz
qsnatch,q8a3q.net
qsnatch,pxp0.cn
qsnatch,7aet.ga
qsnatch,g8ww.gq
qsnatch,ef87f.org
qsnatch,c2bb.top
qsnatch,29pa.nl
qsnatch,oyc6.men
qsnatch,s8gh.ws
qsnatch,4hj5.se
qsnatch,ioj4.info
qsnatch,egfj.xyz
qsnatch,ajog.today
qsnatch,f2qd.ru
qsnatch,mfgc.ec
qsnatch,vvpn.co
qsnatch,dzn1.ee
qsnatch,n5dl.rs
qsnatch,qo7p.com.sv
qsnatch,zlw8.com.cy
qsnatch,jq8s.co.zw
qsnatch,xfej.kg
qsnatch,fczi.com.ge
qsnatch,nrmp.tl
qsnatch,div9.name
qsnatch,7uok.tw
qsnatch,eoej.lv
qsnatch,byr2.bs
qsnatch,qw1o.li
qsnatch,fhw9.ng
qsnatch,yxfy.ae
qsnatch,qvxj.bt
qsnatch,cu3b.tv
qsnatch,kkpz.pe
qsnatch,4oqu.uz
qsnatch,c6gy.me
qsnatch,vr8g.gy
qsnatch,pajv.am
qsnatch,ms8w.kr
qsnatch,lo6m.by
qsnatch,zv0c.fr
qsnatch,iejr.com.uy
qsnatch,exxb.com.lb
qsnatch,s1j1.com.br
qsnatch,uifi.vu
qsnatch,stzd.hk
qsnatch,sbym.in
qsnatch,v5fc.re
qsnatch,ycs4.ch
qsnatch,lbs7.af
qsnatch,w5lk.com.ps
qsnatch,wz1u.ug
qsnatch,04ih.dz
qsnatch,ctdw.pro
qsnatch,wvnk.co.th
qsnatch,4h7q.sg
qsnatch,elxy.cd
qsnatch,jqls.so
qsnatch,oqdn.mo
qsnatch,jbkp.co.id
qsnatch,kohn.co.il
qsnatch,4aej.com.do
qsnatch,hg7d.ke
qsnatch,sa81.cx
qsnatch,co6b.ro
qsnatch,xacy.id
qsnatch,2vas.pm
qsnatch,9li4.hm
qsnatch,b64k.vg
qsnatch,afh6.az
qsnatch,c0t7.com.eg
qsnatch,mmwc.bz
qsnatch,epxh.su
qsnatch,dlhg.com.ar
qsnatch,jooc.gg
qsnatch,7pck.com.lr
qsnatch,qf69.pa
qsnatch,ut5p.com.ve
qsnatch,vqpq.al
qsnatch,ijhj.fm
qsnatch,flxy.to
qsnatch,ad4e.mu
qsnatch,pnqu.co.ck
qsnatch,vrvu.pk
qsnatch,qhje.co.rs
qsnatch,ffzv.cw
qsnatch,7vyy.nr
qsnatch,woue.gd
qsnatch,wcdc.gl
qsnatch,csn8.ac
qsnatch,tpii.lk
qsnatch,spot.md
qsnatch,fhxj.fi
qsnatch,fzp6.sx
qsnatch,xhm3.lc
qsnatch,qp6e.es
qsnatch,lugn.cc
qsnatch,vk6v.cm
qsnatch,5xrp.la
qsnatch,e1gb.co.za
qsnatch,i0mi.je
qsnatch,r8kb.cz
qsnatch,p3hm.jp
qsnatch,67zp.ai
qsnatch,qkyz.pw
qsnatch,q5bc.bg
qsnatch,hxtf.nu
qsnatch,hu9l.ag
qsnatch,fure.bm
qsnatch,8opl.eu
qsnatch,3buy.com.my
qsnatch,nqz4.sc
qsnatch,xtpq.ax
qsnatch,5tus.wf
qsnatch,hqej.ly
qsnatch,wsnr.qa
qsnatch,w4ni.vn
qsnatch,bwfk.aq
qsnatch,ttdc.mobi
qsnatch,kgku.com.tr
qsnatch,0jzi.com.ua
qsnatch,c06q.com.py
qsnatch,lkqv.hk.org
qsnatch,1yxs.south.am
qsnatch,qxbb.com.kh
qsnatch,s9bw.co.zm
qsnatch,m59f.ru.net
qsnatch,fmjg.com.km
qsnatch,3y1u.tt
qsnatch,kina.kn
qsnatch,0n9c.co.ls
qsnatch,dirc.co.fk
qsnatch,uhbd.uy.com
qsnatch,zu7v.com.gu
qsnatch,smkv.com.pf
qsnatch,z5p8.com.fj
qsnatch,bfo1n.cf
qsnatch,0dki0.tk
qsnatch,h7oui2.com
qsnatch,jxf4d.ml
qsnatch,y6mfl.de
qsnatch,is6ai.rocks
qsnatch,k5ebe.mx
qsnatch,imdzw.biz
qsnatch,jvr8e6.net
qsnatch,vqqob.cn
qsnatch,gyrvc.ga
qsnatch,atnhp.gq
qsnatch,kblcvz.org
qsnatch,lxlkk.top
qsnatch,s88ac.nl
qsnatch,xcbch.men
qsnatch,orku7.ws
qsnatch,tklta.se
qsnatch,a6jxj.info
qsnatch,wpq8y.xyz
qsnatch,nxk7p.today
qsnatch,9j3jd.ru
qsnatch,urs4n.ec
qsnatch,z06n5.co
qsnatch,zbgow.ee
qsnatch,c2tkg.rs
qsnatch,5wnhn.com.sv
qsnatch,p400s.com.cy
qsnatch,tka7s.co.zw
qsnatch,afeos.kg
qsnatch,h3tmw.com.ge
qsnatch,hnwoy.tl
qsnatch,xxyxm.name
qsnatch,5csb8.tw
qsnatch,prxuz.lv
qsnatch,tucyv.bs
qsnatch,zwcud.li
qsnatch,tzr3m.ng
qsnatch,fcmaa.ae
qsnatch,emc81.bt
qsnatch,f1wum.tv
qsnatch,jmk6a.pe
qsnatch,zotcc.uz
qsnatch,inwpe.me
qsnatch,b4m2e.gy
qsnatch,r6cy8.am
qsnatch,mhyak.kr
qsnatch,aql0o.by
qsnatch,0ftyg.fr
qsnatch,lwvvc.com.uy
qsnatch,asfhg.com.lb
qsnatch,8jrkf.com.br
qsnatch,wqmnn.vu
qsnatch,baeeh.hk
qsnatch,vzvws.in
qsnatch,2rjwv.re
qsnatch,sglod.ch
qsnatch,toryp.af
qsnatch,1vdwe.com.ps
qsnatch,wysxe.ug
qsnatch,hujfa.dz
qsnatch,3rqk7.pro
qsnatch,hnowh.co.th
qsnatch,yqq8r.sg
qsnatch,icjs9.cd
qsnatch,pm7cj.so
qsnatch,jjoru.mo
qsnatch,tncnd.co.id
qsnatch,mgia6.co.il
qsnatch,wqc71.com.do
qsnatch,no3zg.ke
qsnatch,kugzv.cx
qsnatch,cturk.ro
qsnatch,qnphr.id
qsnatch,0ft7d.pm
qsnatch,kcxhb.hm
qsnatch,sosbq.vg
qsnatch,jnpbc.az
qsnatch,rljuy.com.eg
qsnatch,d2wuc.bz
qsnatch,bbbvt.su
qsnatch,h1bvq.com.ar
qsnatch,5rztn.gg
qsnatch,slnri.com.lr
qsnatch,cbbfl.pa
qsnatch,4yslx.com.ve
qsnatch,knawq.al
qsnatch,acny7.fm
qsnatch,z7v0g.to
qsnatch,lpa8v.mu
qsnatch,bai7u.co.ck
qsnatch,pfqm8.pk
qsnatch,kifvq.co.rs
qsnatch,tdltk.cw
qsnatch,cxnzw.nr
qsnatch,2fsg1.gd
qsnatch,hl1mo.gl
qsnatch,qjmew.ac
qsnatch,8jgzx.lk
qsnatch,bmnxe.md
qsnatch,6q6id.fi
qsnatch,6ovx3.sx
qsnatch,snxc4.lc
qsnatch,1uc9e.es
qsnatch,kzj0p.cc
qsnatch,bwfww.cm
qsnatch,6jmwm.la
qsnatch,csboq.co.za
qsnatch,rbiew.je
qsnatch,jrevk.cz
qsnatch,a4rfd.jp
qsnatch,gfmyo.ai
qsnatch,amjco.pw
qsnatch,ecbaa.bg
qsnatch,ybalc.nu
qsnatch,0vhev.ag
qsnatch,rpytc.bm
qsnatch,ifk5r.eu
qsnatch,b9bmq.com.my
qsnatch,0bttt.sc
qsnatch,2tvr2.ax
qsnatch,1okcz.wf
qsnatch,86fbs.ly
qsnatch,udn7d.qa
qsnatch,r6pto.vn
qsnatch,cwokj.aq
qsnatch,tnafu.mobi
qsnatch,gvt0t.com.tr
qsnatch,685f0.com.ua
qsnatch,7hjyq.com.py
qsnatch,ge8tz.hk.org
qsnatch,r7xmy.south.am
qsnatch,e5gds.com.kh
qsnatch,emzvq.co.zm
qsnatch,mfwyk.ru.net
qsnatch,zdo2q.com.km
qsnatch,md0qq.tt
qsnatch,qcfmo.kn
qsnatch,p4bxb.co.ls
qsnatch,0cv25.co.fk
qsnatch,lu1h0.uy.com
qsnatch,obnic.com.gu
qsnatch,rj1lr.com.pf
qsnatch,f779y.com.fj
qsnatch,bfo.cf
qsnatch,0dk.tk
qsnatch,h7ou.com
qsnatch,jxf.ml
qsnatch,y6m.de
qsnatch,is6.rocks
qsnatch,k5e.mx
qsnatch,imd.biz
qsnatch,jvr8.net
qsnatch,vqq.cn
qsnatch,gyr.ga
qsnatch,atn.gq
qsnatch,kblc.org
qsnatch,lxl.top
qsnatch,s88.nl
qsnatch,xcb.men
qsnatch,ork.ws
qsnatch,tkl.se
qsnatch,a6j.info
qsnatch,wpq.xyz
qsnatch,nxk.today
qsnatch,9j3.ru
qsnatch,urs.ec
qsnatch,z06.co
qsnatch,zbg.ee
qsnatch,c2t.rs
qsnatch,5wn.com.sv
qsnatch,p40.com.cy
qsnatch,tka.co.zw
qsnatch,afe.kg
qsnatch,h3t.com.ge
qsnatch,hnw.tl
qsnatch,xxy.name
qsnatch,5cs.tw
qsnatch,prx.lv
qsnatch,tuc.bs
qsnatch,zwc.li
qsnatch,tzr.ng
qsnatch,fcm.ae
qsnatch,emc.bt
qsnatch,f1w.tv
qsnatch,jmk.pe
qsnatch,zot.uz
qsnatch,inw.me
qsnatch,b4m.gy
qsnatch,r6c.am
qsnatch,mhy.kr
qsnatch,aql.by
qsnatch,0ft.fr
qsnatch,lwv.com.uy
qsnatch,asf.com.lb
qsnatch,8jr.com.br
qsnatch,wqm.vu
qsnatch,bae.hk
qsnatch,vzv.in
qsnatch,2rj.re
qsnatch,sgl.ch
qsnatch,tor.af
qsnatch,1vd.com.ps
qsnatch,wys.ug
qsnatch,huj.dz
qsnatch,3rq.pro
qsnatch,hno.co.th
qsnatch,yqq.sg
qsnatch,icj.cd
qsnatch,pm7.so
qsnatch,jjo.mo
qsnatch,tnc.co.id
qsnatch,mgi.co.il
qsnatch,wqc.com.do
qsnatch,no3.ke
qsnatch,kug.cx
qsnatch,ctu.ro
qsnatch,qnp.id
qsnatch,0ft.pm
qsnatch,kcx.hm
qsnatch,sos.vg
qsnatch,jnp.az
qsnatch,rlj.com.eg
qsnatch,d2w.bz
qsnatch,bbb.su
qsnatch,h1b.com.ar
qsnatch,5rz.gg
qsnatch,sln.com.lr
qsnatch,cbb.pa
qsnatch,4ys.com.ve
qsnatch,kna.al
qsnatch,acn.fm
qsnatch,z7v.to
qsnatch,lpa.mu
qsnatch,bai.co.ck
qsnatch,pfq.pk
qsnatch,kif.co.rs
qsnatch,tdl.cw
qsnatch,cxn.nr
qsnatch,2fs.gd
qsnatch,hl1.gl
qsnatch,qjm.ac
qsnatch,8jg.lk
qsnatch,bmn.md
qsnatch,6q6.fi
qsnatch,6ov.sx
qsnatch,snx.lc
qsnatch,1uc.es
qsnatch,kzj.cc
qsnatch,bwf.cm
qsnatch,6jm.la
qsnatch,csb.co.za
qsnatch,rbi.je
qsnatch,jre.cz
qsnatch,a4r.jp
qsnatch,gfm.ai
qsnatch,amj.pw
qsnatch,ecb.bg
qsnatch,yba.nu
qsnatch,0vh.ag
qsnatch,rpy.bm
qsnatch,ifk.eu
qsnatch,b9b.com.my
qsnatch,0bt.sc
qsnatch,2tv.ax
qsnatch,1ok.wf
qsnatch,86f.ly
qsnatch,udn.qa
qsnatch,r6p.vn
qsnatch,cwo.aq
qsnatch,tna.mobi
qsnatch,gvt.com.tr
ramdo,kusumyekqaaskcqw.org
ramdo,skkikukwuauawigs.org
ramdo,myuickmykcuoqekg.org
ramdo,ywaiukgcmmmcwqmk.org
ramdo,skaaaymcieiewcwk.org
ramdo,gmqqsmgoeamkmmuq.org
ramdo,wsucmwkccgaiwkuq.org
ramdo,aaiiyceccigqwgua.org
ramdo,uoooqoeoycaegcwy.org
ramdo,wsgqwkeysmqmwiwy.org
ramdo,myaooqysgucekccq.org
ramdo,sksgusukmqqomysk.org
ramdo,cequgkoesycwquwa.org
ramdo,kuqoiwicemaqwuok.org
ramdo,ywseaqwkgaecqumy.org
ramdo,myqmcqiycymqouas.org
ramdo,aaiwiciisemsauee.org
ramdo,myyacsmsimwoiygq.org
ramdo,ywcswiwiseiwuqik.org
ramdo,eiuksoyigkmysqww.org
reconyc,exuk4msl8p.com
reconyc,0zlshtldie.com
reconyc,iziclft42u.com
reconyc,bbyc5ehuqh.com
reconyc,bb09ltr7vb.com
reconyc,qx0gesibp4.com
reconyc,v7l5nzrv6x.com
reconyc,7qomcqplih.com
reconyc,kimwohzbhd.com
reconyc,yl2drb1kx7.com
reconyc,xasbqdvfbl.com
reconyc,qptalhjsgd.com
reconyc,l5astcdet1.com
reconyc,m21ljhbuhf.com
reconyc,k1ppzq9i2d.com
reconyc,2dpkedripw.com
reconyc,kq33zxkeud.com
reconyc,zmcpjddma3.com
reconyc,ngs5kqelnd.com
reconyc,dw1iwv4ue1.com
reconyc,78fdshtykt.com
reconyc,qexykieumg.com
reconyc,cjoxhjgtyo.com
reconyc,u1kuhl07hs.com
reconyc,e1foflad9t.com
reconyc,ec0bcrrhmc.com
reconyc,ulkuw8zfdn.com
reconyc,72olsme04d.com
reconyc,axvesejrrg.com
reconyc,4t3xc5xnbu.com
reconyc,udb0mwwaq4.com
reconyc,pz9fgmnyrt.com
reconyc,gxbnd5uiaq.com
reconyc,hpkmnjh1xy.com
reconyc,sz52965tex.com
reconyc,bds2vodyhb.com
reconyc,xl3wurtkg9.com
reconyc,cn09hin4dq.com
reconyc,xahaflvful.com
reconyc,22u6pi5j7t.com
reconyc,9kzpfkthnf.com
reconyc,w5qxplhxyk.com
reconyc,tgozj0jmkp.com
reconyc,jwdzv9osta.com
reconyc,sos0pn1rrp.com
reconyc,ekqj5m2zfr.com
reconyc,z6t7zcjwfv.com
reconyc,ejvz3er2qa.com
reconyc,pdnv7zt2pk.com
reconyc,ritdlzyfxq.com
reconyc,r6ukbpwpo8.com
reconyc,c1vke2rlso.com
reconyc,qbiostjvkq.com
reconyc,zhf7zcaqdo.com
reconyc,by9qleemho.com
reconyc,vigt0sogw3.com
reconyc,yisfpdvtns.com
reconyc,9efrjluq0n.com
reconyc,8lsgg0axkh.com
reconyc,hjawsfvzvo.com
reconyc,fb3vssqbos.com
reconyc,8p1jz2zdzo.com
reconyc,noojafmqey.com
reconyc,5wagrcrote.com
reconyc,e13qj4ztlv.com
reconyc,gkmwaf8iwm.com
reconyc,ykl4uimk3d.com
reconyc,r5ypyzbl5z.com
reconyc,cw24ovlt0j.com
reconyc,a6zfnaypvm.com
reconyc,lxjxpibufd.com
reconyc,rwcrfphs5q.com
reconyc,njm2goqfpx.com
reconyc,sinsntabhj.com
reconyc,6x2dphespq.com
reconyc,w6j49zvzyk.com
reconyc,3mq6eb4y9e.com
reconyc,z6efjuorpy.com
reconyc,zami7za2xy.com
reconyc,cdkmembazg.com
reconyc,cg4byg1owq.com
reconyc,9tj4wfm9xb.com
reconyc,1djxoqnuwx.com
reconyc,cx4fkrzpef.com
reconyc,yxub74mt0i.com
reconyc,gaof97qqmr.com
reconyc,gbporlytmy.com
reconyc,j76fq54jrc.com
reconyc,z5x86ifouw.com
reconyc,ivte5wzami.com
reconyc,q9n6qw1riw.com
reconyc,u5mkixo1mw.com
reconyc,jfqjlz0qaa.com
reconyc,mjm83yhus4.com
reconyc,37egu9ot2j.com
reconyc,ckpvllqqzp.com
reconyc,bdcqah0ftr.com
reconyc,bcxyeoxgrh.com
reconyc,uteknwp8il.com
reconyc,k8adcjt694.com
reconyc,tylzrpvyb9.com
reconyc,axmy0pernm.com
reconyc,oai0egilam.com
reconyc,9r40xfliyd.com
reconyc,cawpemxmrh.com
reconyc,egzzcd0tbi.com
reconyc,sykexm3tlg.com
reconyc,3vo5ke0nhp.com
reconyc,n3gynz6dtq.com
reconyc,fqoc8pddk8.com
reconyc,x5nu9xw8mu.com
reconyc,8fjbjaqd3l.com
reconyc,8sevsnllf9.com
reconyc,7ihze7qzqq.com
reconyc,nbsmbsyucl.com
reconyc,em1cyx1pao.com
reconyc,ngmxzdnfow.com
reconyc,xycq62gmuw.com
reconyc,uwfujm2cez.com
reconyc,hkmumbv39d.com
reconyc,mhzdpq7jeo.com
reconyc,w0yggv1e7h.com
reconyc,xszi84fidz.com
reconyc,r4fxabvakc.com
reconyc,thyautwdkb.com
reconyc,vifpn74fps.com
reconyc,fflj3saczz.com
reconyc,rwzcb1jluh.com
reconyc,hglm31s2vd.com
reconyc,u8rnhe2c0i.com
reconyc,pgu8g8dfse.com
reconyc,fojj6cyo2l.com
reconyc,a8mnmnfhw2.com
reconyc,vjlioxjeio.com
reconyc,8epvyxdzkq.com
reconyc,z2abujrrld.com
reconyc,ultfok9xsq.com
reconyc,yewktsv4jn.com
reconyc,x94yk6pt5j.com
reconyc,scwc6refuu.com
reconyc,q7gznoqqo1.com
reconyc,h2xshihde3.com
reconyc,t8xywvqr96.com
reconyc,cb8hp8ab74.com
reconyc,8yqifgun7c.com
reconyc,k5bilyzmli.com
reconyc,cyyihc5huc.com
reconyc,3xfpreyogw.com
reconyc,2ocjngmo1j.com
reconyc,zcbriqvpvd.com
reconyc,auck47xgek.com
reconyc,59jic7bf9b.com
reconyc,synyc091k8.com
reconyc,jxfe3ubhmf.com
reconyc,8wrw6ajxrl.com
reconyc,uwnb3s99dj.com
reconyc,7qwbrilnky.com
reconyc,dsfrjavovb.com
reconyc,b4qgkupwm4.com
reconyc,kpva4fkbu1.com
reconyc,slbx6ihldr.com
reconyc,ntv7zb9esa.com
reconyc,zhokqkodvz.com
reconyc,fqbctyynrz.com
reconyc,gfhfoy3lyv.com
reconyc,u4jhienabs.com
reconyc,crmthviqgs.com
reconyc,ihgdpr3udm.com
reconyc,y9vifwht4j.com
reconyc,izuldcwv5n.com
reconyc,42e7nwcu1o.com
reconyc,st19gbd8lj.com
reconyc,smgb7iq93i.com
reconyc,anpkgpiq2v.com
reconyc,lpfr4vbc1g.com
reconyc,jnmvn56jod.com
reconyc,iqqwn5f321.com
reconyc,wf8mx70yoy.com
reconyc,kajkafu7yg.com
reconyc,4mliehbljs.com
reconyc,l9c7jtoooa.com
reconyc,p3paa0ktru.com
reconyc,pox6gqbg56.com
reconyc,cv0onnziai.com
reconyc,rqpfo1zpvx.com
reconyc,y7ktdpa1sd.com
reconyc,723kgsb2oz.com
reconyc,ngk86l1cuo.com
reconyc,zncffolw3b.com
reconyc,c3kvsi8w1i.com
reconyc,5ygio89esv.com
reconyc,3repmyzgm8.com
reconyc,boyc67ntt8.com
reconyc,mpvyw7mcg3.com
reconyc,1a8djdst1d.com
reconyc,uq5xpn7m5k.com
reconyc,bctvs949ta.com
reconyc,mjrq6ro2ya.com
reconyc,oyzfkeewom.com
reconyc,i6gohfj5ja.com
reconyc,zjdiulsbhs.com
reconyc,ptgs9zqopz.com
reconyc,fcidixxkst.com
reconyc,jblnim3m7s.com
reconyc,1wzyqxbspv.com
reconyc,he0ysppmek.com
reconyc,drjjqoipyn.com
reconyc,u8sh9a0cf5.com
reconyc,yaio2ciexa.com
reconyc,avz0jrd5ld.com
reconyc,tn90hwlpzu.com
reconyc,k5itpguxfl.com
reconyc,gtnafkumxn.com
reconyc,6ssur8e3ed.com
reconyc,jcovvxfb1f.com
reconyc,ozutzmasp9.com
reconyc,ushb0zzpqs.com
reconyc,9gii2mdapx.com
reconyc,enermqvkzm.com
reconyc,mx2v2jhkvg.com
reconyc,cstbjnsqvh.com
reconyc,kmikbet69q.com
reconyc,kszad8neu5.com
reconyc,tqikfu73cf.com
reconyc,zhjichw0tk.com
reconyc,bi6w2x2qif.com
reconyc,b8hstbpciu.com
reconyc,ynjyfdb9mh.com
reconyc,znjm4ucskp.com
reconyc,fqqha54xza.com
reconyc,k7kfxazahv.com
reconyc,h1scsqgdsl.com
reconyc,iff4zasecd.com
reconyc,ewtmrbszc7.com
reconyc,xcxnbeqbnl.com
reconyc,9crb5cydnq.com
reconyc,2tuz9gawxi.com
reconyc,rktwdfd6p7.com
reconyc,wshh6xko90.com
reconyc,9flyjx5oqd.com
reconyc,hnfgsy9s95.com
reconyc,062m0d7sus.com
reconyc,l71vk6gm0x.com
reconyc,16ney1lhwg.com
reconyc,l3rcvyn7k7.com
reconyc,qcuk6cmec1.com
reconyc,cdlbgcodtx.com
reconyc,2hytcqjwt5.com
reconyc,r3bc4of0kl.com
reconyc,ktencjfnnq.com
reconyc,abmlwallnm.com
reconyc,bd7qhdmfy5.com
reconyc,zgbucsvoiq.com
reconyc,tmulslb5hl.com
reconyc,cbk9vnqrzx.com
reconyc,6pticfggwx.com
reconyc,w8n1hgql6s.com
reconyc,onbdkhukw8.com
reconyc,i1zscwaohg.com
reconyc,9pk20ojq3q.com
reconyc,zx9isgpis0.com
reconyc,nciczullrm.com
reconyc,skrnqh3kcv.com
reconyc,zr6ypdykbm.com
reconyc,ze53mwxghs.com
reconyc,u3kffohked.com
reconyc,5v6ftqfem5.com
reconyc,fhzro66jjj.com
reconyc,ek3o1v4umg.com
reconyc,02vkdbgopa.com
reconyc,ccp9argaij.com
reconyc,glyr2dlbhh.com
reconyc,zw6fmeddsp.com
reconyc,rzk441pxeh.com
reconyc,77ghiyuipq.com
reconyc,r7k7czdrux.com
reconyc,bqjktmtrtf.com
reconyc,x8xc1eyi1t.com
reconyc,jwpntawmgv.com
reconyc,zsrkgkgorb.com
reconyc,gu8go0yl9y.com
reconyc,ylyuk2nzfh.com
reconyc,bgsfutbp4d.com
reconyc,gb7dnjvkqe.com
reconyc,8iycmsrjwi.com
reconyc,7j0ml3dcsm.com
reconyc,thuq9p9ruf.com
reconyc,d2ezlscz5p.com
reconyc,klz6et9s1w.com
reconyc,fm1vp7govv.com
reconyc,vaetrx9wno.com
reconyc,9xpg5acaaw.com
reconyc,vqgzipmihc.com
reconyc,wmlm3dqnje.com
reconyc,fmihqryzfo.com
reconyc,spwxyis9pi.com
reconyc,zdnjloguhl.com
reconyc,v0rejcu578.com
reconyc,friuf4xrhb.com
reconyc,7wyr6dzi7b.com
reconyc,bie1p7nd5b.com
reconyc,cfjyxbuosp.com
reconyc,cpa0mhxsvg.com
reconyc,qnkodre7ju.com
reconyc,fddzrqxe33.com
reconyc,5xlefowgok.com
reconyc,hxuzqpz4dz.com
reconyc,fpfyqpefwd.com
reconyc,cdhskiog4e.com
reconyc,4dkke0fxqs.com
reconyc,aqdlw9r1tv.com
reconyc,pvrhlli5bj.com
reconyc,thj71zpb9q.com
reconyc,jwl8uu5dgx.com
reconyc,93l1ykfewx.com
reconyc,t9p6rihw8r.com
reconyc,1p5xcwfq88.com
reconyc,kf3ire5ezl.com
reconyc,1duoucgzut.com
reconyc,mba8tuxb8f.com
reconyc,xac75hvzyg.com
reconyc,fqbqi03wbe.com
reconyc,d6lmtjioio.com
reconyc,oadxezwnqt.com
reconyc,z43we2abhl.com
reconyc,sdzgbmqbpc.com
reconyc,vqmqrlpdwy.com
reconyc,sxq7js5njr.com
reconyc,vhkhrm8ozu.com
reconyc,nskt2sx3fg.com
reconyc,6i7dq2jfym.com
reconyc,i1fxef2kzk.com
reconyc,6mwglvbo19.com
reconyc,5cdizuswtx.com
reconyc,gfgbafyelm.com
reconyc,u0qqtripfc.com
reconyc,v3k90ipnnn.com
reconyc,mjz5raqoyd.com
reconyc,zkq5ansdy5.com
reconyc,yyoftge0pk.com
reconyc,gesrdwsq9i.com
reconyc,h3qqpkwtgi.com
reconyc,35uiigz1mn.com
reconyc,tpa5dqf1kr.com
reconyc,dz29sejbk6.com
reconyc,5ym90geiin.com
reconyc,jwuzilgnl5.com
reconyc,ygc3jpeijp.com
reconyc,sob0wmfsh1.com
reconyc,7bxezxjyvd.com
reconyc,rpeibtmqht.com
reconyc,zmne0tddsr.com
reconyc,xjrzd3ywny.com
reconyc,zwwgetfhvr.com
reconyc,mfozg6kutv.com
reconyc,wbk8tmvqhb.com
reconyc,shzwcue9ly.com
reconyc,j6hgjephfi.com
reconyc,i1epidsros.com
reconyc,vr52rxh8qh.com
reconyc,ukyrscpnkb.com
reconyc,8zjqgehpc1.com
reconyc,hjhqbquaai.com
reconyc,ncxrk5cr7a.com
reconyc,4syd88rxfs.com
reconyc,61oailabzr.com
reconyc,bbejzxpjx7.com
reconyc,sbougkju1i.com
reconyc,74gcqklz6f.com
reconyc,qojojz3cc6.com
reconyc,nyluyfvqti.com
reconyc,x46xxggryx.com
reconyc,r92q8kbz1l.com
reconyc,tm9mlkuift.com
reconyc,affzydhipy.com
reconyc,b97ptddr7j.com
reconyc,z4xtotbn0y.com
reconyc,d4ygxnz9vm.com
reconyc,ggwibvmzu5.com
reconyc,lyzowk5q60.com
reconyc,zcckcximk5.com
reconyc,w0lqpx7cuv.com
reconyc,nfqc1tntfi.com
reconyc,iu91u3lmso.com
reconyc,guktdmyzco.com
reconyc,l8msfcmdmp.com
reconyc,qyphczhlxy.com
reconyc,is53btzyx8.com
reconyc,is4b38uw3w.com
reconyc,mzzfh1hh4x.com
reconyc,mncipxpevt.com
reconyc,wgdyypotno.com
reconyc,jubqqwgnhz.com
reconyc,j245ntb9e3.com
reconyc,rwb1ls7goj.com
reconyc,gepcs7vz8a.com
reconyc,d6hlgviya1.com
reconyc,fgh3aqbh60.com
reconyc,wrqgu0p8gz.com
reconyc,nvkfik4gx4.com
sharkbot,9cb2960b0e906945.xyz
sharkbot,aa38801ccf920109.live
sharkbot,e8bb2d3f1ce558cb.com
sharkbot,01bab0e82e92828b.store
sharkbot,6deb4b96038896cb.info
sharkbot,3bfb236a521c044b.top
sharkbot,0718e0a093685d6a.net
sharkbot,3b1212a5b4af319e.xyz
sharkbot,e89e85dcda22baf0.live
sharkbot,e707272b364f4d3c.com
sharkbot,d1ce43581ba1b425.store
sharkbot,3751ce9282659585.info
sharkbot,410387bcc0b65398.top
sharkbot,e11c7fbca0a64d1e.net
sharkbot,610823e2b7a2fa37.xyz
sharkbot,4122f2fce6a3c50c.live
sharkbot,6f3a1864f0ef4a02.com
sharkbot,89f72c31e4ec1e87.store
sharkbot,aaf1a6b56a77af9e.info
sharkbot,f4ab8cba5cd21957.top
sharkbot,bd8efdb9e502c618.net
sharkbot,77f578255b2882a8.xyz
sharkbot,6a85bb64d3c2b9d5.live
sharkbot,41c250b14c4dd4cc.com
sharkbot,de010ba9ce050ee6.store
sharkbot,a352e321d830ad4b.info
sharkbot,2a43bb0ccde7da75.top
sharkbot,f216f8f533e3f573.net
simda,gatyfus.com
simda,lyvyxor.com
simda,vojyqem.com
simda,qetyfuv.com
simda,puvyxil.com
simda,gahyqah.com
simda,lyryfyd.com
simda,vocyzit.com
simda,qegyqaq.com
simda,purydyv.com
simda,gacyzuz.com
simda,lygymoj.com
simda,vowydef.com
simda,qexylup.com
simda,pufymoq.com
simda,gaqydeb.com
simda,lyxylux.com
simda,vofymik.com
simda,qeqysag.com
simda,puzylyp.com
simda,gadyniw.com
simda,lymysan.com
simda,volykyc.com
simda,qedynul.com
simda,pumypog.com
simda,galykes.com
simda,lysynur.com
simda,vonypom.com
simda,qekykev.com
simda,pupybul.com
simda,ganypih.com
simda,lykyjad.com
simda,vopybyt.com
simda,qebytiq.com
simda,pujyjav.com
simda,gatyvyz.com
simda,lyvytuj.com
simda,vojyjof.com
simda,qetyvep.com
simda,puvytuq.com
simda,gahyhob.com
simda,lyryvex.com
simda,vocyruk.com
simda,qegyhig.com
simda,purycap.com
simda,gacyryw.com
simda,lygygin.com
simda,vowycac.com
simda,qexyryl.com
simda,pufygug.com
simda,gaqycos.com
simda,lyxywer.com
simda,vofygum.com
simda,qeqyxov.com
simda,puzywel.com
simda,gadyfuh.com
simda,lymyxid.com
simda,volyqat.com
simda,qedyfyq.com
simda,pumyxiv.com
simda,galyqaz.com
simda,lysyfyj.com
simda,vonyzuf.com
simda,qekyqop.com
simda,pupydeq.com
simda,ganyzub.com
simda,lykymox.com
simda,vopydek.com
simda,qebylug.com
simda,pujymip.com
simda,gatydaw.com
simda,lyvylyn.com
simda,vojymic.com
simda,qetysal.com
simda,puvylyg.com
simda,gahynus.com
simda,lyrysor.com
simda,vocykem.com
simda,qegynuv.com
simda,purypol.com
simda,gacykeh.com
simda,lygynud.com
simda,vowypit.com
simda,qexykaq.com
simda,pufybyv.com
simda,gaqypiz.com
simda,lyxyjaj.com
simda,vofybyf.com
simda,qeqytup.com
simda,puzyjoq.com
simda,gadyveb.com
simda,lymytux.com
simda,volyjok.com
simda,qedyveg.com
simda,pumytup.com
simda,galyhiw.com
simda,lysyvan.com
simda,vonyryc.com
simda,qekyhil.com
simda,pupycag.com
simda,ganyrys.com
simda,lykygur.com
simda,vopycom.com
simda,qebyrev.com
simda,pujygul.com
simda,gatycoh.com
simda,lyvywed.com
simda,vojygut.com
simda,qetyxiq.com
simda,puvywav.com
simda,gahyfyz.com
simda,lyryxij.com
simda,vocyqaf.com
simda,qegyfyp.com
simda,puryxuq.com
simda,gacyqob.com
simda,lygyfex.com
simda,vowyzuk.com
simda,qexyqog.com
simda,pufydep.com
simda,gaqyzuw.com
simda,lyxymin.com
simda,vofydac.com
simda,qeqylyl.com
simda,puzymig.com
simda,gadydas.com
simda,lymylyr.com
simda,volymum.com
simda,qedysov.com
simda,pumylel.com
simda,galynuh.com
simda,lysysod.com
simda,vonyket.com
simda,qekynuq.com
simda,pupypiv.com
simda,ganykaz.com
simda,lykynyj.com
simda,vopypif.com
simda,qebykap.com
simda,pujybyq.com
simda,gatypub.com
simda,lyvyjox.com
simda,vojybek.com
simda,qetytug.com
simda,puvyjop.com
simda,gahyvew.com
simda,lyrytun.com
simda,vocyjic.com
simda,qegyval.com
simda,purytyg.com
simda,gacyhis.com
simda,lygyvar.com
simda,vowyrym.com
simda,qexyhuv.com
simda,pufycol.com
simda,gaqyreh.com
simda,lyxygud.com
simda,vofycot.com
simda,qeqyreq.com
simda,puzyguv.com
simda,gadyciz.com
simda,lymywaj.com
simda,volygyf.com
simda,qedyxip.com
simda,pumywaq.com
simda,galyfyb.com
simda,lysyxux.com
simda,vonyqok.com
simda,qekyfeg.com
simda,pupyxup.com
simda,ganyqow.com
simda,lykyfen.com
simda,vopyzuc.com
simda,qebyqil.com
simda,pujydag.com
simda,gatyzys.com
simda,lyvymir.com
simda,vojydam.com
simda,qetylyv.com
simda,puvymul.com
simda,gahydoh.com
simda,lyryled.com
simda,vocymut.com
simda,qegysoq.com
simda,purylev.com
simda,gacynuz.com
simda,lygysij.com
simda,vowykaf.com
simda,qexynyp.com
simda,pufypiq.com
simda,gaqykab.com
simda,lyxynyx.com
simda,vofypuk.com
simda,qeqykog.com
simda,puzybep.com
simda,gadypuw.com
simda,lymyjon.com
simda,volybec.com
simda,qedytul.com
simda,pumyjig.com
simda,galyvas.com
simda,lysytyr.com
simda,vonyjim.com
simda,qekyvav.com
simda,pupytyl.com
simda,ganyhuh.com
simda,lykyvod.com
simda,vopyret.com
simda,qebyhuq.com
simda,pujycov.com
simda,gatyrez.com
simda,lyvyguj.com
simda,vojycif.com
simda,qetyrap.com
simda,puvygyq.com
simda,gahycib.com
simda,lyrywax.com
simda,vocygyk.com
simda,qegyxug.com
simda,purywop.com
simda,gacyfew.com
simda,lygyxun.com
simda,vowyqoc.com
simda,qexyfel.com
simda,pufyxug.com
simda,gaqyqis.com
simda,lyxyfar.com
simda,vofyzym.com
simda,qeqyqiv.com
simda,puzydal.com
simda,gadyzyh.com
simda,lymymud.com
simda,volydot.com
simda,qedyleq.com
simda,pumymuv.com
simda,galydoz.com
simda,lysylej.com
simda,vonymuf.com
simda,qekysip.com
simda,pupylaq.com
simda,ganynyb.com
simda,lykysix.com
simda,vopykak.com
simda,qebynyg.com
simda,pujypup.com
simda,gatykow.com
simda,lyvynen.com
simda,vojypuc.com
simda,qetykol.com
simda,puvybeg.com
simda,gahypus.com
simda,lyryjir.com
simda,vocybam.com
simda,qegytyv.com
simda,puryjil.com
simda,gacyvah.com
simda,lygytyd.com
simda,vowyjut.com
simda,qexyvoq.com
simda,pufytev.com
simda,gaqyhuz.com
simda,lyxyvoj.com
simda,vofyref.com
simda,qeqyhup.com
simda,puzyciq.com
simda,gadyrab.com
simda,lymygyx.com
simda,volycik.com
simda,qedyrag.com
simda,pumygyp.com
simda,galycuw.com
simda,lysywon.com
simda,vonygec.com
simda,qekyxul.com
simda,pupywog.com
simda,ganyfes.com
simda,lykyxur.com
simda,vopyqim.com
simda,qebyfav.com
simda,pujyxyl.com
simda,gatyqih.com
simda,lyvyfad.com
simda,vojyzyt.com
simda,qetyquq.com
simda,puvydov.com
simda,gahyzez.com
simda,lyrymuj.com
simda,vocydof.com
simda,qegylep.com
simda,purymuq.com
simda,gacydib.com
simda,lygylax.com
simda,vowymyk.com
simda,qexysig.com
simda,pufylap.com
simda,gaqynyw.com
simda,lyxysun.com
simda,vofykoc.com
simda,qeqynel.com
simda,puzypug.com
simda,gadykos.com
simda,lymyner.com
simda,volypum.com
simda,qedykiv.com
simda,pumybal.com
simda,galypyh.com
simda,lysyjid.com
simda,vonybat.com
simda,qekytyq.com
simda,pupyjuv.com
simda,ganyvoz.com
simda,lykytej.com
simda,vopyjuf.com
simda,qebyvop.com
simda,pujyteq.com
simda,gatyhub.com
simda,lyvyvix.com
simda,vojyrak.com
simda,qetyhyg.com
simda,puvycip.com
simda,gahyraw.com
simda,lyrygyn.com
simda,vocycuc.com
simda,qegyrol.com
simda,purygeg.com
simda,gacycus.com
simda,lygywor.com
simda,vowygem.com
simda,qexyxuv.com
simda,pufywil.com
simda,gaqyfah.com
simda,lyxyxyd.com
simda,vofyqit.com
simda,qeqyfaq.com
simda,puzyxyv.com
simda,gadyquz.com
simda,lymyfoj.com
simda,volyzef.com
simda,qedyqup.com
simda,pumydoq.com
simda,galyzeb.com
simda,lysymux.com
simda,vonydik.com
simda,qekylag.com
simda,pupymyp.com
simda,ganydiw.com
simda,lykylan.com
simda,vopymyc.com
simda,qebysul.com
simda,pujylog.com
simda,gatynes.com
simda,lyvysur.com
simda,vojykom.com
simda,qetynev.com
simda,puvypul.com
simda,gahykih.com
simda,lyrynad.com
simda,vocypyt.com
simda,qegykiq.com
simda,purybav.com
simda,gacypyz.com
simda,lygyjuj.com
simda,vowybof.com
simda,qexytep.com
simda,pufyjuq.com
simda,gaqyvob.com
simda,lyxytex.com
simda,vofyjuk.com
simda,qeqyvig.com
simda,puzytap.com
simda,gadyhyw.com
simda,lymyvin.com
simda,volyrac.com
simda,qedyhyl.com
simda,pumycug.com
simda,galyros.com
simda,lysyger.com
simda,vonycum.com
simda,qekyrov.com
simda,pupygel.com
simda,ganycuh.com
simda,lykywid.com
simda,vopygat.com
simda,qebyxyq.com
simda,pujywiv.com
simda,gatyfaz.com
simda,lyvyxyj.com
simda,vojyquf.com
simda,qetyfop.com
simda,puvyxeq.com
simda,gahyqub.com
simda,lyryfox.com
simda,vocyzek.com
simda,qegyqug.com
simda,purydip.com
simda,gacyzaw.com
simda,lygymyn.com
simda,vowydic.com
simda,qexylal.com
simda,pufymyg.com
simda,gaqydus.com
simda,lyxylor.com
simda,vofymem.com
simda,qeqysuv.com
simda,puzylol.com
simda,gadyneh.com
simda,lymysud.com
simda,volykit.com
simda,qedynaq.com
simda,pumypyv.com
simda,galykiz.com
simda,lysynaj.com
simda,vonypyf.com
simda,qekykup.com
simda,pupyboq.com
simda,ganypeb.com
simda,lykyjux.com
simda,vopybok.com
simda,qebyteg.com
simda,pujyjup.com
simda,gatyviw.com
simda,lyvytan.com
simda,vojyjyc.com
simda,qetyvil.com
simda,puvytag.com
simda,gahyhys.com
simda,lyryvur.com
simda,vocyrom.com
simda,qegyhev.com
simda,purycul.com
simda,gacyroh.com
simda,lygyged.com
simda,vowycut.com
simda,qexyriq.com
simda,pufygav.com
simda,gaqycyz.com
simda,lyxywij.com
simda,vofygaf.com
simda,qeqyxyp.com
simda,puzywuq.com
simda,gadyfob.com
simda,lymyxex.com
simda,volyquk.com
simda,qedyfog.com
simda,pumyxep.com
simda,galyquw.com
simda,lysyfin.com
simda,vonyzac.com
simda,qekyqyl.com
simda,pupydig.com
simda,ganyzas.com
simda,lykymyr.com
simda,vopydum.com
simda,qebylov.com
simda,pujymel.com
simda,gatyduh.com
simda,lyvylod.com
simda,vojymet.com
simda,qetysuq.com
simda,puvyliv.com
simda,gahynaz.com
simda,lyrysyj.com
simda,vocykif.com
simda,qegynap.com
simda,purypyq.com
simda,gacykub.com
simda,lygynox.com
simda,vowypek.com
simda,qexykug.com
simda,pufybop.com
simda,gaqypew.com
simda,lyxyjun.com
simda,vofybic.com
simda,qeqytal.com
simda,puzyjyg.com
simda,gadyvis.com
simda,lymytar.com
simda,volyjym.com
simda,qedyvuv.com
simda,pumytol.com
simda,galyheh.com
simda,lysyvud.com
simda,vonyrot.com
simda,qekyheq.com
simda,pupycuv.com
simda,ganyriz.com
simda,lykygaj.com
simda,vopycyf.com
simda,qebyrip.com
simda,pujygaq.com
simda,gatycyb.com
simda,lyvywux.com
simda,vojygok.com
simda,qetyxeg.com
simda,puvywup.com
simda,gahyfow.com
simda,lyryxen.com
simda,vocyquc.com
simda,qegyfil.com
simda,puryxag.com
simda,gacyqys.com
simda,lygyfir.com
simda,vowyzam.com
simda,qexyqyv.com
simda,pufydul.com
simda,gaqyzoh.com
simda,lyxymed.com
simda,vofydut.com
simda,qeqyloq.com
simda,puzymev.com
simda,gadyduz.com
simda,lymylij.com
simda,volymaf.com
simda,qedysyp.com
simda,pumyliq.com
simda,galynab.com
simda,lysysyx.com
simda,vonykuk.com
simda,qekynog.com
simda,pupypep.com
simda,ganykuw.com
simda,lykynon.com
simda,vopypec.com
simda,qebykul.com
simda,pujybig.com
simda,gatypas.com
simda,lyvyjyr.com
simda,vojybim.com
simda,qetytav.com
simda,puvyjyl.com
simda,gahyvuh.com
simda,lyrytod.com
simda,vocyjet.com
simda,qegyvuq.com
simda,purytov.com
simda,gacyhez.com
simda,lygyvuj.com
simda,vowyrif.com
simda,qexyhap.com
simda,pufycyq.com
simda,gaqyrib.com
simda,lyxygax.com
simda,vofycyk.com
simda,qeqyrug.com
simda,puzygop.com
simda,gadycew.com
simda,lymywun.com
simda,volygoc.com
simda,qedyxel.com
simda,pumywug.com
simda,galyfis.com
simda,lysyxar.com
simda,vonyqym.com
simda,qekyfiv.com
simda,pupyxal.com
simda,ganyqyh.com
simda,lykyfud.com
simda,vopyzot.com
simda,qebyqeq.com
simda,pujyduv.com
simda,gatyzoz.com
simda,lyvymej.com
simda,vojyduf.com
simda,qetylip.com
simda,puvymaq.com
simda,gahydyb.com
simda,lyrylix.com
simda,vocymak.com
simda,qegysyg.com
simda,purylup.com
simda,gacynow.com
simda,lygysen.com
simda,vowykuc.com
simda,qexynol.com
simda,pufypeg.com
simda,gaqykus.com
simda,lyxynir.com
simda,vofypam.com
simda,qeqykyv.com
simda,puzybil.com
simda,gadypah.com
simda,lymyjyd.com
simda,volybut.com
simda,qedytoq.com
simda,pumyjev.com
simda,galyvuz.com
simda,lysytoj.com
simda,vonyjef.com
simda,qekyvup.com
simda,pupytiq.com
simda,ganyhab.com
simda,lykyvyx.com
simda,vopyrik.com
simda,qebyhag.com
simda,pujycyp.com
simda,gatyruw.com
simda,lyvygon.com
simda,vojycec.com
simda,qetyrul.com
simda,puvygog.com
simda,gahyces.com
simda,lyrywur.com
simda,vocygim.com
simda,qegyxav.com
simda,purywyl.com
simda,gacyfih.com
simda,lygyxad.com
simda,vowyqyt.com
simda,qexyfuq.com
simda,pufyxov.com
simda,gaqyqez.com
simda,lyxyfuj.com
simda,vofyzof.com
simda,qeqyqep.com
simda,puzyduq.com
simda,gadyzib.com
simda,lymymax.com
simda,volydyk.com
simda,qedylig.com
simda,pumymap.com
simda,galydyw.com
simda,lysylun.com
simda,vonymoc.com
simda,qekysel.com
simda,pupylug.com
simda,ganynos.com
simda,lykyser.com
simda,vopykum.com
simda,qebyniv.com
simda,pujypal.com
simda,gatykyh.com
simda,lyvynid.com
simda,vojypat.com
simda,qetykyq.com
simda,puvybuv.com
simda,gahypoz.com
simda,lyryjej.com
simda,vocybuf.com
simda,qegytop.com
simda,puryjeq.com
simda,gacyvub.com
simda,lygytix.com
simda,vowyjak.com
simda,qexyvyg.com
simda,pufytip.com
simda,gaqyhaw.com
simda,lyxyvyn.com
simda,vofyruc.com
simda,qeqyhol.com
simda,puzyceg.com
simda,gadyrus.com
simda,lymygor.com
simda,volycem.com
simda,qedyruv.com
simda,pumygil.com
simda,galycah.com
simda,lysywyd.com
simda,vonygit.com
simda,qekyxaq.com
simda,pupywyv.com
simda,ganyfuz.com
simda,lykyxoj.com
simda,vopyqef.com
simda,qebyfup.com
simda,pujyxoq.com
simda,gatyqeb.com
simda,lyvyfux.com
simda,vojyzik.com
simda,qetyqag.com
simda,puvydyp.com
simda,gahyziw.com
simda,lyryman.com
simda,vocydyc.com
simda,qegylul.com
simda,purymog.com
simda,gacydes.com
simda,lygylur.com
simda,vowymom.com
simda,qexysev.com
simda,pufylul.com
simda,gaqynih.com
simda,lyxysad.com
simda,vofykyt.com
simda,qeqyniq.com
simda,puzypav.com
simda,gadykyz.com
simda,lymynuj.com
simda,volypof.com
simda,qedykep.com
simda,pumybuq.com
simda,galypob.com
simda,lysyjex.com
simda,vonybuk.com
simda,qekytig.com
simda,pupyjap.com
simda,ganyvyw.com
simda,lykytin.com
simda,vopyjac.com
simda,qebyvyl.com
simda,pujytug.com
simda,gatyhos.com
simda,lyvyver.com
simda,vojyrum.com
simda,qetyhov.com
simda,puvycel.com
simda,gahyruh.com
simda,lyrygid.com
simda,vocycat.com
simda,qegyryq.com
simda,purygiv.com
simda,gacycaz.com
simda,lygywyj.com
simda,vowyguf.com
simda,qexyxop.com
simda,pufyweq.com
simda,gaqyfub.com
simda,lyxyxox.com
simda,vofyqek.com
simda,qeqyfug.com
simda,puzyxip.com
simda,gadyqaw.com
simda,lymyfyn.com
simda,volyzic.com
simda,qedyqal.com
simda,pumydyg.com
simda,galyzus.com
simda,lysymor.com
simda,vonydem.com
simda,qekyluv.com
simda,pupymol.com
simda,ganydeh.com
simda,lykylud.com
simda,vopymit.com
simda,qebysaq.com
simda,pujylyv.com
simda,gatyniz.com
simda,lyvysaj.com
simda,vojykyf.com
simda,qetynup.com
simda,puvypoq.com
simda,gahykeb.com
simda,lyrynux.com
simda,vocypok.com
simda,qegykeg.com
simda,purybup.com
simda,gacypiw.com
simda,lygyjan.com
simda,vowybyc.com
simda,qexytil.com
simda,pufyjag.com
simda,gaqyvys.com
simda,lyxytur.com
simda,vofyjom.com
simda,qeqyvev.com
simda,puzytul.com
simda,gadyhoh.com
simda,lymyved.com
simda,volyrut.com
simda,qedyhiq.com
simda,pumycav.com
simda,galyryz.com
simda,lysygij.com
simda,vonycaf.com
simda,qekyryp.com
simda,pupyguq.com
simda,ganycob.com
simda,lykywex.com
simda,vopyguk.com
simda,qebyxog.com
simda,pujywep.com
simda,gatyfuw.com
simda,lyvyxin.com
simda,vojyqac.com
simda,qetyfyl.com
simda,puvyxig.com
simda,gahyqas.com
simda,lyryfyr.com
simda,vocyzum.com
simda,qegyqov.com
simda,purydel.com
simda,gacyzuh.com
simda,lygymod.com
simda,vowydet.com
simda,qexyluq.com
simda,pufymiv.com
simda,gaqydaz.com
simda,lyxylyj.com
simda,vofymif.com
simda,qeqysap.com
simda,puzylyq.com
simda,gadynub.com
simda,lymysox.com
simda,volykek.com
simda,qedynug.com
simda,pumypop.com
simda,galykew.com
simda,lysynun.com
simda,vonypic.com
simda,qekykal.com
simda,pupybyg.com
simda,ganypis.com
simda,lykyjar.com
simda,vopybym.com
simda,qebytuv.com
simda,pujyjol.com
simda,gatyveh.com
simda,lyvytud.com
simda,vojyjot.com
simda,qetyveq.com
simda,puvytuv.com
simda,gahyhiz.com
simda,lyryvaj.com
simda,vocyryf.com
simda,qegyhip.com
simda,purycaq.com
simda,gacyryb.com
simda,lygygux.com
simda,vowycok.com
simda,qexyreg.com
simda,pufygup.com
simda,gaqycow.com
simda,lyxywen.com
simda,vofyguc.com
simda,qeqyxil.com
simda,puzywag.com
simda,gadyfys.com
simda,lymyxir.com
simda,volyqam.com
simda,qedyfyv.com
simda,pumyxul.com
simda,galyqoh.com
simda,lysyfed.com
simda,vonyzut.com
simda,qekyqoq.com
simda,pupydev.com
simda,ganyzuz.com
simda,lykymij.com
simda,vopydaf.com
simda,qebylyp.com
simda,pujymiq.com
simda,gatydab.com
simda,lyvylyx.com
simda,vojymuk.com
simda,qetysog.com
simda,puvylep.com
simda,gahynuw.com
simda,lyryson.com
simda,vocykec.com
simda,qegynul.com
simda,purypig.com
simda,gacykas.com
simda,lygynyr.com
simda,vowypim.com
simda,qexykav.com
simda,pufybyl.com
simda,gaqypuh.com
simda,lyxyjod.com
simda,vofybet.com
simda,qeqytuq.com
simda,puzyjov.com
simda,gadyvez.com
simda,lymytuj.com
simda,volyjif.com
simda,qedyvap.com
simda,pumytyq.com
simda,galyhib.com
simda,lysyvax.com
simda,vonyryk.com
simda,qekyhug.com
simda,pupycop.com
simda,ganyrew.com
simda,lykygun.com
simda,vopycoc.com
simda,qebyrel.com
simda,pujygug.com
simda,gatycis.com
simda,lyvywar.com
simda,vojygym.com
simda,qetyxiv.com
simda,puvywal.com
simda,gahyfyh.com
simda,lyryxud.com
simda,vocyqot.com
simda,qegyfeq.com
simda,puryxuv.com
simda,gacyqoz.com
simda,lygyfej.com
simda,vowyzuf.com
simda,qexyqip.com
simda,pufydaq.com
simda,gaqyzyb.com
simda,lyxymix.com
simda,vofydak.com
simda,qeqylyg.com
simda,puzymup.com
simda,gadydow.com
simda,lymylen.com
simda,volymuc.com
simda,qedysol.com
simda,pumyleg.com
simda,galynus.com
simda,lysysir.com
simda,vonykam.com
simda,qekynyv.com
simda,pupypil.com
simda,ganykah.com
simda,lykynyd.com
simda,vopyput.com
simda,qebykoq.com
simda,pujybev.com
simda,gatypuz.com
simda,lyvyjoj.com
simda,vojybef.com
simda,qetytup.com
simda,puvyjiq.com
simda,gahyvab.com
simda,lyrytyx.com
simda,vocyjik.com
simda,qegyvag.com
simda,purytyp.com
simda,gacyhuw.com
simda,lygyvon.com
simda,vowyrec.com
simda,qexyhul.com
simda,pufycog.com
simda,gaqyres.com
simda,lyxygur.com
simda,vofycim.com
simda,qeqyrav.com
simda,puzygyl.com
simda,gadycih.com
simda,lymywad.com
simda,volygyt.com
simda,qedyxuq.com
simda,pumywov.com
simda,galyfez.com
simda,lysyxuj.com
simda,vonyqof.com
simda,qekyfep.com
simda,pupyxuq.com
simda,ganyqib.com
simda,lykyfax.com
simda,vopyzyk.com
simda,qebyqig.com
simda,pujydap.com
simda,gatyzyw.com
simda,lyvymun.com
simda,vojydoc.com
simda,qetylel.com
simda,puvymug.com
simda,gahydos.com
simda,lyryler.com
simda,vocymum.com
simda,qegysiv.com
simda,purylal.com
simda,gacynyh.com
simda,lygysid.com
simda,vowykat.com
simda,qexynyq.com
simda,pufypuv.com
simda,gaqykoz.com
simda,lyxynej.com
simda,vofypuf.com
simda,qeqykop.com
simda,puzybeq.com
simda,gadypub.com
simda,lymyjix.com
simda,volybak.com
simda,qedytyg.com
simda,pumyjip.com
simda,galyvaw.com
simda,lysytyn.com
simda,vonyjuc.com
simda,qekyvol.com
simda,pupyteg.com
simda,ganyhus.com
simda,lykyvor.com
simda,vopyrem.com
simda,qebyhuv.com
simda,pujycil.com
simda,gatyrah.com
simda,lyvygyd.com
simda,vojycit.com
simda,qetyraq.com
simda,puvygyv.com
simda,gahycuz.com
simda,lyrywoj.com
simda,vocygef.com
simda,qegyxup.com
simda,purywoq.com
simda,gacyfeb.com
simda,lygyxux.com
simda,vowyqik.com
simda,qexyfag.com
simda,pufyxyp.com
simda,gaqyqiw.com
simda,lyxyfan.com
simda,vofyzyc.com
simda,qeqyqul.com
simda,puzydog.com
sisron,mtmwotiwmjya.com
sisron,mtiwotiwmjya.com
sisron,mtewotiwmjya.com
sisron,mtawotiwmjya.com
sisron,mdkwotiwmjya.com
sisron,mdgwotiwmjya.com
sisron,mdcwotiwmjya.com
sisron,mdywotiwmjya.com
sisron,mduwotiwmjya.com
sisron,mdqwotiwmjya.com
sisron,mtmwotiwmjya.org
sisron,mtiwotiwmjya.org
sisron,mtewotiwmjya.org
sisron,mtawotiwmjya.org
sisron,mdkwotiwmjya.org
sisron,mdgwotiwmjya.org
sisron,mdcwotiwmjya.org
sisron,mdywotiwmjya.org
sisron,mduwotiwmjya.org
sisron,mdqwotiwmjya.org
sisron,mtmwotiwmjya.net
sisron,mtiwotiwmjya.net
sisron,mtewotiwmjya.net
sisron,mtawotiwmjya.net
sisron,mdkwotiwmjya.net
sisron,mdgwotiwmjya.net
sisron,mdcwotiwmjya.net
sisron,mdywotiwmjya.net
sisron,mduwotiwmjya.net
sisron,mdqwotiwmjya.net
sisron,mtmwotiwmjya.info
sisron,mtiwotiwmjya.info
sisron,mtewotiwmjya.info
sisron,mtawotiwmjya.info
sisron,mdkwotiwmjya.info
sisron,mdgwotiwmjya.info
sisron,mdcwotiwmjya.info
sisron,mdywotiwmjya.info
sisron,mduwotiwmjya.info
sisron,mdqwotiwmjya.info
sisron,mtuwmtiwmjqa.com
sisron,mtqwmtiwmjqa.com
sisron,mtmwmtiwmjqa.com
sisron,mtiwmtiwmjqa.com
sisron,mtewmtiwmjqa.com
sisron,mtawmtiwmjqa.com
sisron,mdkwmtiwmjqa.com
sisron,mdgwmtiwmjqa.com
sisron,mdcwmtiwmjqa.com
sisron,mdywmtiwmjqa.com
sisron,mtuwmtiwmjqa.org
sisron,mtqwmtiwmjqa.org
sisron,mtmwmtiwmjqa.org
sisron,mtiwmtiwmjqa.org
sisron,mtewmtiwmjqa.org
sisron,mtawmtiwmjqa.org
sisron,mdkwmtiwmjqa.org
sisron,mdgwmtiwmjqa.org
sisron,mdcwmtiwmjqa.org
sisron,mdywmtiwmjqa.org
sisron,mtuwmtiwmjqa.net
sisron,mtqwmtiwmjqa.net
sisron,mtmwmtiwmjqa.net
sisron,mtiwmtiwmjqa.net
sisron,mtewmtiwmjqa.net
sisron,mtawmtiwmjqa.net
sisron,mdkwmtiwmjqa.net
sisron,mdgwmtiwmjqa.net
sisron,mdcwmtiwmjqa.net
sisron,mdywmtiwmjqa.net
sisron,mtuwmtiwmjqa.info
sisron,mtqwmtiwmjqa.info
sisron,mtmwmtiwmjqa.info
sisron,mtiwmtiwmjqa.info
sisron,mtewmtiwmjqa.info
sisron,mtawmtiwmjqa.info
sisron,mdkwmtiwmjqa.info
sisron,mdgwmtiwmjqa.info
sisron,mdcwmtiwmjqa.info
sisron,mdywmtiwmjqa.info
sisron,mdewnjiwmjua.com
sisron,mzewntiwmjua.com
sisron,mzawntiwmjua.com
sisron,mjkwntiwmjua.com
sisron,mjgwntiwmjua.com
sisron,mjcwntiwmjua.com
sisron,mjywntiwmjua.com
sisron,mjuwntiwmjua.com
sisron,mjqwntiwmjua.com
sisron,mjmwntiwmjua.com
sisron,mdewnjiwmjua.org
sisron,mzewntiwmjua.org
sisron,mzawntiwmjua.org
sisron,mjkwntiwmjua.org
sisron,mjgwntiwmjua.org
sisron,mjcwntiwmjua.org
sisron,mjywntiwmjua.org
sisron,mjuwntiwmjua.org
sisron,mjqwntiwmjua.org
sisron,mjmwntiwmjua.org
sisron,mdewnjiwmjua.net
sisron,mzewntiwmjua.net
sisron,mzawntiwmjua.net
sisron,mjkwntiwmjua.net
sisron,mjgwntiwmjua.net
sisron,mjcwntiwmjua.net
sisron,mjywntiwmjua.net
sisron,mjuwntiwmjua.net
sisron,mjqwntiwmjua.net
sisron,mjmwntiwmjua.net
sisron,mdewnjiwmjua.info
sisron,mzewntiwmjua.info
sisron,mzawntiwmjua.info
sisron,mjkwntiwmjua.info
sisron,mjgwntiwmjua.info
sisron,mjcwntiwmjua.info
sisron,mjywntiwmjua.info
sisron,mjuwntiwmjua.info
sisron,mjqwntiwmjua.info
sisron,mjmwntiwmjua.info
sisron,mtawmziwmjya.com
sisron,mdkwmziwmjya.com
sisron,mdgwmziwmjya.com
sisron,mdcwmziwmjya.com
sisron,mdywmziwmjya.com
sisron,mduwmziwmjya.com
sisron,mdqwmziwmjya.com
sisron,mdmwmziwmjya.com
sisron,mdiwmziwmjya.com
sisron,mdewmziwmjya.com
sisron,mtawmziwmjya.org
sisron,mdkwmziwmjya.org
sisron,mdgwmziwmjya.org
sisron,mdcwmziwmjya.org
sisron,mdywmziwmjya.org
sisron,mduwmziwmjya.org
sisron,mdqwmziwmjya.org
sisron,mdmwmziwmjya.org
sisron,mdiwmziwmjya.org
sisron,mdewmziwmjya.org
sisron,mtawmziwmjya.net
sisron,mdkwmziwmjya.net
sisron,mdgwmziwmjya.net
sisron,mdcwmziwmjya.net
sisron,mdywmziwmjya.net
sisron,mduwmziwmjya.net
sisron,mdqwmziwmjya.net
sisron,mdmwmziwmjya.net
sisron,mdiwmziwmjya.net
sisron,mdewmziwmjya.net
sisron,mtawmziwmjya.info
sisron,mdkwmziwmjya.info
sisron,mdgwmziwmjya.info
sisron,mdcwmziwmjya.info
sisron,mdywmziwmjya.info
sisron,mduwmziwmjya.info
sisron,mdqwmziwmjya.info
sisron,mdmwmziwmjya.info
sisron,mdiwmziwmjya.info
sisron,mdewmziwmjya.info
symmi,beudpusaupipe.ddns.net
symmi,osumkeog.ddns.net
symmi,neokibbei.ddns.net
symmi,masoowxeo.ddns.net
symmi,foarniecudu.ddns.net
symmi,xokaaxim.ddns.net
symmi,epelduliehma.ddns.net
symmi,raokenxoomusq.ddns.net
symmi,xekecouqoges.ddns.net
symmi,coipogatbihue.ddns.net
symmi,uddamesuqeow.ddns.net
symmi,tosauxekbo.ddns.net
symmi,loowqaoqis.ddns.net
symmi,umuspabausa.ddns.net
symmi,weecehnuus.ddns.net
symmi,veaxidewulkuukb.ddns.net
symmi,qahemeicdailr.ddns.net
symmi,vuahabivobebimc.ddns.net
symmi,neseatfedeen.ddns.net
symmi,esvaaqiflumegi.ddns.net
symmi,oflopivucageumc.ddns.net
symmi,xawuekxeharouft.ddns.net
symmi,ovaqqiigq.ddns.net
symmi,odigseecxu.ddns.net
symmi,visienircepo.ddns.net
symmi,etrautqaseweo.ddns.net
symmi,tunogonousw.ddns.net
symmi,foetawto.ddns.net
symmi,miopgoomesbocu.ddns.net
symmi,qeekilubufen.ddns.net
symmi,liqagequq.ddns.net
symmi,oqidkawodaonic.ddns.net
symmi,haawvisaa.ddns.net
symmi,takotutuitumra.ddns.net
symmi,ahvuonafedtuc.ddns.net
symmi,noofmiodpiuvsos.ddns.net
symmi,laqaresapulo.ddns.net
symmi,nuovfelatuvou.ddns.net
symmi,isawwovadiipgow.ddns.net
symmi,velauxgeofeli.ddns.net
symmi,aqkobiredu.ddns.net
symmi,unucpuosn.ddns.net
symmi,ighiotwe.ddns.net
symmi,totebaofwek.ddns.net
symmi,bexeehbok.ddns.net
symmi,waifikibehepu.ddns.net
symmi,aqegeqnoowex.ddns.net
symmi,haehbehipoorhu.ddns.net
symmi,qaiwpaunkenuod.ddns.net
symmi,cekaseegimnix.ddns.net
symmi,omhulaesleegxa.ddns.net
symmi,veubarucgoi.ddns.net
symmi,tiehuclubiahq.ddns.net
symmi,noboosmo.ddns.net
symmi,woodhovuitfaa.ddns.net
symmi,heedupla.ddns.net
symmi,orihxeoq.ddns.net
symmi,iwbuavkigigou.ddns.net
symmi,axmomeafdu.ddns.net
symmi,xeonseipcopa.ddns.net
symmi,aterguucbiuhi.ddns.net
symmi,huhoixna.ddns.net
symmi,eposuhdiwataus.ddns.net
symmi,iwesilfiowhaino.ddns.net
symmi,iwqerenaf.ddns.net
symmi,admupiuwabugu.ddns.net
symmi,kaalidwiagiqla.ddns.net
symmi,lipeqeiliver.ddns.net
symmi,keihehwiibenmo.ddns.net
symmi,huegecqufawi.ddns.net
symmi,ewakemnevuidet.ddns.net
symmi,untioxiqci.ddns.net
symmi,ibhogokeemaced.ddns.net
symmi,fubatixiva.ddns.net
symmi,ewotunhidor.ddns.net
symmi,kufuucuwutmik.ddns.net
symmi,unilulfe.ddns.net
symmi,esohkumupiuwu.ddns.net
symmi,nuwaqealnu.ddns.net
symmi,oqigaxokex.ddns.net
symmi,nuhaucetetqos.ddns.net
symmi,aruttiewfai.ddns.net
symmi,xeemekogt.ddns.net
symmi,nuikufosreu.ddns.net
symmi,umvowuipirp.ddns.net
symmi,toliowegdaev.ddns.net
symmi,siwupameakvimun.ddns.net
symmi,utreimocw.ddns.net
symmi,utobpoow.ddns.net
symmi,neolewuq.ddns.net
symmi,avednoefmeadifk.ddns.net
symmi,woewmuudol.ddns.net
symmi,faqinosexorui.ddns.net
symmi,gidievupqikeiw.ddns.net
symmi,iloslibiu.ddns.net
symmi,amtewiigu.ddns.net
symmi,owleuwkeqaoh.ddns.net
symmi,utabegbubelee.ddns.net
symmi,uwseepiwpus.ddns.net
symmi,wucuaslife.ddns.net
symmi,osihsahaow.ddns.net
symmi,faiwkiabmuaho.ddns.net
symmi,alvuidsi.ddns.net
symmi,bupuivxaba.ddns.net
symmi,puughariogsalea.ddns.net
symmi,obwiupfoerto.ddns.net
symmi,wifelodureq.ddns.net
symmi,aqquivokbuuv.ddns.net
symmi,vacuefxegafu.ddns.net
symmi,qeocevuscae.ddns.net
symmi,atfiutavpebon.ddns.net
symmi,ewirgoma.ddns.net
symmi,quicdaxa.ddns.net
symmi,saarhiawhivaapi.ddns.net
symmi,teimfeokexkuhee.ddns.net
symmi,pevoomub.ddns.net
symmi,ceogipahcorema.ddns.net
symmi,ahigewrepaduh.ddns.net
symmi,eqriiciwip.ddns.net
symmi,fuabsania.ddns.net
symmi,ceoletucixve.ddns.net
symmi,iqibofucgovose.ddns.net
symmi,weneipekiq.ddns.net
symmi,unkigikoitnouc.ddns.net
symmi,ehibulwutowi.ddns.net
symmi,hohaismimeubcai.ddns.net
symmi,ekihqaeqmeo.ddns.net
symmi,afxiutimu.ddns.net
symmi,ikriubboolu.ddns.net
symmi,godunuqehaer.ddns.net
symmi,caavuhacor.ddns.net
symmi,iwxaarcakafue.ddns.net
symmi,wabocierniivegm.ddns.net
symmi,osofebsewu.ddns.net
symmi,ivvaveheid.ddns.net
symmi,upgairaxo.ddns.net
symmi,ilnuecegmapub.ddns.net
symmi,onihakvaokmeofc.ddns.net
symmi,miceukif.ddns.net
symmi,igsaamroelomo.ddns.net
symmi,noepatekpuqibue.ddns.net
symmi,equmusleirebu.ddns.net
symmi,unuhuwuh.ddns.net
symmi,kilierablo.ddns.net
symmi,tuimlaudocrui.ddns.net
symmi,irafnoloupi.ddns.net
symmi,aviqotugpipaaxi.ddns.net
symmi,eqlaedxeekokob.ddns.net
symmi,taomicbixoowaml.ddns.net
symmi,peomukeq.ddns.net
symmi,danaqaboolhasii.ddns.net
symmi,boqoeqilin.ddns.net
symmi,benoweubqeqihai.ddns.net
symmi,evupliafx.ddns.net
symmi,pereepvoamanil.ddns.net
symmi,ehbetetuuge.ddns.net
symmi,alaqaxuxano.ddns.net
symmi,negahoaxec.ddns.net
symmi,ceohpiirmotoxux.ddns.net
symmi,latonaedfawiar.ddns.net
symmi,opmoapuluppit.ddns.net
symmi,inakafucduxoipd.ddns.net
symmi,iqhusiehupqiuma.ddns.net
symmi,qeisipetleib.ddns.net
symmi,sawivahootda.ddns.net
symmi,fuefwoum.ddns.net
symmi,emkoxibopo.ddns.net
symmi,oxvudeidxiife.ddns.net
symmi,peocnosoapd.ddns.net
symmi,exdaohlo.ddns.net
symmi,ettiopocqo.ddns.net
symmi,oppuaqmagilo.ddns.net
symmi,keatkiavk.ddns.net
symmi,owgugaehv.ddns.net
symmi,oxdoxeih.ddns.net
symmi,pafiepqivoomtod.ddns.net
symmi,ofcuiqavra.ddns.net
symmi,inpofibef.ddns.net
symmi,tiigikocatq.ddns.net
symmi,uraxxuhaaq.ddns.net
symmi,odvosiex.ddns.net
symmi,feurebqe.ddns.net
symmi,ibtaatla.ddns.net
symmi,apewanaguhfiidu.ddns.net
symmi,tipucalioms.ddns.net
symmi,hinedabo.ddns.net
symmi,ommaegervoifsu.ddns.net
symmi,mosuudalna.ddns.net
symmi,higamimeexcia.ddns.net
symmi,qaanavem.ddns.net
symmi,huhicobehehokun.ddns.net
symmi,fokeupfiun.ddns.net
symmi,paekfupoogvenuu.ddns.net
symmi,uroqdohaenohit.ddns.net
symmi,odorlipia.ddns.net
symmi,tovokovibicum.ddns.net
symmi,cuuklaqum.ddns.net
symmi,ihawlienahni.ddns.net
symmi,fuatonilu.ddns.net
symmi,idmetouqipqi.ddns.net
symmi,ehipahoxidofvu.ddns.net
symmi,ukseocal.ddns.net
symmi,xigavanoek.ddns.net
symmi,akugdaesoxat.ddns.net
symmi,voutpiiqaqoswou.ddns.net
symmi,nohoqebiagimes.ddns.net
symmi,arafodalixpopu.ddns.net
symmi,naomgeidtoupi.ddns.net
symmi,woabwovuliug.ddns.net
symmi,ohniefuricmac.ddns.net
symmi,hiewhiule.ddns.net
symmi,paapiqum.ddns.net
symmi,noduwuastahovo.ddns.net
symmi,isnogueddao.ddns.net
symmi,afdiexutruomro.ddns.net
symmi,afdopuupqougurb.ddns.net
symmi,miisumluduidg.ddns.net
symmi,aciwleseqeavi.ddns.net
symmi,utenniuqmo.ddns.net
symmi,rimubaumx.ddns.net
symmi,duifvomug.ddns.net
symmi,axgamera.ddns.net
symmi,touswaabowamf.ddns.net
symmi,hequcowa.ddns.net
symmi,daomonhaigfoh.ddns.net
symmi,rigaxamoix.ddns.net
symmi,veoqinuci.ddns.net
symmi,qubumanaonakc.ddns.net
symmi,ognoemegesoqo.ddns.net
symmi,atqiimosuresb.ddns.net
symmi,ovokvaewgeec.ddns.net
symmi,opxuodmacuxul.ddns.net
symmi,ruipiqanemroecf.ddns.net
symmi,inkabaal.ddns.net
symmi,iqifritoted.ddns.net
symmi,meevisuch.ddns.net
symmi,teuxmaadiqoblo.ddns.net
symmi,atguedeksediakg.ddns.net
symmi,laahomuf.ddns.net
symmi,awidibnikie.ddns.net
symmi,ignuhiwoxepi.ddns.net
symmi,atpewaxokua.ddns.net
symmi,fumiokre.ddns.net
symmi,nauqxevisaxo.ddns.net
symmi,imdoigoka.ddns.net
symmi,fioxdusi.ddns.net
symmi,bedoedkofootxau.ddns.net
symmi,qiadpoeqi.ddns.net
symmi,akuxpupoadpail.ddns.net
symmi,itadrugiug.ddns.net
symmi,citeekarihca.ddns.net
symmi,ehissuofapihun.ddns.net
symmi,adnuiswi.ddns.net
symmi,alxamioghaoteb.ddns.net
symmi,neukfuri.ddns.net
symmi,akqewegasak.ddns.net
tempedreve,wfcrurw.com
tempedreve,gpcqofi.info
tempedreve,uxevkrc.org
tempedreve,yvsixcs.net
tempedreve,ihepmvo.com
tempedreve,iksahyf.info
tempedreve,mzgdork.org
tempedreve,wfhznqu.net
tempedreve,ahqfwtg.com
tempedreve,ogtlpvq.info
tempedreve,ajahwbg.org
tempedreve,sgldczb.net
tempedreve,idalwxe.com
tempedreve,sbmplpr.info
tempedreve,wlwlyfq.org
tempedreve,uptxlcv.net
tempedreve,yjcngfm.com
tempedreve,rzbkjqr.info
tempedreve,yhihwxc.org
tempedreve,ntvdwcj.net
tempedreve,qbkhapw.com
tempedreve,gqftxaf.info
tempedreve,obqxexm.org
tempedreve,csurcfg.net
tempedreve,irwnuri.com
tempedreve,gcbugms.info
tempedreve,cjersjo.org
tempedreve,dtpudfb.net
tempedreve,evkjgro.com
tempedreve,neminfb.info
tempedreve,chudqnu.org
tempedreve,ojzkoth.net
tempedreve,afwjebg.com
tempedreve,pzphkjs.info
tempedreve,ibgpchw.org
tempedreve,wvkxaxt.net
tempedreve,qxsfezw.com
tempedreve,preteag.info
tempedreve,svcbmfw.org
tempedreve,hmwierw.net
tempedreve,arcbsfk.com
tempedreve,gcalavg.info
tempedreve,wrcpufe.org
tempedreve,oepgfbd.net
tempedreve,qjedwdg.com
tempedreve,ksnsnrg.info
tempedreve,klyhwfm.org
tempedreve,jvcthpn.net
tempedreve,wnebgle.com
tempedreve,wrcrdha.info
tempedreve,cbqdmpg.org
tempedreve,iknxaub.net
tempedreve,chcribo.com
tempedreve,agmfmfn.info
tempedreve,ufadexi.org
tempedreve,qgldxgs.net
tempedreve,mbmfaxw.com
tempedreve,hpyaupy.info
tempedreve,wbcfslw.org
tempedreve,diopekw.net
tempedreve,yvolsdg.com
tempedreve,figsyrh.info
tempedreve,ijklsvg.org
tempedreve,hmaxlsp.net
tempedreve,wzijgte.com
tempedreve,pzugcmf.info
tempedreve,snyfgfe.org
tempedreve,gunxcrd.net
tempedreve,erkbafs.com
tempedreve,joynwsd.info
tempedreve,angvmhs.org
tempedreve,rzmojcl.net
tempedreve,wzyhgfa.com
tempedreve,gnpmykr.info
tempedreve,yzalcjg.org
tempedreve,wewkykw.net
tempedreve,qxkxejy.com
tempedreve,fqhdlag.info
tempedreve,azsjwdu.org
tempedreve,dkytzhp.net
tempedreve,wtstkxy.com
tempedreve,wzjtfeg.info
tempedreve,cfkpohc.org
tempedreve,cfzvegd.net
tempedreve,irurcnu.com
tempedreve,mxrbhsw.info
tempedreve,cvifyxg.org
tempedreve,djaqivs.net
tempedreve,qlyfqls.com
tempedreve,fgodbyv.info
tempedreve,ktsdkty.org
tempedreve,wanbuhd.net
tempedreve,ohqzolw.com
tempedreve,mubeyok.info
tempedreve,mbmnmba.org
tempedreve,yodxqgu.net
tempedreve,utyvufg.com
tempedreve,qbfmlml.info
tempedreve,cxcdsra.org
tempedreve,reqabkr.net
tempedreve,mlgpktq.com
tempedreve,cndqluf.info
tempedreve,mrgngjg.org
tempedreve,yknjber.net
tempedreve,anmfkbc.com
tempedreve,dzlxefp.info
tempedreve,klwzwre.org
tempedreve,thfhucu.net
tempedreve,whipsra.com
tempedreve,uvgoydi.info
tempedreve,ujcrcrq.org
tempedreve,hzmznqj.net
tempedreve,qnwdoho.com
tempedreve,iterclo.info
tempedreve,qxudyra.org
tempedreve,datafvl.net
tempedreve,wdcxqnw.com
tempedreve,awatcvc.info
tempedreve,qnilixs.org
tempedreve,gbybfbu.net
tempedreve,gtavufc.com
tempedreve,jrjyqrh.info
tempedreve,gxobyhy.org
tempedreve,beqhlvg.net
tempedreve,qtmvyxs.com
tempedreve,nodfjox.info
tempedreve,izwvctm.org
tempedreve,wtxakpk.net
tempedreve,azgheho.com
tempedreve,fhigcps.info
tempedreve,axujmpk.org
tempedreve,paewdfe.net
tempedreve,wvepoho.com
tempedreve,bsawhfb.info
tempedreve,yvizafw.org
tempedreve,qhzsaft.net
tempedreve,ulubwdg.com
tempedreve,gxfjmem.info
tempedreve,elalofm.org
tempedreve,qsmpekr.net
tempedreve,grgvktg.com
tempedreve,knqbxbf.info
tempedreve,kvovana.org
tempedreve,bqcawpy.net
tempedreve,cboxeri.com
tempedreve,uqifcxs.info
tempedreve,mbsbufg.org
tempedreve,yzjclxl.net
tempedreve,ujihgvy.com
tempedreve,qpgzuoa.info
tempedreve,wngnanw.org
tempedreve,bmtrtdc.net
tempedreve,sjydaja.com
tempedreve,nuhrnjk.info
tempedreve,kpcjarg.org
tempedreve,ykcuyqg.net
tempedreve,chgzyhu.com
tempedreve,hzalhjh.info
tempedreve,ehglopg.org
tempedreve,qjqfqfo.net
tempedreve,ylgjwhi.com
tempedreve,cxsmcty.info
tempedreve,glqtede.org
tempedreve,cqctkef.net
tempedreve,wtujify.com
tempedreve,fqjxcrw.info
tempedreve,unotaxy.org
tempedreve,gwiziri.net
tempedreve,itobmrg.com
tempedreve,suvumqf.info
tempedreve,stezcnw.org
tempedreve,mhkaktd.net
tempedreve,kvcngng.com
tempedreve,ydldevj.info
tempedreve,qngpwtq.org
tempedreve,cnhmhkw.net
tempedreve,sxqfgzu.com
tempedreve,daeasms.info
tempedreve,wlixejc.org
tempedreve,dvczjqb.net
tempedreve,ohilcpy.com
tempedreve,uninpag.info
tempedreve,qzqpwbw.org
tempedreve,geodoew.net
tempedreve,evidaru.com
tempedreve,ofrfqfr.info
tempedreve,edwjitq.org
tempedreve,upbzyph.net
tempedreve,sbkxavm.com
tempedreve,wqkelqr.info
tempedreve,wbopers.org
tempedreve,qpcohjq.net
tempedreve,inedors.com
tempedreve,xjhmoyf.info
tempedreve,ktubiru.org
tempedreve,hciqbak.net
tempedreve,mhyrefw.com
tempedreve,gjnpcyw.info
tempedreve,upixktu.org
tempedreve,nrmdzkg.net
tempedreve,mzovife.com
tempedreve,ktkqezp.info
tempedreve,czojmfu.org
tempedreve,hdgbebw.net
tempedreve,qnanodg.com
tempedreve,oxouiyn.info
tempedreve,spcdqry.org
tempedreve,wymdncv.net
tempedreve,ixuxkni.com
tempedreve,zbqnvdk.info
tempedreve,kzolitg.org
tempedreve,tmrwbfa.net
tempedreve,ahuhedu.com
tempedreve,ilfvcog.info
tempedreve,ixgpuxe.org
tempedreve,jpdxhaj.net
tempedreve,sxyxsxm.com
tempedreve,mvdxbie.info
tempedreve,ubynubg.org
tempedreve,tnhdvaw.net
tempedreve,cbedcbi.com
tempedreve,qvrtpxr.info
tempedreve,obalohw.org
tempedreve,hgupyka.net
tempedreve,crczcvu.com
tempedreve,bvoygzi.info
tempedreve,gdyfsjm.org
tempedreve,mdvefjb.net
tempedreve,cfwlwdi.com
tempedreve,pjadecb.info
tempedreve,izudwrg.org
tempedreve,flcdayb.net
tempedreve,ibqlqfi.com
tempedreve,qxwhjug.info
tempedreve,abcnyns.org
tempedreve,fkmkecg.net
tempedreve,szqlqvo.com
tempedreve,jklhpdc.info
tempedreve,ipavcju.org
tempedreve,wakamfk.net
tempedreve,srcvcxg.com
tempedreve,uvsadfh.info
tempedreve,qniduxc.org
tempedreve,grgrmzt.net
tempedreve,mrivadg.com
tempedreve,vtcpwtg.info
tempedreve,yjipmdc.org
tempedreve,smsrare.net
tempedreve,qxgjmfg.com
tempedreve,uzyojzu.info
tempedreve,mnwjahc.org
tempedreve,efvjmfs.net
tempedreve,mrojgfk.com
tempedreve,sabiphn.info
tempedreve,ohwdqfg.org
tempedreve,jaslokf.net
tempedreve,onebsro.com
tempedreve,rhgbeul.info
tempedreve,ylkxeni.org
tempedreve,yjlvnaq.net
tempedreve,abyrkvc.com
tempedreve,nhyfmjw.info
tempedreve,erwjcva.org
tempedreve,dpclefb.net
tempedreve,ybkdajs.com
tempedreve,swofnfb.info
tempedreve,krkjqvk.org
tempedreve,nxephmq.net
tempedreve,gvwxkdq.com
tempedreve,axdchty.info
tempedreve,adadyzi.org
tempedreve,gblaitd.net
tempedreve,yjelufk.com
tempedreve,ojuhwqo.info
tempedreve,gnanoru.org
tempedreve,livozmk.net
tempedreve,ydsxkdg.com
tempedreve,noqedzq.info
tempedreve,sfexgxy.org
tempedreve,uiktwzr.net
tempedreve,ubqnabg.com
tempedreve,kwycktj.info
tempedreve,idypuda.org
tempedreve,nlminup.net
tempedreve,mtcpojs.com
tempedreve,wcoxwsg.info
tempedreve,ursfevi.org
tempedreve,dnjydrb.net
tempedreve,spatorq.com
tempedreve,ctcdcfb.info
tempedreve,ydopqvy.org
tempedreve,kheqsqj.net
tempedreve,wncrehg.com
tempedreve,jdzgzto.info
tempedreve,ctajszw.org
tempedreve,ozadfxa.net
tempedreve,qzkletw.com
tempedreve,nlhehay.info
tempedreve,ofsnqhq.org
tempedreve,fbeujms.net
tempedreve,wpcbsle.com
tempedreve,ipyjyks.info
tempedreve,aludefk.org
tempedreve,jkueczc.net
tempedreve,yxmzcfm.com
tempedreve,jngngty.info
tempedreve,ktazybm.org
tempedreve,xdyvkcx.net
tempedreve,wrwnkfk.com
tempedreve,sucoloj.info
tempedreve,udcjinw.org
tempedreve,hywporl.net
tempedreve,ctcxkds.com
tempedreve,iufdouo.info
tempedreve,wzynetw.org
tempedreve,myjklyv.net
tempedreve,edqpwxc.com
tempedreve,uleihsa.info
tempedreve,kvcbifi.org
tempedreve,qtdzepi.net
tempedreve,kpqjaxs.com
tempedreve,mscprwf.info
tempedreve,olwhuhw.org
tempedreve,bwuylgl.net
tempedreve,uvkdatu.com
tempedreve,sfrjuag.info
tempedreve,mxirkvu.org
tempedreve,gbqajcl.net
tempedreve,gfixulu.com
tempedreve,ylpthaw.info
tempedreve,enklmti.org
tempedreve,khkxbxk.net
tempedreve,wjobclm.com
tempedreve,cghlpqp.info
tempedreve,evkjmri.org
tempedreve,jkfdyug.net
tempedreve,wjcjilq.com
tempedreve,wkivnmu.info
tempedreve,qpczgfg.org
tempedreve,qxptylg.net
tempedreve,gtwxaxi.com
tempedreve,udawjin.info
tempedreve,crabitu.org
tempedreve,wjrvxfx.net
tempedreve,kjupajg.com
tempedreve,jhycrbf.info
tempedreve,cnkzcnq.org
tempedreve,hfdqbvt.net
tempedreve,uparuvu.com
tempedreve,pisvfms.info
tempedreve,glgrgbw.org
tempedreve,yvmxzdw.net
tempedreve,uxmnubc.com
tempedreve,mvutntn.info
tempedreve,inirido.org
tempedreve,hpbiezd.net
tempedreve,atmzufi.com
tempedreve,fpjzxro.info
tempedreve,cpgdgng.org
tempedreve,iexdkhl.net
tempedreve,qjgpenk.com
tempedreve,lrmkypx.info
tempedreve,adcncbg.org
tempedreve,sgpvnbn.net
tempedreve,yjqdetg.com
tempedreve,tiwpdbt.info
tempedreve,qrazadg.org
tempedreve,fwyzpeo.net
tempedreve,etmxcpc.com
tempedreve,sritbfy.info
tempedreve,ebarqfs.org
tempedreve,fmijhjg.net
tempedreve,ctmduxa.com
tempedreve,uxursds.info
tempedreve,ozsfadc.org
tempedreve,zmhtomf.net
tempedreve,obytezy.com
tempedreve,hvhzgva.info
tempedreve,wbixcnc.org
tempedreve,uxkihtb.net
tempedreve,shmbkng.com
tempedreve,nkdlmsu.info
tempedreve,qhojcbq.org
tempedreve,fsudvkv.net
tempedreve,qvgfcfk.com
tempedreve,cewaomw.info
tempedreve,epqbots.org
tempedreve,fgsebai.net
tempedreve,mrevcnc.com
tempedreve,ghqobkg.info
tempedreve,mnajqdy.org
tempedreve,txsbcjh.net
tempedreve,ufcpijw.com
tempedreve,nocjevt.info
tempedreve,abohyzi.org
tempedreve,mpuzdfw.net
tempedreve,gxgpchk.com
tempedreve,ugipmfk.info
tempedreve,uvaxohw.org
tempedreve,nsrcefa.net
tempedreve,uzanitq.com
tempedreve,anmkler.info
tempedreve,stupalg.org
tempedreve,yiuholu.net
tempedreve,upezcna.com
tempedreve,slqkfpw.info
tempedreve,upwlolu.org
tempedreve,hzyprvg.net
tempedreve,elkxslu.com
tempedreve,mtyoqve.info
tempedreve,kdoradu.org
tempedreve,eflwerg.net
tempedreve,alefcbg.com
tempedreve,pxtwpgl.info
tempedreve,wtyxsdo.org
tempedreve,dvdadax.net
tempedreve,odwfqpg.com
tempedreve,baedboq.info
tempedreve,mzsvyrc.org
tempedreve,jxjnjhl.net
tempedreve,wxihery.com
tempedreve,mzoxwns.info
tempedreve,ujcrafy.org
tempedreve,pflzlmp.net
tempedreve,elcjgvu.com
tempedreve,muyivtj.info
tempedreve,mpgzajq.org
tempedreve,nigsehu.net
tempedreve,cfkxuxq.com
tempedreve,ithlygd.info
tempedreve,wbgfudg.org
tempedreve,ephghzw.net
tempedreve,czureni.com
tempedreve,nsmserg.info
tempedreve,kdmvoxi.org
tempedreve,nzlrhcd.net
tempedreve,ohcpafu.com
tempedreve,osqtytw.info
tempedreve,knkxcbg.org
tempedreve,ihmkmhy.net
tempedreve,czsrmlc.com
tempedreve,joexaoe.info
tempedreve,grqboha.org
tempedreve,joretag.net
tempedreve,opgrefw.com
tempedreve,fxibacg.info
tempedreve,srcxmxo.org
tempedreve,ltpwxml.net
tempedreve,ixchglm.com
tempedreve,ogubcid.info
tempedreve,wzsrebu.org
tempedreve,hicjzft.net
tempedreve,izwdulk.com
tempedreve,oshzpem.info
tempedreve,crmdkpq.org
tempedreve,yzhvjcp.net
tempedreve,gjydofs.com
tempedreve,wywrqtf.info
tempedreve,ozqnwxu.org
tempedreve,erjknkj.net
tempedreve,ezcrwfy.com
tempedreve,ygykcto.info
tempedreve,wzaryfo.org
tempedreve,gnhcyud.net
tempedreve,whshmjw.com
tempedreve,hbnkyta.info
tempedreve,urapoxe.org
tempedreve,uxtjqpf.net
tempedreve,ejyjixy.com
tempedreve,jomctqi.info
tempedreve,qvadkvw.org
tempedreve,derxbos.net
tempedreve,udyrydq.com
tempedreve,bhrmztk.info
tempedreve,qxyvqbg.org
tempedreve,ypcblfg.net
tempedreve,enabevw.com
tempedreve,ormjaep.info
tempedreve,ofadory.org
tempedreve,libztef.net
tempedreve,qnqzqdu.com
tempedreve,hyjvwvh.info
tempedreve,ingpifm.org
tempedreve,qkbrmwi.net
tempedreve,ydynkbg.com
tempedreve,sqjknhw.info
tempedreve,kfcnutc.org
tempedreve,jcwmfqh.net
tempedreve,ctmjmho.com
tempedreve,fxmrqvp.info
tempedreve,wxcjmjq.org
tempedreve,fiqoykd.net
tempedreve,iruvyne.com
tempedreve,qshyadg.info
tempedreve,ytmzcpq.org
tempedreve,atgtkug.net
tempedreve,cjyrytu.com
tempedreve,qimhewk.info
tempedreve,mxunapm.org
tempedreve,kzgzwfn.net
tempedreve,abkdexq.com
tempedreve,cvqxhve.info
tempedreve,atchgxy.org
tempedreve,ugutjgf.net
tempedreve,obczcdc.com
tempedreve,rtoisnr.info
tempedreve,gzyrepi.org
tempedreve,alyicpb.net
tempedreve,ydibcns.com
tempedreve,fuhnwpw.info
tempedreve,mhkvepg.org
tempedreve,doamtng.net
tempedreve,izqlelg.com
tempedreve,cvbxiub.info
tempedreve,uxcdgrg.org
tempedreve,isegfud.net
tempedreve,ypsfedw.com
tempedreve,hzdlobf.info
tempedreve,sbazefy.org
tempedreve,uljedbd.net
tempedreve,cpmtkjg.com
tempedreve,rtdqbqn.info
tempedreve,mhmfklm.org
tempedreve,fcbrewa.net
tempedreve,kbmdqxq.com
tempedreve,svlhxqo.info
tempedreve,mnmnyhu.org
tempedreve,csbzufj.net
tempedreve,ydobstq.com
tempedreve,qbfawcw.info
tempedreve,ktotsla.org
tempedreve,mctayvz.net
tempedreve,gbwzmnk.com
tempedreve,vmlqkec.info
tempedreve,ulylele.org
tempedreve,yjpmlrh.net
tempedreve,shwnahi.com
tempedreve,cxyqydi.info
tempedreve,ohcbqtg.org
tempedreve,dtaldxd.net
tempedreve,uhotalo.com
tempedreve,oyjxoev.info
tempedreve,yngfsdq.org
tempedreve,cieucuf.net
tempedreve,cvyjapa.com
tempedreve,izinide.info
tempedreve,ktczive.org
tempedreve,cwtdcub.net
tempedreve,axsvmny.com
tempedreve,eahdhoh.info
tempedreve,ezulovy.org
tempedreve,ceixblz.net
tempedreve,ibwxsvk.com
tempedreve,xsvsvzd.info
tempedreve,kpqvwnw.org
tempedreve,kzejvtr.net
tempedreve,gvirurg.com
tempedreve,canaqdt.info
tempedreve,idglcna.org
tempedreve,dbvohzh.net
tempedreve,efovwlm.com
tempedreve,bududpg.info
tempedreve,wnkjqzu.org
tempedreve,zblnwfz.net
tempedreve,mzmhgfg.com
tempedreve,uztzkzy.info
tempedreve,onmtsfy.org
tempedreve,gecsjec.net
tempedreve,gvgjezi.com
tempedreve,czdwsys.info
tempedreve,qzytafg.org
tempedreve,aebolzh.net
tempedreve,yhkdsfm.com
tempedreve,zrfayet.info
tempedreve,svczgzg.org
tempedreve,ovmianq.net
tempedreve,obmdexk.com
tempedreve,gtmrwke.info
tempedreve,qzcpifw.org
tempedreve,giwvtpt.net
tempedreve,sbihwds.com
tempedreve,bpcekfl.info
tempedreve,mjelkfq.org
tempedreve,kceduyf.net
tempedreve,ehqhmxm.com
tempedreve,yrqkdpe.info
tempedreve,wtmledy.org
tempedreve,kfkvxvc.net
tempedreve,wlglqvi.com
tempedreve,prjxdzd.info
tempedreve,qdcbsta.org
tempedreve,qnqgyub.net
tempedreve,qlyliho.com
tempedreve,woufzpi.info
tempedreve,qlihufu.org
tempedreve,dnjauwv.net
tempedreve,sfefcfe.com
tempedreve,dvzstxd.info
tempedreve,ypatupw.org
tempedreve,exfclsq.net
tempedreve,ejmjwpq.com
tempedreve,fbhxsua.info
tempedreve,ufqhqja.org
tempedreve,ijydmfc.net
tempedreve,czgrche.com
tempedreve,ckhiufh.info
tempedreve,ivifibg.org
tempedreve,wqirfzy.net
tempedreve,obipode.com
tempedreve,nrjaekx.info
tempedreve,ebefezg.org
tempedreve,yokxgtu.net
tempedreve,orizonu.com
tempedreve,qmacigj.info
tempedreve,slobods.org
tempedreve,vnuolmg.net
tempedreve,efajkhq.com
tempedreve,wkchlgs.info
tempedreve,cvolola.org
tempedreve,jpnpqag.net
tempedreve,ihcdofk.com
tempedreve,fcsxwrf.info
tempedreve,cxwbgvm.org
tempedreve,umrmdgr.net
tempedreve,ypqxufg.com
tempedreve,jevcbuk.info
tempedreve,gncrwxq.org
tempedreve,dlqlwbj.net
tempedreve,srkbuty.com
tempedreve,crcpfrn.info
tempedreve,avqdczg.org
tempedreve,lisiqih.net
tempedreve,mxgnojg.com
tempedreve,uauztfk.info
tempedreve,gnyjwhu.org
tempedreve,fldrqlj.net
tempedreve,whajevy.com
tempedreve,ezqjycf.info
tempedreve,gpwfcng.org
tempedreve,lkyfngb.net
tempedreve,kdgbcbw.com
tempedreve,iflzocv.info
tempedreve,qnmbelg.org
tempedreve,bpuxvwm.net
tempedreve,ujixorm.com
tempedreve,tjficyb.info
tempedreve,cranolq.org
tempedreve,imdvbpz.net
tempedreve,cpotifk.com
tempedreve,dqvsust.info
tempedreve,itatqxa.org
tempedreve,vrfxpby.net
tempedreve,mvmtirs.com
tempedreve,wufsean.info
tempedreve,wxsxulg.org
tempedreve,dkhlctd.net
tempedreve,qnctgju.com
tempedreve,wjkuqgf.info
tempedreve,exkxurs.org
tempedreve,bogderg.net
tempedreve,ghwvkha.com
tempedreve,fswkvgd.info
tempedreve,elulclw.org
tempedreve,qxayvcw.net
tempedreve,udyxafe.com
tempedreve,xgylepf.info
tempedreve,wpqdepg.org
tempedreve,ygncnau.net
tempedreve,qdkpcrg.com
tempedreve,axnfaco.info
tempedreve,qxybidk.org
tempedreve,vmvxvxt.net
tempedreve,ypkvady.com
tempedreve,doucdke.info
tempedreve,oxctslg.org
tempedreve,qcqhqmx.net
tempedreve,ihojmtaj.com
tempedreve,yjkdzsku.info
tempedreve,qhsberix.org
tempedreve,wxfjfuom.net
tempedreve,kvyhuhmf.com
tempedreve,nyfaebvc.info
tempedreve,ulqpktgr.org
tempedreve,czvqvaga.net
tempedreve,qjofkbat.com
tempedreve,qulukemn.info
tempedreve,klkrsfkz.org
tempedreve,bqfnfegm.net
tempedreve,stwdgxcn.com
tempedreve,yhrhpnuh.info
tempedreve,orovyxab.org
tempedreve,ajumdjsh.net
tempedreve,ufglercf.com
tempedreve,lgsgqgyz.info
tempedreve,gxwtensh.org
tempedreve,dpftmljh.net
tempedreve,abkzijeh.com
tempedreve,ptymwtra.info
tempedreve,evinapqx.org
tempedreve,myocdhuv.net
tempedreve,slqdatkf.com
tempedreve,wcdtsngm.info
tempedreve,cdobipsp.org
tempedreve,hzyvithl.net
tempedreve,obqxerqt.com
tempedreve,kxmtebgu.info
tempedreve,slihghal.org
tempedreve,iwynvulb.net
tempedreve,whezqtsf.com
tempedreve,orokcpng.info
tempedreve,sxqjyrgh.org
tempedreve,jdtbvcuz.net
tempedreve,ufqpgtwp.com
tempedreve,ruidxliq.info
tempedreve,adsxqjyj.org
tempedreve,cwbxavsg.net
tempedreve,ozcnajyp.com
tempedreve,jnhpbezp.info
tempedreve,kpyvsjgh.org
tempedreve,wvlqatgk.net
tempedreve,mfofixmx.com
tempedreve,mcwedzfy.info
tempedreve,wxkzwxit.org
tempedreve,zcmwpigj.net
tempedreve,oxqxoxmf.com
tempedreve,yxhjdctk.info
tempedreve,sfczsxkx.org
tempedreve,fkamedfc.net
tempedreve,kbkhkbgp.com
tempedreve,abnmfvjk.info
tempedreve,slifsvwf.org
tempedreve,mtphdopz.net
tempedreve,ahalibob.com
tempedreve,vzfqhodb.info
tempedreve,gpcvqfyr.org
tempedreve,jkcmalgw.net
tempedreve,srwdwhil.com
tempedreve,ethfgfpb.info
tempedreve,slejcnwn.org
tempedreve,pnqiefsx.net
tempedreve,ilutufev.com
tempedreve,yswpnmei.info
tempedreve,sxmjkrmt.org
tempedreve,pyexgnly.net
tempedreve,gxebezgl.com
tempedreve,euqwrmct.info
tempedreve,gdmtyfaj.org
tempedreve,kclzugqv.net
tempedreve,gjonizcr.com
tempedreve,yzefoqxp.info
tempedreve,krcvwjgl.org
tempedreve,hphpvswg.net
tempedreve,oxqtqled.com
tempedreve,ogmhwfth.info
tempedreve,svozgfcr.org
tempedreve,kokomolh.net
tempedreve,ihoxavwb.com
tempedreve,ldqokdia.info
tempedreve,erivmtgp.org
tempedreve,wucviugt.net
tempedreve,epmdoxmp.com
tempedreve,nrxpjrnd.info
tempedreve,gfmlktev.org
tempedreve,ihfdwkyh.net
tempedreve,qlodapeh.com
tempedreve,pilvrfmk.info
tempedreve,yzstedub.org
tempedreve,xgacipvd.net
tempedreve,upctktmx.com
tempedreve,agmsulml.info
tempedreve,qzgfitwl.org
tempedreve,yncldmxl.net
tempedreve,cjadenyr.com
tempedreve,mzhbvwgi.info
tempedreve,cdcpyngv.org
tempedreve,eofmyghg.net
tempedreve,itmlchkb.com
tempedreve,oeckgxre.info
tempedreve,ajqrefab.org
tempedreve,tpykoech.net
tempedreve,cngtklsn.com
tempedreve,auiyoczc.info
tempedreve,ylmnohgf.org
tempedreve,kbcdexwu.net
tempedreve,ijybupov.com
tempedreve,nitatknh.info
tempedreve,uvcvsvgp.org
tempedreve,ludrlidi.net
tempedreve,ufcdmzah.com
tempedreve,etpiefhl.info
tempedreve,gvohevcd.org
tempedreve,ucazuvgb.net
tempedreve,qtujytah.com
tempedreve,vwvpvhuh.info
tempedreve,ghmlupcl.org
tempedreve,liopltfs.net
tempedreve,ktmhwvmd.com
tempedreve,ygytcfng.info
tempedreve,ahctwxor.org
tempedreve,mfxgbgic.net
tempedreve,unopgjgd.com
tempedreve,mvrerxjh.info
tempedreve,ijarcdiv.org
tempedreve,wyxqdmar.net
tempedreve,grwxqfad.com
tempedreve,cjdmgege.info
tempedreve,yjudmrwn.org
tempedreve,oanjrbsh.net
tempedreve,wzedmtkj.com
tempedreve,yvqgqmdj.info
tempedreve,czgpuvuf.org
tempedreve,foskgzcl.net
tempedreve,ujqvevor.com
tempedreve,uqrhiolz.info
tempedreve,wnkxspkd.org
tempedreve,bznwqjqm.net
tempedreve,kjklszid.com
tempedreve,neiwieow.info
tempedreve,yxwfqhct.org
tempedreve,ysgdmkye.net
tempedreve,oxqzsdsv.com
tempedreve,fnsvynlc.info
tempedreve,ctebodkh.org
tempedreve,prwafrwv.net
tempedreve,otyhujsj.com
tempedreve,ikabrxrz.info
tempedreve,apszkfyj.org
tempedreve,btymdcgq.net
tempedreve,izgvefyt.com
tempedreve,rvscdejn.info
tempedreve,mrylolob.org
tempedreve,uosjwich.net
tempedreve,kdorinub.com
tempedreve,kjiasmho.info
tempedreve,etixafkt.org
tempedreve,dedxlmlx.net
tempedreve,gpsvexgx.com
tempedreve,weajiqob.info
tempedreve,sdwvihgl.org
tempedreve,bibzmwuc.net
tempedreve,crgjkpkz.com
tempedreve,dzgnbhgt.info
tempedreve,ylodazwz.org
tempedreve,uwxgtgui.net
tempedreve,clkxateh.com
tempedreve,rxjgdudh.info
tempedreve,enmvadqh.org
tempedreve,qbmrhlwt.net
tempedreve,mpibsdwp.com
tempedreve,dniswjmx.info
tempedreve,uviritiz.org
tempedreve,kjqmobuj.net
tempedreve,efyjejab.com
tempedreve,pqwshive.info
tempedreve,ihkrihuh.org
tempedreve,matjvcvo.net
tempedreve,oncronmz.com
tempedreve,ufjndzwt.info
tempedreve,gbgzgnez.org
tempedreve,tkbpuqhg.net
tempedreve,oxsropon.com
tempedreve,mftawabi.info
tempedreve,arapsjen.org
tempedreve,itlbuesb.net
tempedreve,wvipmfqn.com
tempedreve,ceqduzux.info
tempedreve,wbedezkt.org
tempedreve,onfbquxh.net
tempedreve,shizcnih.com
tempedreve,jqbacdnw.info
tempedreve,otuxanav.org
tempedreve,yqhenfmq.net
tempedreve,cpavqzgz.com
tempedreve,cuxqgeif.info
tempedreve,avexexsh.org
tempedreve,sbhrdkdc.net
tempedreve,orgzmpiz.com
tempedreve,gpayqcgr.info
tempedreve,anidwjgh.org
tempedreve,oxdfshvc.net
tempedreve,kpynoroj.com
tempedreve,spsexwgh.info
tempedreve,arwtqfyh.org
tempedreve,mbebosyh.net
tempedreve,opshcvyx.com
tempedreve,yalidadb.info
tempedreve,mrczgjih.org
tempedreve,szfbvzci.net
tempedreve,iruzafwr.com
tempedreve,bucgwmdh.info
tempedreve,uxcdkzkh.org
tempedreve,utajohmh.net
tempedreve,mrqnsnuv.com
tempedreve,hbmcrztv.info
tempedreve,izaxenir.org
tempedreve,qvgbwfgk.net
tempedreve,gjezcxmf.com
tempedreve,ycrqepwp.info
tempedreve,uncxsvyh.org
tempedreve,smqhbuch.net
tempedreve,ilifuzgp.com
tempedreve,flcdqafm.info
tempedreve,kdsvezqb.org
tempedreve,kulovcmc.net
tempedreve,kxkjsnqj.com
tempedreve,pbhryroc.info
tempedreve,ovytqpyj.org
tempedreve,yijguoqs.net
tempedreve,wxelmnaj.com
tempedreve,ivrwtgug.info
tempedreve,efcxojat.org
tempedreve,ftkyuzfv.net
tempedreve,ytudaxgl.com
tempedreve,qocnmxga.info
tempedreve,ixmxuzgt.org
tempedreve,uofzfars.net
tempedreve,wpiraput.com
tempedreve,jaofjxgf.info
tempedreve,inkjmnit.org
tempedreve,ezypeijv.net
tempedreve,cxivenmh.com
tempedreve,rdzvrhqh.info
tempedreve,ivuzwtkv.org
tempedreve,vlvdvicz.net
tempedreve,gdyjcryl.com
tempedreve,xicdxrki.info
tempedreve,mvstkpgn.org
tempedreve,draxaxub.net
tempedreve,itcvehyb.com
tempedreve,ndyiwpus.info
tempedreve,ubongtel.org
tempedreve,cuqxqkjg.net
tempedreve,yhmbedov.com
tempedreve,nzjsltjh.info
tempedreve,wlmzcpah.org
tempedreve,siafqzsh.net
tempedreve,cxwlelgt.com
tempedreve,xbkncoyf.info
tempedreve,krupofil.org
tempedreve,bekzkoxe.net
tempedreve,cnavqfwv.com
tempedreve,fdjdulov.info
tempedreve,shsbklmh.org
tempedreve,gnsmyevh.net
tempedreve,cteponaf.com
tempedreve,fvjvzbav.info
tempedreve,kjkrwbsb.org
tempedreve,leumbegx.net
tempedreve,glkdixeh.com
tempedreve,wfjfafyh.info
tempedreve,sdwnirgh.org
tempedreve,rtqemnqu.net
tempedreve,qjyhotqz.com
tempedreve,cjatelxy.info
tempedreve,mdejinqh.org
tempedreve,bgvrjpzq.net
tempedreve,apkduvmh.com
tempedreve,sawgutmh.info
tempedreve,clwdsdod.org
tempedreve,sxkqetsx.net
tempedreve,oxidyhif.com
tempedreve,udersitz.info
tempedreve,olctefgl.org
tempedreve,baqtwkgl.net
tempedreve,upcxelal.com
tempedreve,rerzbqlg.info
tempedreve,kzctgrwn.org
tempedreve,qeilflgv.net
tempedreve,mfitgrwv.com
tempedreve,qxquoeqi.info
tempedreve,ixclehsh.org
tempedreve,jboazngs.net
tempedreve,qbubclsn.com
tempedreve,boalvjxz.info
tempedreve,evgpirof.org
tempedreve,pmwasvxu.net
tempedreve,gvuvaxgx.com
tempedreve,grqeafzn.info
tempedreve,wngxmtgp.org
tempedreve,mtronfwc.net
tempedreve,yxoxyxqn.com
tempedreve,aqbzecdz.info
tempedreve,ojyxojwz.org
tempedreve,rlibonsz.net
tempedreve,sdsdsfyt.com
tempedreve,wcytnpsz.info
tempedreve,kzcpkrip.org
tempedreve,sbyweryh.net
tempedreve,svspsrwh.com
tempedreve,nikfcavy.info
tempedreve,sdijavgt.org
tempedreve,kgcmvfyu.net
tempedreve,kzoxohcf.com
tempedreve,irxhvuio.info
tempedreve,ibydohgf.org
tempedreve,dburpeqz.net
tempedreve,mzsfsdyz.com
tempedreve,fyvcjgrt.info
tempedreve,uhetifml.org
tempedreve,isjaonva.net
tempedreve,yhwzwbgl.com
tempedreve,ntmgofxc.info
tempedreve,mnkbibat.org
tempedreve,hsgsoxka.net
tempedreve,ozihebat.com
tempedreve,jihzxfho.info
tempedreve,qxkpydyz.org
tempedreve,gxgxejno.net
tempedreve,whuvkfcj.com
tempedreve,yrtqkbdj.info
tempedreve,yxklcnyd.org
tempedreve,vzvzjzjr.net
tempedreve,svahkxyf.com
tempedreve,opqnspzp.info
tempedreve,ibwjmfwh.org
tempedreve,pbqbugzc.net
tempedreve,qhcfkbkh.com
tempedreve,nulfpzng.info
tempedreve,ujydafcr.org
tempedreve,ykplztub.net
tempedreve,gvodyfel.com
tempedreve,olbadzdi.info
tempedreve,wxafktgf.org
tempedreve,cryqmzng.net
tempedreve,gzsxobeh.com
tempedreve,rwogshmh.info
tempedreve,arotgpgx.org
tempedreve,keaxlpkx.net
tempedreve,uxczofyt.com
tempedreve,zknedfal.info
tempedreve,gxgbudmx.org
tempedreve,axcnylyl.net
tempedreve,wzevglej.com
tempedreve,acfjgjmc.info
tempedreve,ghkhwpgl.org
tempedreve,tlhpbgom.net
tempedreve,opghkrkb.com
tempedreve,apqxwfsv.info
tempedreve,yvsvebuh.org
tempedreve,iopnucgh.net
tempedreve,yjcdgfol.com
tempedreve,azcbgxgr.info
tempedreve,olelklmf.org
tempedreve,bfcmsztz.net
tempedreve,mdynudsb.com
tempedreve,czghckoh.info
tempedreve,mnknutuh.org
tempedreve,qsjzqkeh.net
tempedreve,onmjarkz.com
tempedreve,rbrzremq.info
tempedreve,mvavchqv.org
tempedreve,wmcvwdwy.net
tempedreve,ezihmjat.com
tempedreve,mxmdmfgt.info
tempedreve,ctgdwxil.org
tempedreve,gjcfefnw.net
tempedreve,glytonod.com
tempedreve,qryoyahf.info
tempedreve,azcnkjgx.org
tempedreve,gxhpkahc.net
tempedreve,ijwtuxab.com
tempedreve,pfnqnmnh.info
tempedreve,yfexgjob.org
tempedreve,urlcwoac.net
tempedreve,ofclulkx.com
tempedreve,rjkfkcnm.info
tempedreve,ihafodop.org
tempedreve,whcxnvmo.net
tempedreve,cngrwfcr.com
tempedreve,hvevscfn.info
tempedreve,opgnwtgv.org
tempedreve,fjhktztx.net
tempedreve,qhqtgroz.com
tempedreve,jkvkyqic.info
tempedreve,aherglmn.org
tempedreve,aobmsoac.net
tempedreve,stczqfqr.com
tempedreve,jxmxdxwn.info
tempedreve,izcdmpen.org
tempedreve,hvixdmfk.net
tempedreve,sfahktgt.com
tempedreve,enrndvdw.info
tempedreve,wtyxcbud.org
tempedreve,qgymkfpc.net
tempedreve,odufezgn.com
tempedreve,gqxbyjgs.info
tempedreve,sngrqrqr.org
tempedreve,bndxjern.net
tempedreve,mpifwtid.com
tempedreve,dvcaergx.info
tempedreve,izaxyrwt.org
tempedreve,uzuhmgmh.net
tempedreve,ersfmded.com
tempedreve,glqnjmiz.info
tempedreve,qpczijyt.org
tempedreve,olozizxt.net
tempedreve,svedyxgh.com
tempedreve,lhtjxitp.info
tempedreve,anklibcb.org
tempedreve,jtwprysl.net
tempedreve,odsdetcx.com
tempedreve,pucqtfad.info
tempedreve,cjwdkvoz.org
tempedreve,qgvhxsmk.net
tempedreve,szizalqz.com
tempedreve,umsvrqie.info
tempedreve,mtajatih.org
tempedreve,hivebfui.net
tempedreve,mvwvuvkl.com
tempedreve,knmoyiko.info
tempedreve,slevsjwf.org
tempedreve,glhmeckx.net
tempedreve,ehkhefod.com
tempedreve,negzrajh.info
tempedreve,mfmpmbqz.org
tempedreve,jptyugtf.net
tempedreve,shulszkf.com
tempedreve,uomxixsy.info
tempedreve,olopozmh.org
tempedreve,uzifagxq.net
tempedreve,edojcfgz.com
tempedreve,zatfyiga.info
tempedreve,wfklkbyj.org
tempedreve,takimsjr.net
tempedreve,mzulibuz.com
tempedreve,hxsiwzbl.info
tempedreve,gtodclgz.org
tempedreve,yohcflic.net
tempedreve,gfmxcvar.com
tempedreve,bghnpxuc.info
tempedreve,qlynytgd.org
tempedreve,fbcvnikq.net
tempedreve,ixsfgtcf.com
tempedreve,txohzeor.info
tempedreve,otglqdcj.org
tempedreve,ygcgfhdh.net
tempedreve,qfwtmlcj.com
tempedreve,momqyobd.info
tempedreve,afutwbmd.org
tempedreve,vjxjtjof.net
tempedreve,yxefcbgt.com
tempedreve,skugpjbk.info
tempedreve,clkhipkb.org
tempedreve,goaoxugh.net
tempedreve,knelgjqz.com
tempedreve,lcmsiqus.info
tempedreve,stedajob.org
tempedreve,fmxlvkhk.net
tempedreve,ubijmfgr.com
tempedreve,riqlcmop.info
tempedreve,ktixgbkx.org
tempedreve,pxiberij.net
tempedreve,sfytutgn.com
tempedreve,yhstiqfq.info
tempedreve,inyvetwj.org
tempedreve,dgbkvnsm.net
tempedreve,wfwjclgr.com
tempedreve,qkyxngbt.info
tempedreve,abitqzmh.org
tempedreve,eyqdofpw.net
tempedreve,ijipmtur.com
tempedreve,wfugykdl.info
tempedreve,cfyverwd.org
tempedreve,gbvlvnoi.net
tempedreve,gtuvinad.com
tempedreve,wrhduifi.info
tempedreve,ajyjmxet.org
tempedreve,pjqxirpz.net
tempedreve,mduredor.com
tempedreve,iqhounht.info
tempedreve,qxcxexgv.org
tempedreve,squduicp.net
tempedreve,grwtqpin.com
tempedreve,eocawzga.info
tempedreve,mjojevid.org
tempedreve,eznretwz.net
tempedreve,arqbwxov.com
tempedreve,lznxlkjt.info
tempedreve,oxspctsx.org
tempedreve,yqygyhbx.net
tempedreve,yroxmhgj.com
tempedreve,wjdbwsnk.info
tempedreve,ulczghwf.org
tempedreve,vmyfvfzq.net
tempedreve,sfkdgjsx.com
tempedreve,facthbje.info
tempedreve,gvwnydun.org
tempedreve,fxigiavh.net
tempedreve,qpadwvgh.com
tempedreve,jcuzhkft.info
tempedreve,uzchefmj.org
tempedreve,vkpujeou.net
tempedreve,ydghkhcd.com
tempedreve,jbdicrgn.info
tempedreve,kpibudgv.org
tempedreve,exslsaux.net
tempedreve,ctipenih.com
tempedreve,rmcfxhgu.info
tempedreve,adabonsd.org
tempedreve,dswgjbyo.net
tempedreve,czatehyr.com
tempedreve,xkukdkxq.info
tempedreve,opofqtgt.org
tempedreve,besjcerh.net
tempedreve,ozcjilqp.com
tempedreve,absbvgqf.info
tempedreve,wzcpkfsr.org
tempedreve,iakphahg.net
tempedreve,ihwreviv.com
tempedreve,lcwhmzvh.info
tempedreve,spydwbkh.org
tempedreve,cqugdfbh.net
tempedreve,wjcbetej.com
tempedreve,hlmcwgez.info
tempedreve,ejancngn.org
tempedreve,heokwjae.net
tempedreve,arenspcv.com
tempedreve,wmyxdedn.info
tempedreve,excdybon.org
tempedreve,qmbderva.net
tempedreve,ynmtohah.com
tempedreve,unultdwx.info
tempedreve,wpujytyv.org
tempedreve,pztelgoa.net
tempedreve,klwtepyx.com
tempedreve,babmjtbg.info
tempedreve,spifwdot.org
tempedreve,ygucscsq.net
tempedreve,chezmfix.com
tempedreve,jzaeqkgc.info
tempedreve,qdevwzon.org
tempedreve,eitxvdfl.net
tempedreve,ejcdwjwj.com
tempedreve,ulmzhpei.info
tempedreve,srwperwf.org
tempedreve,qyaboesz.net
tempedreve,czgzgvod.com
tempedreve,khdpgtgp.info
tempedreve,itqnitgj.org
tempedreve,lafmowdt.net
tempedreve,ytqfydmh.com
tempedreve,fmhdeanw.info
tempedreve,grcbgdgh.org
tempedreve,tqcdrlyw.net
tempedreve,wlwtwhyj.com
tempedreve,ydfpopaz.info
tempedreve,uxsvubmn.org
tempedreve,sflvwjwz.net
tempedreve,urebetah.com
tempedreve,ydbiulnd.info
tempedreve,ybaxevix.org
tempedreve,dboervsk.net
tempedreve,ubkfkpkt.com
tempedreve,dyuhbjoz.info
tempedreve,wzodanyh.org
tempedreve,jifgkrvg.net
tempedreve,ohqtafgj.com
tempedreve,krnpsvsv.info
tempedreve,ofetwtqx.org
tempedreve,rujgvqrf.net
tempedreve,yvcfahib.com
tempedreve,mibqwubo.info
tempedreve,mdazsrsb.org
tempedreve,swsfdwjm.net
tempedreve,wdirsvyl.com
tempedreve,kxdbwxgi.info
tempedreve,ctydifct.org
tempedreve,aeaepcpv.net
tempedreve,obgnslup.com
tempedreve,whypchlh.info
tempedreve,ctebajoh.org
tempedreve,najxybqh.net
tempedreve,qjitubur.com
tempedreve,arjgxtyv.info
tempedreve,ezcjsrgf.org
tempedreve,ictxkmem.net
tempedreve,wpqjgjsx.com
tempedreve,ixwdprpt.info
tempedreve,yxgnifqn.org
tempedreve,hbglyvgo.net
tempedreve,exibcfuv.com
tempedreve,zecfjpyp.info
tempedreve,qtmbudup.org
tempedreve,unpykgun.net
tempedreve,kzgjynqf.com
tempedreve,jxqbuwrc.info
tempedreve,elexcnwl.org
tempedreve,dlvgawaw.net
tempedreve,ynsxmfsb.com
tempedreve,cxrftfvx.info
tempedreve,yjwbavgf.org
tempedreve,pibevcme.net
tempedreve,cdozghgr.com
tempedreve,qtvsenlh.info
tempedreve,kfinolcd.org
tempedreve,izpahfwe.net
tempedreve,qvefavkf.com
tempedreve,seaxotop.info
tempedreve,mjsjuzwh.org
tempedreve,mwgbklfh.net
tempedreve,ujmvqjuh.com
tempedreve,vfutuxsa.info
tempedreve,cjexajgv.org
tempedreve,dvmcdoqv.net
tempedreve,mforebin.com
tempedreve,pgpvpyjn.info
tempedreve,ojyfqhyh.org
tempedreve,sbymsmog.net
tempedreve,crgxqfol.com
tempedreve,njnenrla.info
tempedreve,idoxehgp.org
tempedreve,ladslnqv.net
tempedreve,ixclstev.com
tempedreve,dxqaqubg.info
tempedreve,crqhebah.org
tempedreve,kpdyeldb.net
tempedreve,gbyjcraz.com
tempedreve,fzxmxofl.info
tempedreve,gdqrwzyx.org
tempedreve,lhjxaewx.net
tempedreve,ulyxexkh.com
tempedreve,voweuhat.info
tempedreve,itmhsdyf.org
tempedreve,djayhntv.net
tempedreve,anihejaj.com
tempedreve,gcldjrhq.info
tempedreve,gbajezqf.org
tempedreve,spcfjpyt.net
tempedreve,sfslirgh.com
tempedreve,jrurnbyv.info
tempedreve,algxevsh.org
tempedreve,cphzbptu.net
tempedreve,apazejkz.com
tempedreve,ltgcwtgm.info
tempedreve,ovsbyfqx.org
tempedreve,quizgtbn.net
tempedreve,wlgpqrcr.com
tempedreve,pbhcoxgc.info
tempedreve,cpibebwf.org
tempedreve,rdtazxvy.net
tempedreve,sjaziruj.com
tempedreve,gbwryfgh.info
tempedreve,sxghmbgb.org
tempedreve,hmdtpojv.net
tempedreve,elsvwngx.com
tempedreve,keosvtih.info
tempedreve,afqnsrgv.org
tempedreve,jgjdbfsw.net
tempedreve,ejclgnyz.com
tempedreve,uskfecdn.info
tempedreve,glmzabct.org
tempedreve,wdwepegv.net
tempedreve,mtevyxab.com
tempedreve,uvqmfinh.info
tempedreve,qpitelsl.org
tempedreve,djafeibf.net
tempedreve,qfkhodwb.com
tempedreve,yqwhtvjq.info
tempedreve,unglanuh.org
tempedreve,jfpnhgze.net
tempedreve,svgvefgv.com
tempedreve,ohwxebfz.info
tempedreve,qbmvmbgh.org
tempedreve,bqcinwtx.net
tempedreve,ghahshqz.com
tempedreve,ubqeilka.info
tempedreve,qtwrwlgz.org
tempedreve,rntqywvh.net
tempedreve,avqhafuj.com
tempedreve,sjpmrtyn.info
tempedreve,yzylypmf.org
tempedreve,rxymeayq.net
tempedreve,elitejab.com
tempedreve,jebhfhlh.info
tempedreve,kzkrkhez.org
tempedreve,sdjbhxse.net
tempedreve,uxqnujor.com
tempedreve,qjfidruj.info
tempedreve,wjmzmpgz.org
tempedreve,jiovuxmr.net
tempedreve,gfajwxmn.com
tempedreve,nzkgyfea.info
tempedreve,ufshkhub.org
tempedreve,bhdiekmp.net
tempedreve,cvwdonez.com
tempedreve,hxmtldpd.info
tempedreve,udcpsjgz.org
tempedreve,fycpnqhg.net
tempedreve,sputavmr.com
tempedreve,hvbgzibk.info
tempedreve,urclozyt.org
tempedreve,oqlqdisi.net
tempedreve,mpcnqryt.com
tempedreve,vlvymlux.info
tempedreve,ozkfirez.org
tempedreve,uflfgfyn.net
tempedreve,ctyhmpgh.com
tempedreve,frcoldwd.info
tempedreve,enadgtaz.org
tempedreve,ogygjqom.net
tempedreve,mdcxezgv.com
tempedreve,cqukifhk.info
tempedreve,kjwnmlgv.org
tempedreve,quyxpdbd.net
tempedreve,utajinkh.com
tempedreve,sxvyilgf.info
tempedreve,afonwvmz.org
tempedreve,tjaihclx.net
tempedreve,mvklidqj.com
tempedreve,yihlwmgm.info
tempedreve,gxmbwfor.org
tempedreve,yxbrgeah.net
tempedreve,wdwlujih.com
tempedreve,unhxkxkd.info
tempedreve,ipujmfgh.org
tempedreve,weqzldfo.net
tempedreve,qbqpehqt.com
tempedreve,qiwegadl.info
tempedreve,yjmdinip.org
tempedreve,lfogpjrg.net
tempedreve,ilcxynqh.com
tempedreve,liorukns.info
tempedreve,shuhmnwl.org
tempedreve,xbviwawz.net
tempedreve,arstmbcl.com
tempedreve,xlnojfna.info
tempedreve,unsngnit.org
tempedreve,opmnmzde.net
tempedreve,ixqhaxaz.com
tempedreve,qhdcfzre.info
tempedreve,wninehmt.org
tempedreve,couiubeo.net
tempedreve,uvizslct.com
tempedreve,czoxcmcg.info
tempedreve,idklerkb.org
tempedreve,yzybylkr.net
tempedreve,wripyfgv.com
tempedreve,lbazlrjz.info
tempedreve,ulinofod.org
tempedreve,bvqlbact.net
tempedreve,mzcxwfmf.com
tempedreve,wycewzon.info
tempedreve,wpifgduf.org
tempedreve,flaxacau.net
tempedreve,wzqrsvcx.com
tempedreve,fpsokiqp.info
tempedreve,izotybgb.org
tempedreve,jytexnbv.net
tempedreve,yhovuvuh.com
tempedreve,ojzhynbr.info
tempedreve,svmxalsb.org
tempedreve,atcuixht.net
tempedreve,ijorafof.com
tempedreve,exnxoqot.info
tempedreve,yzyvurgb.org
tempedreve,ejsdwvqm.net
tempedreve,czkrmfah.com
tempedreve,jgdgrgjx.info
tempedreve,ohovkfkf.org
tempedreve,unetqnag.net
tempedreve,ebijslav.com
tempedreve,kauairnt.info
tempedreve,unsjepkh.org
tempedreve,okcgiuih.net
tempedreve,khmtyvgr.com
tempedreve,wshsvifs.info
tempedreve,snghmfcd.org
tempedreve,xnyfhesu.net
tempedreve,glybmnml.com
tempedreve,chinuywt.info
tempedreve,kvqxixqh.org
tempedreve,jnutfpwh.net
tempedreve,wjknslgt.com
tempedreve,bnvxgsgy.info
tempedreve,ihqtyjib.org
tempedreve,tkumqacb.net
tempedreve,alenmtot.com
tempedreve,hihdezgr.info
tempedreve,izwhoboh.org
tempedreve,ozcfafcj.net
tempedreve,sdehazip.com
tempedreve,hdhlmrgc.info
tempedreve,cfszypqb.org
tempedreve,fpwxbzbx.net
tempedreve,incncrsb.com
tempedreve,btmoenjt.info
tempedreve,izwrufkl.org
tempedreve,ezwliagb.net
tempedreve,ifufgfgj.com
tempedreve,yvdjlrmg.info
tempedreve,gjcbejox.org
tempedreve,gkbvafgx.net
tempedreve,ijujuzap.com
tempedreve,gqwxeveh.info
tempedreve,evcngzux.org
tempedreve,khbdiznz.net
tempedreve,izmzivgl.com
tempedreve,cjyvtnya.info
tempedreve,azojafal.org
tempedreve,dciblfzx.net
tempedreve,wfwfwpgh.com
tempedreve,wpuzhzbt.info
tempedreve,ehcjenwh.org
tempedreve,lifheceb.net
tempedreve,mnqfmpgz.com
tempedreve,wcdebpgq.info
tempedreve,utabsxmb.org
tempedreve,wuimyzsz.net
tempedreve,khepelkv.com
tempedreve,ybqdwvkm.info
tempedreve,qfursrcl.org
tempedreve,sqludrzf.net
tempedreve,ebsdmnkt.com
tempedreve,lvmqbgag.info
tempedreve,avmpsdun.org
tempedreve,odgdjqos.net
tempedreve,ijwhwfkd.com
tempedreve,kvatlxrz.info
tempedreve,etsrifav.org
tempedreve,wrwrxosr.net
tempedreve,sbulwfyr.com
tempedreve,vofqaowd.info
tempedreve,ctadqzgf.org
tempedreve,eoeogoih.net
tempedreve,apohetoh.com
tempedreve,gjfzvdud.info
tempedreve,ivcdolct.org
tempedreve,ibjbladt.net
tempedreve,ajevwfop.com
tempedreve,tlyquewp.info
tempedreve,knctebuh.org
tempedreve,zwrwonph.net
tempedreve,qfctutqd.com
tempedreve,ovwjhlyu.info
tempedreve,cvankzgj.org
tempedreve,ythakphe.net
tempedreve,ehilajuh.com
tempedreve,urbdhifa.info
tempedreve,ehmzypwj.org
tempedreve,zkmqndyk.net
tempedreve,gduxahep.com
tempedreve,blctmvyx.info
tempedreve,odozaxmp.org
tempedreve,jcuxlgis.net
tempedreve,elczqxsh.com
tempedreve,mzlfdgic.info
tempedreve,epinmzkf.org
tempedreve,mbpxeaux.net
tempedreve,mxuzytqf.com
tempedreve,tbhchftl.info
tempedreve,cjijypgv.org
tempedreve,foqdceni.net
tempedreve,qlknelch.com
tempedreve,fcvgeavh.info
tempedreve,azqzyzkn.org
tempedreve,spyhufwn.net
tempedreve,mvcnolmv.com
tempedreve,mkqaqbfu.info
tempedreve,sjmjenur.org
tempedreve,olitcfgl.net
tempedreve,yrelsfol.com
tempedreve,yiynywqg.info
tempedreve,stotwbob.org
tempedreve,uvjwuwgn.net
tempedreve,oxmvepgb.com
tempedreve,ipivityv.info
tempedreve,idupqfib.org
tempedreve,ybpmyqwx.net
tempedreve,ulsryhgh.com
tempedreve,bxjebuic.info
tempedreve,oxchifyn.org
tempedreve,inefxrgw.net
tempedreve,ctmdsbar.com
tempedreve,oplxlsop.info
tempedreve,ctmlopkp.org
tempedreve,dvwgnrth.net
tempedreve,sfkrerab.com
tempedreve,udtfbzko.info
tempedreve,urqvaxij.org
tempedreve,ijnmwoqp.net
tempedreve,ijkvqpkp.com
tempedreve,wgmjdfbr.info
tempedreve,armpqvuf.org
tempedreve,ufqxyfeh.net
tempedreve,uzuvctkb.com
tempedreve,izwzqzej.info
tempedreve,ifqvgzex.org
tempedreve,acgnzjup.net
tempedreve,yjyniran.com
tempedreve,itutybun.info
tempedreve,gbwtyxgh.org
tempedreve,ezhpdumg.net
tempedreve,ajwredcn.com
tempedreve,zxbxwpcg.info
tempedreve,wxepqfgz.org
tempedreve,vjykqpgr.net
tempedreve,qpofuteb.com
tempedreve,wcbfsplh.info
tempedreve,sjchihcf.org
tempedreve,abszvxgm.net
tempedreve,gxwzupyh.com
tempedreve,almtukzt.info
tempedreve,qxiryvcj.org
tempedreve,vijgwcso.net
tempedreve,ubkhsfet.com
tempedreve,urbzjaoh.info
tempedreve,mvahktwh.org
tempedreve,uvupjpuo.net
tempedreve,sfcdytgj.com
tempedreve,ntskefhx.info
tempedreve,ozwxilmz.org
tempedreve,chvmfapz.net
tempedreve,ofsbylch.com
tempedreve,dopxqzbc.info
tempedreve,wdkvktwf.org
tempedreve,wkasmzrb.net
tempedreve,wxoxaxot.com
tempedreve,ezwvkiqi.info
tempedreve,ibolwvgf.org
tempedreve,bptkjzwe.net
tempedreve,efgfotch.com
tempedreve,iyfreash.info
tempedreve,wroxofqb.org
tempedreve,jdqshvpg.net
tempedreve,qtgtkhqf.com
tempedreve,obwzsvyg.info
tempedreve,uvulurgz.org
tempedreve,lcjokeqc.net
tempedreve,alofazkn.com
tempedreve,wjyzrzcz.info
tempedreve,uhuduxsh.org
tempedreve,gtkhsqgo.net
tempedreve,gtcdgfwj.com
tempedreve,kefwtaln.info
tempedreve,kjodkvol.org
tempedreve,eicrhkdk.net
tempedreve,ulwfqdoj.com
tempedreve,hsrcynqm.info
tempedreve,afwjqjez.org
tempedreve,nwbspxja.net
tempedreve,ulazodgj.com
tempedreve,lihpybra.info
tempedreve,ufwlqzgh.org
tempedreve,jtvzldvh.net
tempedreve,itczyvmt.com
tempedreve,hlbekrwq.info
tempedreve,ovwbyfeh.org
tempedreve,hkcraklk.net
tempedreve,mhqncrmz.com
tempedreve,vqvxhqgp.info
tempedreve,mlknebop.org
tempedreve,omfmhxre.net
tempedreve,yvefodgf.com
tempedreve,qbhmfngy.info
tempedreve,wrsbepcv.org
tempedreve,ebyzpnla.net
tempedreve,shcxktav.com
tempedreve,ksohuazh.info
tempedreve,krolwvgj.org
tempedreve,twlnueiz.net
tempedreve,atynsnop.com
tempedreve,uoyzijyr.info
tempedreve,grczujax.org
tempedreve,gcaxsfkt.net
tempedreve,irkbgvqr.com
tempedreve,yxldigys.info
tempedreve,sxqbezal.org
tempedreve,agndezbu.net
tempedreve,idixgjun.com
tempedreve,tjlzsuya.info
tempedreve,crgvehwv.org
tempedreve,fpdwmhev.net
tempedreve,cvcpungh.com
tempedreve,uixpypdh.info
tempedreve,ydgtafch.org
tempedreve,dibzjkvs.net
tempedreve,sbkdifgt.com
tempedreve,rvqdeagk.info
tempedreve,ahotyhwv.org
tempedreve,ktecepgj.net
tempedreve,qtmfstid.com
tempedreve,qenrozgh.info
tempedreve,mtgtujmr.org
tempedreve,yzexewlk.net
tempedreve,abwrgjcj.com
tempedreve,ircnubgt.info
tempedreve,sbcxwpyf.org
tempedreve,wucecrsp.net
tempedreve,klsdexqt.com
tempedreve,fpadjmfk.info
tempedreve,opebmjej.org
tempedreve,yvylylwe.net
tempedreve,utclqxop.com
tempedreve,dmuxdktx.info
tempedreve,utabmpgd.org
tempedreve,cxcgcvml.net
tempedreve,unkxchah.com
tempedreve,csfkcejh.info
tempedreve,ufopszcp.org
tempedreve,ehglejgm.net
tempedreve,kvslefgn.com
tempedreve,wivdmeui.info
tempedreve,edmnyhih.org
tempedreve,binxkeuh.net
tempedreve,anotqtwp.com
tempedreve,vmsleqnu.info
tempedreve,ypexcryz.org
tempedreve,bepogcml.net
tempedreve,sjmvuten.com
tempedreve,bwfrmwmh.info
tempedreve,anorsdwh.org
tempedreve,wmdaqmfa.net
tempedreve,ixedszav.com
tempedreve,othxuxqv.info
tempedreve,mzmvkpip.org
tempedreve,iahvotca.net
tempedreve,kduxipeh.com
tempedreve,nmlqvclh.info
tempedreve,azufwtiz.org
tempedreve,geimnosc.net
tempedreve,irehajgp.com
tempedreve,oijewzgi.info
tempedreve,klqpepmr.org
tempedreve,qvjskpqc.net
tempedreve,atyvmfij.com
tempedreve,smnluogh.info
tempedreve,gzcvqdcr.org
tempedreve,rngdqawj.net
tempedreve,sxazejcn.com
tempedreve,ueqkvizp.info
tempedreve,yhutwxaj.org
tempedreve,vtaqfwoh.net
tempedreve,ojwtgpin.com
tempedreve,jmjbuzwe.info
tempedreve,qnwdurad.org
tempedreve,uqbasakq.net
tempedreve,ingtexkr.com
tempedreve,dhdzusvc.info
tempedreve,slwzaxcl.org
tempedreve,qpjvstdv.net
tempedreve,ktspsvkb.com
tempedreve,baitjosc.info
tempedreve,mlafilwp.org
tempedreve,hnoclzqv.net
tempedreve,wbgrsbgt.com
tempedreve,kteiswqx.info
tempedreve,wlatkzch.org
tempedreve,zvxcpgzn.net
tempedreve,khehehgv.com
tempedreve,sgqtmoyz.info
tempedreve,afmzetov.org
tempedreve,whdxejrj.net
tempedreve,ubmnmjsn.com
tempedreve,wcgvfugx.info
tempedreve,qdsjqfkh.org
tempedreve,aeosnuhe.net
tempedreve,glgzgvqt.com
tempedreve,hlrfwaga.info
tempedreve,sxapsnkz.org
tempedreve,uxojihfc.net
tempedreve,uvgdupif.com
tempedreve,nrlhxocg.info
tempedreve,mzctmdgf.org
tempedreve,nbjramwm.net
tempedreve,ebqvqxep.com
tempedreve,hglkbcmz.info
tempedreve,ivozkzaf.org
tempedreve,lquwypnz.net
tempedreve,etsjmxih.com
tempedreve,ybmqlztz.info
tempedreve,qzyrwjgh.org
tempedreve,ynfkoufz.net
tempedreve,kdclwnqd.com
tempedreve,yegpmelz.info
tempedreve,ircxyjwp.org
tempedreve,qeqhkegh.net
tempedreve,mnajqroh.com
tempedreve,ovfsucai.info
tempedreve,mnqrihef.org
tempedreve,kgkgeguf.net
tempedreve,ipgrofgz.com
tempedreve,ywauosyz.info
tempedreve,ansxgfkv.org
tempedreve,itdvfxln.net
tempedreve,etwdkzqh.com
tempedreve,snbdzxpg.info
tempedreve,qjydsvcx.org
tempedreve,crtwshix.net
tempedreve,izubepyd.com
tempedreve,gfsrhqwf.info
tempedreve,ghivetwb.org
tempedreve,rspcjfth.net
tempedreve,uhqjyfeh.com
tempedreve,smogunfg.info
tempedreve,gbuxyrqd.org
tempedreve,zqmvknyx.net
tempedreve,qnibezkt.com
tempedreve,mbnxwxgd.info
tempedreve,ghgzivgp.org
tempedreve,kcbgyzqh.net
tempedreve,yxkvolen.com
tempedreve,hzigbkyq.info
tempedreve,olohsxuj.org
tempedreve,sifaorkx.net
tempedreve,alcdolqj.com
tempedreve,kiutufkh.info
tempedreve,mhevkhuh.org
tempedreve,bhlckdla.net
tempedreve,cbofqbiz.com
tempedreve,jhwvcaqh.info
tempedreve,yfsfafwr.org
tempedreve,chpgjzui.net
tempedreve,otexcbgt.com
tempedreve,mjkdkist.info
tempedreve,azizgreh.org
tempedreve,rzygujen.net
tempedreve,mtcxunsx.com
tempedreve,prpqswik.info
tempedreve,olidcnsn.org
tempedreve,eqbdehpn.net
tempedreve,cfsnoheb.com
tempedreve,lblhlnie.info
tempedreve,stcnejsr.org
tempedreve,fkaefzyo.net
tempedreve,qnahexox.com
tempedreve,aqghaogt.info
tempedreve,kpqfwzgp.org
tempedreve,betmbadl.net
tempedreve,gzcjyjwl.com
tempedreve,woadaxrn.info
tempedreve,ahwnebgf.org
tempedreve,gcnltzwv.net
tempedreve,udslabkx.com
tempedreve,hbvklwjx.info
tempedreve,kbunyfot.org
tempedreve,ickteayg.net
tempedreve,mnoxejoj.com
tempedreve,wscxhsym.info
tempedreve,enqbuzgr.org
tempedreve,gmwqhngq.net
tempedreve,cdcrkjah.com
tempedreve,ijmjejan.info
tempedreve,mxidypwb.org
tempedreve,fzwtrsgh.net
tempedreve,wtwrqdsf.com
tempedreve,gesenfok.info
tempedreve,stibcjmz.org
tempedreve,jlceufgd.net
tempedreve,wbchsvgz.com
tempedreve,pecbfitr.info
tempedreve,olkfanet.org
tempedreve,twfzgoch.net
tempedreve,wdcrqvgh.com
tempedreve,uwmdepjn.info
tempedreve,gfedareh.org
tempedreve,hbjrsluz.net
tempedreve,ktabsfkj.com
tempedreve,nfyvcluv.info
tempedreve,olcjefix.org
tempedreve,gswmimuh.net
tempedreve,sfergpqj.com
tempedreve,qcbrdsgf.info
tempedreve,ofsdsjgv.org
tempedreve,ninoduni.net
tempedreve,gvmxojyf.com
tempedreve,uyjadkfc.info
tempedreve,ahorqfgb.org
tempedreve,vcmlbpih.net
tempedreve,yhsxghil.com
tempedreve,cewulamp.info
tempedreve,qruzuvib.org
tempedreve,cfbpiaon.net
tempedreve,urgrarsh.com
tempedreve,rvsmohjh.info
tempedreve,enifynwh.org
tempedreve,lxkdofqe.net
tempedreve,wpypovqx.com
tempedreve,tgfdwsyk.info
tempedreve,sbktkvwn.org
tempedreve,qaduncyc.net
tempedreve,khahsvkh.com
tempedreve,kgjpetjh.info
tempedreve,mdmvqnor.org
tempedreve,bhyeznxh.net
tempedreve,qfyvqjgx.com
tempedreve,obgmfmsm.info
tempedreve,cdchcfax.org
tempedreve,xdikrtvb.net
tempedreve,adutafgb.com
tempedreve,sndecpol.info
tempedreve,ebqdefqz.org
tempedreve,qkvoschc.net
tempedreve,evyrepwn.com
tempedreve,ftrzanwe.info
tempedreve,mjwtwtkh.org
tempedreve,ckoxhgpe.net
tempedreve,ohmxgtkz.com
tempedreve,gzpedcgz.info
tempedreve,mvwzilyz.org
tempedreve,kerhferx.net
tempedreve,mzedslyz.com
tempedreve,pdhebzvg.info
tempedreve,otmdghez.org
tempedreve,yjnjejqh.net
tempedreve,qpodenij.com
tempedreve,nrnlaryj.info
tempedreve,mbkxqvgf.org
tempedreve,baiagrqo.net
tempedreve,azwhcbwl.com
tempedreve,hvcdejng.info
tempedreve,qtklebuz.org
tempedreve,qgugymkh.net
tempedreve,qrwtulmn.com
tempedreve,wbdvtogi.info
tempedreve,ivyhwxif.org
tempedreve,uzczgkgh.net
tempedreve,opyxixad.com
tempedreve,wtjuqzjt.info
tempedreve,kfenuxmr.org
tempedreve,cyelugpa.net
tempedreve,gbadctcx.com
tempedreve,yvpoufyo.info
tempedreve,axohyncd.org
tempedreve,qwnzsfpb.net
tempedreve,gjgdovsf.com
tempedreve,yxjvgegm.info
tempedreve,ivmxerwx.org
tempedreve,rewtwfca.net
tempedreve,alavmfgf.com
tempedreve,rneaylgd.info
tempedreve,mlijclcv.org
tempedreve,rambwkvl.net
tempedreve,uxqtozmh.com
tempedreve,qcaonxgh.info
tempedreve,azszkzgp.org
tempedreve,eypdpxpw.net
tempedreve,clkxglyt.com
tempedreve,atimesvc.info
tempedreve,ofwfedot.org
tempedreve,wuemeolm.net
tempedreve,yvitahah.com
tempedreve,fybumeqh.info
tempedreve,alelctyz.org
tempedreve,dbeoewjy.net
tempedreve,qdafwnax.com
tempedreve,libzsask.info
tempedreve,ctgtqnkn.org
tempedreve,cncjdjke.net
tempedreve,almdwpor.com
tempedreve,cenxcfmh.info
tempedreve,ivoxenep.org
tempedreve,wgwzwfxy.net
tempedreve,qjczoxgr.com
tempedreve,kywekrqv.info
tempedreve,gludkjal.org
tempedreve,lnkglulf.net
tempedreve,ehcpgdmn.com
tempedreve,qvskqcyu.info
tempedreve,udclyrgr.org
tempedreve,dvuxsgeb.net
tempedreve,qxkdgngp.com
tempedreve,tocdjkyp.info
tempedreve,mjgrohgr.org
tempedreve,yxtkpvag.net
tempedreve,mrcjifup.com
tempedreve,tazahmhu.info
tempedreve,izwdmpov.org
tempedreve,ikczwkuz.net
tempedreve,crajmbur.com
tempedreve,dkukxkgh.info
tempedreve,ctcxevef.org
tempedreve,ycfbgkqc.net
tempedreve,cjsdezcb.com
tempedreve,yndnzmel.info
tempedreve,cfobihaf.org
tempedreve,mtlvrcrd.net
tempedreve,ebshaxur.com
tempedreve,wisiehah.info
tempedreve,sletatgj.org
tempedreve,ymoxpfyu.net
tempedreve,wravydyv.com
tempedreve,vhyhxlza.info
tempedreve,spcvklih.org
tempedreve,bwoqdlgx.net
tempedreve,cnubmxyd.com
tempedreve,oakenvnh.info
tempedreve,anerqxwb.org
tempedreve,nesfrvxt.net
tempedreve,ovarkxgv.com
tempedreve,ukuxtcuc.info
tempedreve,gtanspsd.org
tempedreve,redglgde.net
tempedreve,qzeryfkv.com
tempedreve,gdgiqomk.info
tempedreve,whcfujib.org
tempedreve,uxajtsts.net
tempedreve,ehglgfej.com
tempedreve,lmujqfgc.info
tempedreve,ibolebmp.org
tempedreve,ezuxyorv.net
tinba,newstatinru.ru
tinba,justforyou0987.pw
tinba,phpsitegooddecoder.com
tinba,santaluable.com
tinba,santanyr.com
tinba,ervaluable.com
tinba,larnasa.com
tinba,ssrgwnrmgrxe.com
tinba,gllcsbqrbfch.com
tinba,hkgjjokkwodt.com
tinba,jjnehudfmclq.com
tinba,hieffvbcjitc.com
tinba,fckjmggtxchv.com
tinba,gotmnoxdlmqy.com
tinba,lsnuwgkjbubr.com
tinba,jmtkcbjfrnwp.com
tinba,bkjciirqpmrs.com
tinba,hcbdceyvftuf.com
tinba,kglydddmwwxv.com
tinba,ejddgfnoyhnn.com
tinba,oovsccucdqjj.com
tinba,dkrvosdssglm.com
tinba,jedsotqkhiiu.com
tinba,bbrrqphmdtls.com
tinba,kcbcdbpsbmuf.com
tinba,ddqmqhovyxbg.com
tinba,cppwsolhkcis.com
tinba,nonehgdemxxw.com
tinba,niursdelppbp.com
tinba,bghqqyeepkot.com
tinba,dccffgttisty.com
tinba,bbsgdsbwobbn.com
tinba,kdokruvnkkoq.com
tinba,xttumqsgbswj.com
tinba,jiyfgpmknkkj.com
tinba,gcdhgdqbolsb.com
tinba,ggfujvjslmri.com
tinba,dldgeddsrqlg.com
tinba,kkgtgtemlkbb.com
tinba,gopkxwttdoiu.com
tinba,lkopwdujvkko.com
tinba,bdcbndgedlyq.com
tinba,bnyyvomtcpcg.com
tinba,kjopmmvqqhlo.com
tinba,gnilrrcnduts.com
tinba,llsxlhyvlskk.com
tinba,cjfolmvfcwjt.com
tinba,hhdkfdcbqbbj.com
tinba,bnyqrsppyjpw.com
tinba,kjowjdxpbnfr.com
tinba,gngholvvydon.com
tinba,llkrujknbpgg.com
tinba,cbgfeefklife.com
tinba,llelxdyyqybq.com
tinba,cdgfggjipobl.com
tinba,beemlkfihgfu.com
tinba,bdghibgybyqc.com
tinba,bbedxoogxsri.com
tinba,kkoqttwgibot.com
tinba,gnmjkwpinmjf.com
tinba,lppeewhrsdbr.com
tinba,gfcormhpbgfm.com
tinba,sribbeduqiyh.com
tinba,gshqxmottkdi.com
tinba,efnquvyxxnwg.com
tinba,nfyfvvyxvfef.com
tinba,svvuettwdeff.com
tinba,dmtkxxfrwshx.com
tinba,loololteujix.com
tinba,fbedcedkhffn.com
tinba,ccgmmnklofih.com
tinba,dbcssspmytcc.com
tinba,bhmufnyhgptt.com
tinba,ebllcwlydkjj.com
tinba,oojbsiyiyscr.com
tinba,dcqlqyydgbii.com
tinba,bnidhoswluey.com
tinba,kkgfglfvvpdn.com
tinba,goebnnrnevbs.com
tinba,ltdxpxxiqwft.com
tinba,kklkjihxwxef.com
tinba,ghlgfrbwkfno.com
tinba,ecdchxsjmlgp.com
tinba,ceqrxtojypdt.com
tinba,cpsrylxemwgu.com
tinba,nccbrdjrbmyy.com
tinba,goudsgoedsso.com
tinba,lswenpeiiymb.com
tinba,jmeccrbgltst.com
tinba,bddlpyxotqbj.com
tinba,boletxuihoxy.com
tinba,ltxwuphpfesq.com
tinba,kbcfbdikbvur.com
tinba,cbsxipotuppl.com
tinba,lejghuckkkpw.com
tinba,dcfegodlslqb.com
tinba,bcswfveerkpj.com
tinba,jcbekmbsnmfw.com
tinba,jipicdmnghxw.com
tinba,ghlwtuutpkwm.com
tinba,eclsnifgssnk.com
tinba,cidqppisrymf.com
tinba,gorrexufchkj.com
tinba,lkhucklcfkog.com
tinba,bfiixrbnwlsx.com
tinba,cbgbcyinwkcs.com
tinba,llrbtdttgnem.com
tinba,ciyfwteyvffd.com
tinba,gllejglpkxym.com
tinba,hkkwgoggulhd.com
tinba,jckoncofpwcf.com
tinba,jwbnopkvscbd.com
tinba,lptewwpmlhgf.com
tinba,gcwnmmlkbrov.com
tinba,ghcblvqrttdq.com
tinba,euecckkjbdpf.com
tinba,eielkpsgrirs.com
tinba,ooxfumprkhqr.com
tinba,dckdcpmdnnoo.com
tinba,bhppojsfccpk.com
tinba,eedefggoxhqv.com
tinba,mmdduumrnoph.com
tinba,hlldmmvwrquy.com
tinba,jiilkunuxyxx.com
tinba,gsykscnilkty.com
tinba,encgkhqrcyqy.com
tinba,hhkbhinoihyc.com
tinba,bgklmfghgfkl.com
tinba,dgdefggygkdd.com
tinba,fbckwxxmhowt.com
tinba,cbdjijkddqrq.com
tinba,lhxmfkhppoww.com
tinba,dngdefgtttqb.com
tinba,mrehkcojbopm.com
tinba,plpekkwudgoc.com
tinba,jfcddcdcrkpo.com
tinba,bjjnwhmvwixs.com
tinba,gwgorcxxmmpg.com
tinba,iupbkynwogib.com
tinba,ibjwbfwpmnml.com
tinba,osrkcpgnmlko.com
tinba,hoofkkldsrsf.com
tinba,bmfgviidcwdu.com
tinba,jbcldghmxree.com
tinba,djqqhpldgfkp.com
tinba,ipxumdtwtukv.com
tinba,dddkonybppmu.com
tinba,ccjmfgowwwri.com
tinba,ddhckesxldri.com
tinba,cgvswxhtohqq.com
tinba,ejkbfegfriin.com
tinba,owhsjwcscdpr.com
tinba,lhiweymmnqll.com
tinba,delpdcssqfgy.com
tinba,dgldhmuryefe.com
tinba,fjjsnbkjrqpo.com
tinba,bfghmywcoorb.com
tinba,cgbdedgnnfgt.com
tinba,efsjbceeidue.com
tinba,njmlijgsdxiw.com
tinba,bbbbbkktxppw.com
tinba,kkdettqrrvwd.com
tinba,ggokjvmfdstx.com
tinba,dksybchewtem.com
tinba,jepgnvwvmyvu.com
tinba,bnrvuerbjdrs.com
tinba,kjmttbrekbcc.com
tinba,gfihokcegrkl.com
tinba,swngfxqrjboo.com
tinba,euhckndcbbwg.com
tinba,euqrjwklwjkl.com
tinba,ebiqpslllmwb.com
tinba,osghmmewjsdl.com
tinba,hppifeppummn.com
tinba,cbggiffqhtov.com
tinba,llwfuyxtuxwp.com
tinba,cnroeixigifj.com
tinba,lmltiiqllcbr.com
tinba,dgdpqxhpmvol.com
tinba,fblmjjlrgnex.com
tinba,cjgkhibgkvqi.com
tinba,hheihkndtell.com
tinba,bdeflersqmtu.com
tinba,btttyvgmltui.com
tinba,qpsjqmlbbjeb.com
tinba,dibgjiypfghs.com
tinba,hxuuetgtmjgj.com
tinba,kfkweggxxhsb.com
tinba,diefuxpssmlk.com
tinba,htxdixeqqlqr.com
tinba,gnfffkltljtm.com
tinba,lxxwhvutponm.com
tinba,onkspqmrolef.com
tinba,llgdeuqcthwx.com
tinba,ccdmlttrihtg.com
tinba,dcfebripsihs.com
tinba,bcsjriilstmn.com
tinba,jccrrbbsvvvo.com
tinba,jchoeqwmjxxl.com
tinba,jlycdmnhckhu.com
tinba,blsddogxpcff.com
tinba,ihhhbffubinn.com
tinba,dgffoocilpue.com
tinba,fmlcklnibjgv.com
tinba,jimtybhtdevx.com
tinba,ghbfbbhihxww.com
tinba,eumvgxopxxun.com
tinba,ejdlttnnquvw.com
tinba,oonfveorqqhh.com
tinba,dkoniqqqidim.com
tinba,jmfgjedcpqvq.com
tinba,bbnrcttpnbok.com
tinba,kjmmfwxypgoo.com
tinba,gfkofndgfvfs.com
tinba,slypkwyietqr.com
tinba,wquiqqvqngwd.com
tinba,djglmnnfocgq.com
tinba,imjklmedhpot.com
tinba,dgfipkluvnvw.com
tinba,fmsmhvwpibcj.com
tinba,jghgidcbvpdj.com
tinba,ffcbrfbelkby.com
tinba,srufpjksvexc.com
tinba,gfjkhidcrrjr.com
tinba,swgtfjcdimme.com
tinba,ebdllpjkvurf.com
tinba,oonfwttonmlt.com
tinba,dkobcriwxxrn.com
tinba,jmmieqqrshps.com
tinba,bdppoporjcjm.com
tinba,bkhivjbsrmkd.com
tinba,hptshtpwnbis.com
tinba,cjghchshheoo.com
tinba,hhggrgsroxol.com
tinba,bckltuyyneuh.com
tinba,jwogxghlebeh.com
tinba,lgfokwxjihgr.com
tinba,cgjibnnscspq.com
tinba,efrriqqumkkc.com
tinba,noxqyxgcfepf.com
tinba,nipqrkkjuhhd.com
tinba,bbgptyylclmv.com
tinba,kogvjenjjvdl.com
tinba,ebfieebchpeh.com
tinba,osiwlwfbepkr.com
tinba,htssktutsbut.com
tinba,gfospqmdgeem.com
tinba,sbbvlopqmjvt.com
tinba,spqgvuxwynji.com
tinba,ssccocpfkmdu.com
tinba,govetnxmnmln.com
tinba,lswhxgbkglbm.com
tinba,jmiedhuqbsvi.com
tinba,bfclpppmxkho.com
tinba,cghijkkgefgx.com
tinba,ebgowrdeyttg.com
tinba,owfusnsvvqhl.com
tinba,ltqriyvveebs.com
tinba,kfgkcdrkhttt.com
tinba,dcjnrjofnvwg.com
tinba,bgfiqemluivv.com
tinba,dbchhgwduvud.com
tinba,bhbkxuyqqxht.com
tinba,eqqroosveyxh.com
tinba,pxxeeufiibyb.com
tinba,cbjuxcnkiwee.com
tinba,llueyixfkllx.com
tinba,clhoopckfyyb.com
tinba,jcbfirgwvbri.com
tinba,jioifeecgoog.com
tinba,ghdcrjilivsy.com
tinba,eupphijwxufc.com
tinba,enmmqfgfnmxj.com
tinba,hdgjfxgutseu.com
tinba,sojjuteboxbb.com
tinba,efibmlknbjii.com
tinba,nnrwkxhxdime.com
tinba,jmltsdxcroou.com
tinba,bckjjjfhqqhp.com
tinba,jwnmvquyrfrg.com
tinba,lgjcbgloohhk.com
tinba,cdqyttygbybm.com
tinba,botonsslkfmr.com
tinba,lsjidttqrxoj.com
tinba,jefwnvckvwyj.com
tinba,bdjnokjqcfeb.com
tinba,bebchkkssfrc.com
tinba,bbhgoyvgfrlv.com
tinba,koonggccmjkp.com
tinba,ebmupmbjqdto.com
tinba,ostkxpiircbj.com
tinba,hgfbehyuhowv.com
tinba,bffcpeghuijj.com
tinba,csriphutwxyu.com
tinba,qjcfgifclwwp.com
tinba,hhrsnmlcblly.com
tinba,behkjiwonyxl.com
tinba,bgbfnmumigfe.com
tinba,dhlmlxtbgxef.com
tinba,gcdgbimiqfff.com
tinba,ggfnwoopdwcj.com
tinba,dlkjilkcbbov.com
tinba,kjecdetbckwx.com
tinba,gkjycpxytsfe.com
tinba,htqrbbrqqjcu.com
tinba,gbiqipqevnsy.com
tinba,cgjecbbqqirk.com
tinba,efjjhkbpqdpw.com
tinba,nnbiijonejgd.com
tinba,jnrwxhwdwhok.com
tinba,cbdcbhdmngtx.com
tinba,lhhojrshevjs.com
tinba,deerorfstojm.com
tinba,dnuppxyhoobb.com
tinba,mtxxwpxwvfve.com
tinba,dongdgfxwcub.com
tinba,nihnbqdpgxxn.com
tinba,bfcnkhlibkih.com
tinba,cgllcbqrjggo.com
tinba,ejimdmcuyyqc.com
tinba,osjjfdsvqpwk.com
tinba,httxpqrtssbn.com
tinba,gfmlebedtspq.com
tinba,swckgbbqencn.com
tinba,eqlvylinfvuk.com
tinba,ptxqedgyqdxi.com
tinba,jfcgsddrubps.com
tinba,bjngbbvklmhd.com
tinba,gfyqnorgvynk.com
tinba,svrinrktqfod.com
tinba,decdebpoogdq.com
tinba,ddcrhoqrlonj.com
tinba,cbokopgjvqii.com
tinba,lmoxwcbbskum.com
tinba,dkhiiovwcrri.com
tinba,jbclbqypdonv.com
tinba,djqovklpxspg.com
tinba,iptobrynoipf.com
tinba,dkbjdepjnmee.com
tinba,jnrsventprmf.com
tinba,cbibfbchsriq.com
tinba,lsoqjvoorrxd.com
tinba,jmpmmuffcssb.com
tinba,bgbcfjkkxndj.com
tinba,dhltgotjwhox.com
tinba,gckbkllmbkhw.com
tinba,goejujnwwxri.com
tinba,ltjrrjmniptm.com
tinba,kfqyxpbrqpiu.com
tinba,ddecwgkshjrr.com
tinba,cddskonnelgf.com
tinba,bbqmpeuebfkv.com
tinba,kbthechcbbbc.com
tinba,corjiytwvyxc.com
tinba,mnsxdgowvqpo.com
tinba,hbdqcmeqyydy.com
tinba,ggfyhxmorkfm.com
tinba,dlhttyijbelc.com
tinba,kbgdmmvnkjbv.com
tinba,cbvcklfvpini.com
tinba,lhheefwxpcri.com
tinba,dedhcpghmvqq.com
tinba,dhggeqbvwnst.com
tinba,gfdhdviqumkp.com
tinba,ssihtqirqhop.com
tinba,gktwbspqvdrb.com
tinba,hgnnoxyfnwdn.com
tinba,bmumypkkbijs.com
tinba,jdgfecldyrkl.com
tinba,bbedphtlkfqe.com
tinba,kkogxrrfrpss.com
tinba,gnryluesttto.com
tinba,lkbebmyyduxw.com
tinba,bigxhsgogppr.com
tinba,femihefmrsxy.com
tinba,ssbgxorwnfyb.com
tinba,gksksdqcjkdk.com
tinba,hefgtgrngdev.com
tinba,iueurbjrmlkr.com
tinba,ifismpolwkks.com
tinba,dhufvnxxxxpp.com
tinba,glldelssrygw.com
tinba,hkkgycbmhcsl.com
tinba,jcdimssxxefv.com
tinba,jelupohgbfwf.com
tinba,bjdonjcodtwg.com
tinba,gsodkxsgcvvm.com
tinba,ejjggfeurtih.com
tinba,osjynbqqfkol.com
tinba,htqersnuxpgl.com
tinba,gbbmhgffvwde.com
tinba,ciwupglwvuxw.com
tinba,ghdkkypkopnm.com
tinba,euubrybnniwg.com
tinba,ejbjoopilkji.com
tinba,osmlsnkliegn.com
tinba,hefghefnnlkd.com
tinba,iuekuffeexwd.com
tinba,ifddgehqrwhf.com
tinba,dcbubevffbce.com
tinba,bikodluvwksf.com
tinba,fbdlpqpmhghc.com
tinba,cbifghifutig.com
tinba,lssxyppyjhgt.com
tinba,jenosrkcmdyq.com
tinba,blirqmuusrqj.com
tinba,idfosqqyjspq.com
tinba,ccbihknyiipw.com
tinba,ddyokpvscomb.com
tinba,cxxxcpqddkot.com
tinba,vwtlbirciooo.com
tinba,nqqjrsrbonbd.com
tinba,bgopqvipwumm.com
tinba,dbbglphmljeb.com
tinba,bcvqrrfdteng.com
tinba,jfghxyffghjm.com
tinba,brryvnmlsgvv.com
tinba,oldppqwvgboh.com
tinba,hddehgxchprf.com
tinba,sowxqqqrspqm.com
tinba,ejmlcsoiehxo.com
tinba,osmlepmfiiqm.com
tinba,hefjinutlmyq.com
tinba,iufgiynedcwh.com
tinba,iehpptufbefq.com
tinba,dgfuvgjmltef.com
tinba,fmcdenuffjii.com
tinba,jffcmuedcbbt.com
tinba,bnnkwdkjmlto.com
tinba,kkqyjktjifcx.com
tinba,gjebcenbihgf.com
tinba,demxyqnwdllc.com
tinba,dgehowvnksru.com
tinba,fconmrsrqvul.com
tinba,gnrgglptgcqo.com
tinba,lkbcbbbwnnqi.com
tinba,bidkxxygbcot.com
tinba,fehedppphgww.com
tinba,swrbnnfgjljs.com
tinba,efrriyfvgjcd.com
tinba,noxqiqiswsct.com
tinba,nippobfexnbr.com
tinba,bbfcummnujpi.com
tinba,kkktwohmixmp.com
tinba,gopfwxqqrvvn.com
tinba,lksrftchqhkj.com
tinba,bhcdddbhdlml.com
tinba,eemmolsswjmf.com
tinba,mbffychmnfud.com
tinba,osbbdktuyhpl.com
tinba,httlmnwxouyi.com
tinba,gfelpqxtogse.com
tinba,swnpfdixpjwx.com
tinba,eumlesgwgold.com
tinba,ejihgpmnlggc.com
tinba,osjbhxogvnnl.com
tinba,httdtcgddwkb.com
tinba,gfjfyuoxkhgy.com
tinba,swvvstsfbklw.com
tinba,eelqupixuexc.com
tinba,mmeelycklock.com
tinba,hhlkijbtcckr.com
tinba,bihlmhqmklmt.com
tinba,fgfcddmnxqry.com
tinba,gddcriksbjlg.com
tinba,fwvngnibsdem.com
tinba,hclptsxuvbgm.com
tinba,kdefgppffgfo.com
tinba,xyjsphkjklqj.com
tinba,fkrnngeqfoxy.com
tinba,fqqpppghyeoy.com
tinba,becssfffnmbg.com
tinba,bbpkcbecbnfj.com
tinba,knfwdehsbvvj.com
tinba,dtxuerjpypxk.com
tinba,sjgcghichlol.com
tinba,dehphbwobnmm.com
tinba,dhoonklkcnkl.com
tinba,gfbidcbribbx.com
tinba,swyjwndmdpef.com
tinba,efksilmnqodm.com
tinba,nffslmjklgst.com
tinba,swvbojccspxu.com
tinba,eeeipilteehl.com
tinba,mqhrbjihyimm.com
tinba,plqhluvdefsv.com
tinba,jgkhibgfmpoh.com
tinba,fghynrqxjsfu.com
tinba,gbpsslejqfvw.com
tinba,cngdcbbdphxh.com
tinba,ldpxhxtdxymx.com
tinba,bollonbgyitt.com
tinba,ltxlqqcnqnnl.com
tinba,kbihiirbypgv.com
tinba,cdcnqqxlpmwt.com
tinba,bgwwjyuimmrm.com
tinba,djuutffyqjgw.com
tinba,ihijjwwdhmwx.com
tinba,defjkcdcvfiv.com
tinba,dtxdyrjnrpox.com
tinba,sjvwttcbmlsv.com
tinba,dhijkwjonvgo.com
tinba,ghgjbywldirq.com
tinba,edggockhypmn.com
tinba,kgvvqiylrjtt.com
tinba,efgjcqbqludy.com
tinba,nonwgldcbcjy.com
tinba,nidhgvssvyhh.com
tinba,bnnfmmxgslll.com
tinba,kkledgfoglwo.com
tinba,ghhpqrvoybre.com
tinba,edgbbrhgwbke.com
tinba,kgqxthdqncss.com
tinba,efbshqporups.com
tinba,nnoqpogsrmlp.com
tinba,jpeeeropmqng.com
tinba,elewlykbwwvk.com
tinba,dldckssccvvf.com
tinba,kkghebkksrud.com
tinba,gowbqepkhqnk.com
tinba,lswwmriyxwwx.com
tinba,jmhoojnmlgir.com
tinba,bfdibsffklgf.com
tinba,cmwpieedcbeb.com
tinba,ktttdulijjvq.com
tinba,jkhhfedhqivo.com
tinba,ghhsctdtidme.com
tinba,edjclkiyieqo.com
tinba,khhwvmyhxhhw.com
tinba,sesppjmnohmn.com
tinba,dcxpplcsowxf.com
tinba,buuqtstqnimb.com
tinba,redcbbrjbgxf.com
tinba,bbbfqinwyyqm.com
tinba,kkoropmmlmts.com
tinba,gnqiixkjsxyr.com
tinba,lihlsbfydfpx.com
tinba,gkjslkkcnqqb.com
tinba,httcjcdwvfmj.com
tinba,gffcvqpxqpon.com
tinba,swvhrggopjsk.com
tinba,eeijlgfxngds.com
tinba,msmmwmbvdfvv.com
tinba,dxxyyovfvscs.com
tinba,wvkduefeddct.com
tinba,llldpxelcrqr.com
tinba,ccbolhkyrcyf.com
tinba,ddgxqqjppllg.com
tinba,cfmpxxgglgny.com
tinba,difdehskrrkp.com
tinba,hhhrmxenbvos.com
tinba,bfdwxyixllgx.com
tinba,cmdsfvfmdnmv.com
tinba,ksrvuelhmiue.com
tinba,ibcfcovwxhen.com
tinba,owxmrmpocfnm.com
tinba,lknffudqnqhk.com
tinba,bcswbwcoqqhd.com
tinba,jcbvggvuljcc.com
tinba,jingfelolmxm.com
tinba,ghernilsrnwp.com
tinba,eddwvuxwthgd.com
tinba,kglkbegqxbuh.com
tinba,ejgumnstgdln.com
tinba,owhpgnyhmyur.com
tinba,lhkgjjjebori.com
tinba,ddjsctmjruve.com
tinba,cidrydofdcfl.com
tinba,gowvkspeposh.com
tinba,lswnrlexujeq.com
tinba,jmfghhjcdmdo.com
tinba,bbnlokgsptxy.com
tinba,kjppsbbjkkkl.com
tinba,gnihpwbcliji.com
tinba,llbgojcdevui.com
tinba,cbccdxrccvmv.com
tinba,llgxirxspqqq.com
tinba,cchlonxgoebj.com
tinba,dbcbjowpdhed.com
tinba,bhovvekidtnr.com
tinba,edjswxmnkdcb.com
tinba,khilknudxevk.com
tinba,sffxcjbqpckd.com
tinba,dpbibcqquvyy.com
tinba,ocgosdllonkl.com
tinba,gotinmlqjudk.com
tinba,lsklwehgrepk.com
tinba,jefgbcbfwjwq.com
tinba,bdcgktlddtth.com
tinba,bncctovwvown.com
tinba,kowkckjcschi.com
tinba,echhbemphows.com
tinba,cebsicthmpsp.com
tinba,cowhesfgchpc.com
tinba,mjrrlpclggwx.com
tinba,oseuugxuuqrj.com
tinba,hlbbwoogktjf.com
tinba,jbbrkynottdw.com
tinba,dihvocjjittt.com
tinba,hlehdbfocudg.com
tinba,jbcbivsjjpmn.com
tinba,djumxikllmnx.com
tinba,ihidemmdufwo.com
tinba,deumgsexonqr.com
tinba,dfihpppmtfyr.com
tinba,edgedctqddsd.com
tinba,kgtgvelkhuvw.com
tinba,edhfcsdmldkm.com
tinba,kdhlojwowwnf.com
tinba,xeqxfuiytknw.com
tinba,rlygrbhihgff.com
tinba,bldbtuktenon.com
tinba,iibsfwteffef.com
tinba,hhiigxineyjq.com
tinba,bgshwcncfell.com
tinba,dfvokxlkbfel.com
tinba,eidiforngmde.com
tinba,osjichixeqxw.com
tinba,htpbuuulwjkl.com
tinba,gnfgrgpjilsc.com
tinba,lxxkldqxvvtj.com
tinba,oncggeuqedwf.com
tinba,llhedpkcbvhf.com
tinba,cdxkulibenkt.com
tinba,bvroobyxwvuv.com
tinba,sssdudovkngg.com
tinba,gnnbcedirqew.com
tinba,lxxprelgfcdg.com
tinba,onmdrdwbsekp.com
tinba,lptongcbbshc.com
tinba,gcclpyyqqqlw.com
tinba,gohssptuuuuk.com
tinba,lhijbvgxqror.com
tinba,dedmdrrcpiwx.com
tinba,dhdlmbcvvocc.com
tinba,gdbcfovsfgps.com
tinba,fsootkbieegh.com
tinba,dfijchqpgnik.com
tinba,edggdcdfkvmn.com
tinba,kgvvwtwghdgg.com
tinba,efgjixbuixuv.com
tinba,nonltdemmlbf.com
tinba,nihcscrhbiir.com
tinba,bfmnotiqjjqw.com
tinba,cjcjiihmwdnu.com
tinba,hxxxsxmbubxc.com
tinba,kjipwskuquur.com
tinba,gscsnmpkhyfj.com
tinba,eqbbcpwphhwv.com
tinba,pppqfgenbhwf.com
tinba,bfgxyccdlmng.com
tinba,cgmllgxcsojm.com
tinba,eltytltilgfu.com
tinba,dgnihkjjkpoh.com
tinba,fcbfccwnpyve.com
tinba,gkrkjffidpyy.com
tinba,hoollonypqry.com
tinba,bmfgnrjqmyxw.com
tinba,jbcdebcdgkcy.com
tinba,djyqnghdlibg.com
tinba,idghhnmhdnnk.com
tinba,cdcdihguvvev.com
tinba,bgtqnkwrreuv.com
tinba,dgbbcjmldure.com
tinba,fjfljcthjihd.com
tinba,bedgkeoeqhqq.com
tinba,bcfieeefgkfs.com
tinba,jfvvqchilkst.com
tinba,bgcffulsbolk.com
tinba,dhhupxwderot.com
tinba,gflpqtvcdiju.com
tinba,ssbjubcwryxc.com
tinba,gkvffgenkulk.com
tinba,hgfwsloonmev.com
tinba,bfgdcbssvqno.com
tinba,cgrcpinmueum.com
tinba,efnrrqhqfktw.com
tinba,nfvwdkneesjw.com
tinba,swvnbnkpolmv.com
tinba,eelpqttfqxdm.com
tinba,mmfkkwkstccx.com
tinba,hppeeefilhkf.com
tinba,cbduhwjykmuu.com
tinba,lhhgvdyjtmtq.com
tinba,detyhvgpiixs.com
tinba,deplqyqpgwnd.com
tinba,dodmlowsvynk.com
tinba,nqgnccmrbiyy.com
tinba,bfimxxkcdlcn.com
tinba,cbbkjgvbbodc.com
tinba,llibphinivgx.com
tinba,cgonvhofemji.com
tinba,eclswwhtcoop.com
tinba,cidbefdemnil.com
tinba,gowewfchkjmp.com
tinba,lswhvolmqxiw.com
tinba,jmicfihqmmue.com
tinba,bfbrckyyxwhp.com
tinba,ccptiyxsyibn.com
tinba,djihgkqlurum.com
tinba,iqutdslmyxyy.com
tinba,ecdhcvwuvkds.com
tinba,cewhxqhdstqe.com
tinba,cgdmpxgrvwtv.com
tinba,eqqflqskhdek.com
tinba,pxxpybtthdtj.com
tinba,cbfcgjubeqxy.com
tinba,llpmnfetdcbj.com
tinba,cgbdplbnwhte.com
tinba,efsoxhnvvfjv.com
tinba,njjeecpqvxxw.com
tinba,bfnwgsvewhwp.com
tinba,cjswnnvnvnnj.com
tinba,hqtthxpvgosr.com
tinba,dhgfkhidcsgg.com
tinba,gfbcoqvwtbkl.com
tinba,swnosmllilkh.com
tinba,euettreplppu.com
tinba,eiifcyvprkfm.com
tinba,oopuednfodir.com
tinba,dcfbodexxtkh.com
tinba,bccmmuesosti.com
tinba,jcyqemllinol.com
tinba,jihdklmpoqvw.com
tinba,gkjwgvjyhtoh.com
tinba,htutxpxotyml.com
tinba,gjicbeqnbvfc.com
tinba,dyqrettsbuwg.com
tinba,xtoolxxhxogg.com
tinba,jfijkujjbrmb.com
tinba,bccfghpfhhsm.com
tinba,jctidddkxqyi.com
tinba,jdessqgwjrqb.com
tinba,btkbkixqxdub.com
tinba,qqmyjrstdovk.com
tinba,hxoxeyfgopmq.com
tinba,kjuutohnfpop.com
tinba,gfklmnfiiiib.com
tinba,slnkdueeueff.com
tinba,wdefytsfjpiu.com
tinba,vbqqfoedkcdd.com
tinba,coryiyjgcdtw.com
tinba,mnwkdlheftth.com
tinba,hfgocwriqqyd.com
tinba,bnxdygncrhrs.com
tinba,kvjkksjopqts.com
tinba,llimxdxwwwfx.com
tinba,cgjcbsrqmuoj.com
tinba,efvupmmmlpcj.com
tinba,nvdxypgtdcnf.com
tinba,jrbcdegoxwxd.com
tinba,gwqvwchkcqvu.com
tinba,ijiddsgltony.com
tinba,hlporlskcxef.com
tinba,jfwwpppfyirc.com
tinba,bhefbcxpifir.com
tinba,elfypcropqvy.com
tinba,dlghpkcpfvkh.com
tinba,kbjkjwkrmfiu.com
tinba,cedytdtqutmn.com
tinba,ckmjjembeneb.com
tinba,ijiqgjdxsskj.com
tinba,hlotctdtkjcs.com
tinba,jfestyhxhtkh.com
tinba,bnbbbuujjmfm.com
tinba,kkgjfvchqfgg.com
tinba,gojjuygjuxvy.com
tinba,llphhppivsne.com
tinba,cgfegfcfgdxt.com
tinba,eeirbcxcdgcb.com
tinba,msvbchmbospq.com
tinba,ddhhgfxjstgt.com
tinba,cgfcghppsdks.com
tinba,eeeprfgnplym.com
tinba,mqunnjdpeuhv.com
tinba,prypqnwipnyb.com
tinba,foskkjjdtton.com
tinba,nossclhfedgv.com
tinba,nosjpefgcfel.com
tinba,noscjpfghxot.com
tinba,nosqvnggdlsx.com
tinba,nowlqlirmmup.com
tinba,nghdcxmlvqyb.com
tinba,gbsimpgjkdcs.com
tinba,cqmrddssfhhs.com
tinba,ooosmlclijkc.com
tinba,dkrreerbbwoj.com
tinba,jeimxhnkrkff.com
tinba,bgwsspuyidnv.com
tinba,djmopyxlcsfw.com
tinba,ihdkfedgjnop.com
tinba,dybylbkpqhgg.com
tinba,xxfsxmxyddle.com
tinba,bbgdedebscvv.com
tinba,kobwpdxmyrst.com
tinba,engwgwdufkhh.com
tinba,hemqtvwdmrbw.com
tinba,ijgwlmnbeltd.com
tinba,hhjilkwpogfu.com
tinba,bimjswxydojs.com
tinba,fdcgnmlpmjss.com
tinba,mmuevixibfee.com
tinba,hiemeeddnckk.com
tinba,fcllufglhxss.com
tinba,ghilngsybcld.com
tinba,edcbccvepwvx.com
tinba,kgmxumbjjgmc.com
tinba,effcdocctwnj.com
tinba,nnbeueveeudg.com
tinba,jnrnkkdefbnp.com
tinba,cbeddcpbehrl.com
tinba,lhpmmrrwpcbk.com
tinba,dfhbrewmqmiq.com
tinba,edtpvwfyprmq.com
tinba,khgbcdnvvgwx.com
tinba,scdqmlcexxwn.com
tinba,dcjifctcttcr.com
tinba,bgwyyjcdskmx.com
tinba,djipmipqlklq.com
tinba,iquurbghuwwh.com
tinba,echcvwgbsxwb.com
tinba,cepxchcrcots.com
tinba,cloccbmmhtqv.com
tinba,jferqpitwwhx.com
tinba,bnmlkftlieem.com
tinba,kkxfmymncyqr.com
tinba,ghlubswhxgmf.com
tinba,ecjfhefidcpq.com
tinba,cgkxdcvltsrq.com
tinba,ejdqtschxcjn.com
tinba,oonotombkxhd.com
tinba,dkspphgvyxkh.com
tinba,jenokyqxgtkp.com
tinba,bliuxxlldvis.com
tinba,idifgcbtgtjv.com
tinba,cfehxkkwdefj.com
tinba,dghsdcrbjrix.com
tinba,feggvirbhmnm.com
tinba,swsqskjmmypg.com
tinba,ejcdnltmvqpg.com
tinba,owppqffqyuyb.com
tinba,lklmydumlkun.com
tinba,bbcdcptcjrfw.com
tinba,komuplbfosvn.com
tinba,edklltqribqw.com
tinba,kjijkydmnsbj.com
tinba,gssneetckwsc.com
tinba,ervkcxsooofr.com
tinba,bbcbwnoeejgo.com
tinba,kopelmhkcngn.com
tinba,ebdpcswosnlo.com
tinba,oonylvqykjfp.com
tinba,dknijkfuvsbw.com
tinba,jmmwvudgkkpp.com
tinba,bdkhiedovvqt.com
tinba,bfxwkcscluff.com
tinba,cihnbpejgggp.com
tinba,golldmeqphxy.com
tinba,lplsnvurbjkt.com
tinba,ggbeddujqbbc.com
tinba,ddpcvwxyxptt.com
tinba,coggfehgpfjv.com
tinba,miiwwwvqstth.com
tinba,oopmjeyjbcgj.com
tinba,dcfedpixmnib.com
tinba,bcswixhqfwnq.com
tinba,jcbcjkvyijop.com
tinba,jilwfnddgolm.com
tinba,gsribgtuhpve.com
tinba,enrllcrircqb.com
tinba,hgfiieqfvwxc.com
tinba,bfjgmcpdinkl.com
tinba,cbclpohygvus.com
tinba,llkssynbypqg.com
tinba,cbhchppfthei.com
tinba,lhplggwvvvrr.com
tinba,dffcjpklmgss.com
tinba,euusulkkbuxw.com
tinba,ejghgfgupgne.com
tinba,owwniyrnstqb.com
tinba,lswwefrrqpph.com
tinba,jmhgukipwvup.com
tinba,bfvfuefcghgc.com
tinba,cgvvwlyrqmiq.com
tinba,ejswstgschtn.com
tinba,owxmktsjyvwt.com
tinba,lknnfvqxgktp.com
tinba,bcjvvkgyykly.com
tinba,jrjeeuulcpiw.com
tinba,gwgwrghhxroc.com
tinba,iupkwggpvkll.com
tinba,ibgheihbrgvk.com
tinba,owwfwpkxufgg.com
tinba,lswvixlrvwvy.com
tinba,jmfgcdifgxub.com
tinba,bbngpifgpmuc.com
tinba,kjxpyvoxyxgd.com
tinba,gcbbidfcdwlu.com
tinba,gknopdyrceum.com
tinba,hgfbcqsrjnsr.com
tinba,bffjmxtmvwpo.com
tinba,csweilmrkfcy.com
tinba,qvjebcybffkx.com
tinba,bccgggtfwifc.com
tinba,jctyylbovcnq.com
tinba,jdefthgossnf.com
tinba,bttbsrglqrmm.com
tinba,qphijmhkrjxg.com
tinba,dgfedgfeuudk.com
tinba,fmgxpypedcru.com
tinba,jgolwvtonbby.com
tinba,fchebmeyvfsi.com
tinba,ghebcrmjcmjq.com
tinba,edhnedrbdsnu.com
tinba,kdisnmjvglvd.com
tinba,xfnduvwrrqby.com
tinba,rklirshqxgef.com
tinba,ghttdcgwwhwk.com
tinba,ekjfnmdijkxs.com
tinba,dgkjbncoghcc.com
tinba,fibrbomnipuv.com
tinba,bjbbjcqpwrqs.com
tinba,gwgnopsjyphg.com
tinba,iuqpxkhpoidb.com
tinba,ifegnjelxeum.com
tinba,dthhimjrihkc.com
tinba,sbogjiescpdl.com
tinba,skkbrxrlxftp.com
tinba,goejuhwkwhnr.com
tinba,ltjrrbmpowvy.com
tinba,kfqyrjjsgdib.com
tinba,ddeqngvymfvx.com
tinba,cdbjnmtlslmd.com
tinba,bcbedbyyypom.com
tinba,jipuhhknmpgc.com
tinba,ghiifwturofm.com
tinba,edcvtmmitlmf.com
tinba,kgjknujmllcf.com
tinba,efghnngxogpl.com
tinba,nocvodcxqrow.com
tinba,nncfpxphsrlw.com
tinba,jrvibssgsdir.com
tinba,gfgorqymuevy.com
tinba,syveluxispdl.com
tinba,gtxkcxppunnb.com
tinba,fofjhkjcollp.com
tinba,njjeesvgsbjb.com
tinba,bfnwjnooxqfg.com
tinba,cjsobpqmdonq.com
tinba,hqqqnnffsxur.com
tinba,dgjibcdghxgx.com
tinba,fiqmgxfggqbg.com
tinba,bcsogjkhkojf.com
tinba,jcbbnfmfwwrb.com
tinba,jijnwwlilulu.com
tinba,gobqtscdefcl.com
tinba,lldgfnirpgxy.com
tinba,cbfbbghidduy.com
tinba,llotevswgwjw.com
tinba,cfjflijciqqw.com
tinba,debkfemuethd.com
tinba,ddhhtcfevmcb.com
tinba,cgfkcdtwwjyf.com
tinba,eedpiuupperb.com
tinba,mmngdlwtmnoj.com
tinba,hkkkhqgjihgs.com
tinba,jcfehcpydvop.com
tinba,jfrypkneeyej.com
tinba,bceeefvspibm.com
tinba,jewpovghlwoc.com
tinba,buqqjkgvfgfb.com
tinba,rmdbctkqpdou.com
tinba,brsbjjghvfgl.com
tinba,osogpqvxcnbp.com
tinba,hmqeyclcchyx.com
tinba,ibjjuroxoopi.com
tinba,oscyrogwrqpk.com
tinba,hhpojcqbcktl.com
tinba,bcbiicwlkhiy.com
tinba,jihuhxhmjght.com
tinba,gkcdjkdovqug.com
tinba,hhhxouiudymn.com
tinba,bfjgfefvfnfm.com
tinba,cbcgingddrck.com
tinba,llttjihdnffe.com
tinba,ckjimwbpxypw.com
tinba,ibgjbfgwwpuv.com
tinba,owgvbkjnnnrs.com
tinba,lpoogdeldelk.com
tinba,gfdlvbbjnmhk.com
tinba,ssrjkhqnwckx.com
tinba,glliyggwmriy.com
tinba,hkbimnfdcbeb.com
tinba,jfjwsdhhplkr.com
tinba,belkddkjvnnn.com
tinba,bkjjjyrrstuv.com
tinba,hcgkdcltudpg.com
tinba,kkllnqqrjwvu.com
tinba,ghijkdxbjucq.com
tinba,edckdspdfqdd.com
tinba,kghgiqrrotxi.com
tinba,eidlvbsrrjnf.com
tinba,osrjkcowgppo.com
tinba,howowxuujwvr.com
tinba,bmhdcfbqhgue.com
tinba,jexufeebrbys.com
tinba,bvslfkotdprr.com
tinba,swwvbipxhdxo.com
tinba,blackfreeqazyio.cc
tinba,nvfowikhevmy.com
tinba,nvfowikhevmy.net
tinba,nvfowikhevmy.in
tinba,nvfowikhevmy.ru
tinba,sjhuqlwrqhqx.com
tinba,sjhuqlwrqhqx.net
tinba,sjhuqlwrqhqx.in
tinba,sjhuqlwrqhqx.ru
tinba,pxqgonyogeee.com
tinba,pxqgonyogeee.net
tinba,pxqgonyogeee.in
tinba,pxqgonyogeee.ru
tinba,oykjietwrmlw.com
tinba,oykjietwrmlw.net
tinba,oykjietwrmlw.in
tinba,oykjietwrmlw.ru
tinba,oqckhpiyqqll.com
tinba,oqckhpiyqqll.net
tinba,oqckhpiyqqll.in
tinba,oqckhpiyqqll.ru
tinba,oqxvkgnpxhyi.com
tinba,oqxvkgnpxhyi.net
tinba,oqxvkgnpxhyi.in
tinba,oqxvkgnpxhyi.ru
tinba,ogwcjypfehdw.com
tinba,ogwcjypfehdw.net
tinba,ogwcjypfehdw.in
tinba,ogwcjypfehdw.ru
tinba,pneidxmfmcpe.com
tinba,pneidxmfmcpe.net
tinba,pneidxmfmcpe.in
tinba,pneidxmfmcpe.ru
tinba,uuuutebcdtgh.com
tinba,uuuutebcdtgh.net
tinba,uuuutebcdtgh.in
tinba,uuuutebcdtgh.ru
tinba,hpyjdllclmjw.com
tinba,hpyjdllclmjw.net
tinba,hpyjdllclmjw.in
tinba,hpyjdllclmjw.ru
tinba,oqgoossekhir.com
tinba,oqgoossekhir.net
tinba,oqgoossekhir.in
tinba,oqgoossekhir.ru
tinba,ovbcdqqmbhoo.com
tinba,ovbcdqqmbhoo.net
tinba,ovbcdqqmbhoo.in
tinba,ovbcdqqmbhoo.ru
tinba,tuumuorqgvwg.com
tinba,tuumuorqgvwg.net
tinba,tuumuorqgvwg.in
tinba,tuumuorqgvwg.ru
tinba,imqlxttnymmy.com
tinba,imqlxttnymmy.net
tinba,imqlxttnymmy.in
tinba,imqlxttnymmy.ru
tinba,lpppwvulmrop.com
tinba,lpppwvulmrop.net
tinba,lpppwvulmrop.in
tinba,lpppwvulmrop.ru
tinba,ttwefowwdyyy.com
tinba,ttwefowwdyyy.net
tinba,ttwefowwdyyy.in
tinba,ttwefowwdyyy.ru
tinba,hqogjiujstsf.com
tinba,hqogjiujstsf.net
tinba,hqogjiujstsf.in
tinba,hqogjiujstsf.ru
tinba,yyqyhyviycru.com
tinba,yyqyhyviycru.net
tinba,yyqyhyviycru.in
tinba,yyqyhyviycru.ru
tinba,ooltunrmtrmy.com
tinba,ooltunrmtrmy.net
tinba,ooltunrmtrmy.in
tinba,ooltunrmtrmy.ru
tinba,ulpuqvvvyxyy.com
tinba,ulpuqvvvyxyy.net
tinba,ulpuqvvvyxyy.in
tinba,ulpuqvvvyxyy.ru
tinba,ocggbyonqtun.com
tinba,ocggbyonqtun.net
tinba,ocggbyonqtun.in
tinba,ocggbyonqtun.ru
tinba,dlohcvfyiqjx.com
tinba,dlohcvfyiqjx.net
tinba,dlohcvfyiqjx.in
tinba,dlohcvfyiqjx.ru
tinba,nkvvsswwwksi.com
tinba,nkvvsswwwksi.net
tinba,nkvvsswwwksi.in
tinba,nkvvsswwwksi.ru
tinba,udehrydmrkdt.com
tinba,udehrydmrkdt.net
tinba,udehrydmrkdt.in
tinba,udehrydmrkdt.ru
tinba,tuupiyyjnuyh.com
tinba,tuupiyyjnuyh.net
tinba,tuupiyyjnuyh.in
tinba,tuupiyyjnuyh.ru
tinba,imtlmqvwrmjk.com
tinba,imtlmqvwrmjk.net
tinba,imtlmqvwrmjk.in
tinba,imtlmqvwrmjk.ru
tinba,ltxqdnwiijby.com
tinba,ltxqdnwiijby.net
tinba,ltxqdnwiijby.in
tinba,ltxqdnwiijby.ru
tinba,odtdtihsmqdp.com
tinba,odtdtihsmqdp.net
tinba,odtdtihsmqdp.in
tinba,odtdtihsmqdp.ru
tinba,lcrymryllgbc.com
tinba,lcrymryllgbc.net
tinba,lcrymryllgbc.in
tinba,lcrymryllgbc.ru
tinba,rftsxlcgfmmn.com
tinba,rftsxlcgfmmn.net
tinba,rftsxlcgfmmn.in
tinba,rftsxlcgfmmn.ru
tinba,ooibcstterum.com
tinba,ooibcstterum.net
tinba,ooibcstterum.in
tinba,ooibcstterum.ru
tinba,uleepxtursfe.com
tinba,uleepxtursfe.net
tinba,uleepxtursfe.in
tinba,uleepxtursfe.ru
tinba,ourujryoncjb.com
tinba,ourujryoncjb.net
tinba,ourujryoncjb.in
tinba,ourujryoncjb.ru
tinba,sjyqvsnymeur.com
tinba,sjyqvsnymeur.net
tinba,sjyqvsnymeur.in
tinba,sjyqvsnymeur.ru
tinba,pyurbvsihkoo.com
tinba,pyurbvsihkoo.net
tinba,pyurbvsihkoo.in
tinba,pyurbvsihkoo.ru
tinba,clcsiuymhbbj.com
tinba,clcsiuymhbbj.net
tinba,clcsiuymhbbj.in
tinba,clcsiuymhbbj.ru
tinba,nijqhmmeedcq.com
tinba,nijqhmmeedcq.net
tinba,nijqhmmeedcq.in
tinba,nijqhmmeedcq.ru
tinba,nfypddikhnip.com
tinba,nfypddikhnip.net
tinba,nfypddikhnip.in
tinba,nfypddikhnip.ru
tinba,llmuusogddlg.com
tinba,llmuusogddlg.net
tinba,llmuusogddlg.in
tinba,llmuusogddlg.ru
tinba,ospsfwxwwbsd.com
tinba,ospsfwxwwbsd.net
tinba,ospsfwxwwbsd.in
tinba,ospsfwxwwbsd.ru
tinba,qdttipqnsren.com
tinba,qdttipqnsren.net
tinba,qdttipqnsren.in
tinba,qdttipqnsren.ru
tinba,xthiocgkedts.com
tinba,xthiocgkedts.net
tinba,xthiocgkedts.in
tinba,xthiocgkedts.ru
tinba,cpdmjkwiptef.com
tinba,cpdmjkwiptef.net
tinba,cpdmjkwiptef.in
tinba,cpdmjkwiptef.ru
tinba,hggxhhhpltpj.com
tinba,hggxhhhpltpj.net
tinba,hggxhhhpltpj.in
tinba,hggxhhhpltpj.ru
tinba,jltbbrffrrgd.com
tinba,jltbbrffrrgd.net
tinba,jltbbrffrrgd.in
tinba,jltbbrffrrgd.ru
tinba,jjiponiwnodg.com
tinba,jjiponiwnodg.net
tinba,jjiponiwnodg.in
tinba,jjiponiwnodg.ru
tinba,kkgctymuubef.com
tinba,kkgctymuubef.net
tinba,kkgctymuubef.in
tinba,kkgctymuubef.ru
tinba,pxgbtnfybgxi.com
tinba,pxgbtnfybgxi.net
tinba,pxgbtnfybgxi.in
tinba,pxgbtnfybgxi.ru
tinba,onbchiwtxwwx.com
tinba,onbchiwtxwwx.net
tinba,onbchiwtxwwx.in
tinba,onbchiwtxwwx.ru
tinba,xxdedjijspof.com
tinba,xxdedjijspof.net
tinba,xxdedjijspof.in
tinba,xxdedjijspof.ru
tinba,gvppwxtdhfed.com
tinba,gvppwxtdhfed.net
tinba,gvppwxtdhfed.in
tinba,gvppwxtdhfed.ru
tinba,ohxgdcfwuimg.com
tinba,ohxgdcfwuimg.net
tinba,ohxgdcfwuimg.in
tinba,ohxgdcfwuimg.ru
tinba,ykmyutoxjuqj.com
tinba,ykmyutoxjuqj.net
tinba,ykmyutoxjuqj.in
tinba,ykmyutoxjuqj.ru
tinba,xgbremrrwjjp.com
tinba,xgbremrrwjjp.net
tinba,xgbremrrwjjp.in
tinba,xgbremrrwjjp.ru
tinba,wkpiqjpmqlsp.com
tinba,wkpiqjpmqlsp.net
tinba,wkpiqjpmqlsp.in
tinba,wkpiqjpmqlsp.ru
tinba,ogwbixihlrip.com
tinba,ogwbixihlrip.net
tinba,ogwbixihlrip.in
tinba,ogwbixihlrip.ru
tinba,pneiidkjihvf.com
tinba,pneiidkjihvf.net
tinba,pneiidkjihvf.in
tinba,pneiidkjihvf.ru
tinba,uuummdqifcon.com
tinba,uuummdqifcon.net
tinba,uuummdqifcon.in
tinba,uuummdqifcon.ru
tinba,hptvvvdgxguu.com
tinba,hptvvvdgxguu.net
tinba,hptvvvdgxguu.in
tinba,hptvvvdgxguu.ru
tinba,oursreqboqrj.com
tinba,oursreqboqrj.net
tinba,oursreqboqrj.in
tinba,oursreqboqrj.ru
tinba,sjvqycppifih.com
tinba,sjvqycppifih.net
tinba,sjvqycppifih.in
tinba,sjvqycppifih.ru
tinba,phvehhoejjvn.com
tinba,phvehhoejjvn.net
tinba,phvehhoejjvn.in
tinba,phvehhoejjvn.ru
tinba,ooopgeyhqnni.com
tinba,ooopgeyhqnni.net
tinba,ooopgeyhqnni.in
tinba,ooopgeyhqnni.ru
tinba,uvvrknjvrkqn.com
tinba,uvvrknjvrkqn.net
tinba,uvvrknjvrkqn.in
tinba,uvvrknjvrkqn.ru
tinba,bcnyibqfbyrr.com
tinba,bcnyibqfbyrr.net
tinba,bcnyibqfbyrr.in
tinba,bcnyibqfbyrr.ru
tinba,slcsccpjohpj.com
tinba,slcsccpjohpj.net
tinba,slcsccpjohpj.in
tinba,slcsccpjohpj.ru
tinba,gvnpnmdnchhw.com
tinba,gvnpnmdnchhw.net
tinba,gvnpnmdnchhw.in
tinba,gvnpnmdnchhw.ru
tinba,oirytuwpxxef.com
tinba,oirytuwpxxef.net
tinba,oirytuwpxxef.in
tinba,oirytuwpxxef.ru
tinba,opxhemqgknqj.com
tinba,opxhemqgknqj.net
tinba,opxhemqgknqj.in
tinba,opxhemqgknqj.ru
tinba,ghhllyblwbnp.com
tinba,ghhllyblwbnp.net
tinba,ghhllyblwbnp.in
tinba,ghhllyblwbnp.ru
tinba,cpdudyjttkkx.com
tinba,cpdudyjttkkx.net
tinba,cpdudyjttkkx.in
tinba,cpdudyjttkkx.ru
tinba,hgvijfgpmfmv.com
tinba,hgvijfgpmfmv.net
tinba,hgvijfgpmfmv.in
tinba,hgvijfgpmfmv.ru
tinba,jxevtksxwibg.com
tinba,jxevtksxwibg.net
tinba,jxevtksxwibg.in
tinba,jxevtksxwibg.ru
tinba,oopqitsrrixc.com
tinba,oopqitsrrixc.net
tinba,oopqitsrrixc.in
tinba,oopqitsrrixc.ru
tinba,uvvpwmdoocgw.com
tinba,uvvpwmdoocgw.net
tinba,uvvpwmdoocgw.in
tinba,uvvpwmdoocgw.ru
tinba,bcqxdvgxpkbb.com
tinba,bcqxdvgxpkbb.net
tinba,bcqxdvgxpkbb.in
tinba,bcqxdvgxpkbb.ru
tinba,swvwwwpjbedw.com
tinba,swvwwwpjbedw.net
tinba,swvwwwpjbedw.in
tinba,swvwwwpjbedw.ru
tinba,ltdsvuglifrv.com
tinba,ltdsvuglifrv.net
tinba,ltdsvuglifrv.in
tinba,ltdsvuglifrv.ru
tinba,opfggxwopfkk.com
tinba,opfggxwopfkk.net
tinba,opfggxwopfkk.in
tinba,opfggxwopfkk.ru
tinba,grvrsklpkott.com
tinba,grvrsklpkott.net
tinba,grvrsklpkott.in
tinba,grvrsklpkott.ru
tinba,odgmmjwsdsrb.com
tinba,odgmmjwsdsrb.net
tinba,odgmmjwsdsrb.in
tinba,odgmmjwsdsrb.ru
tinba,lpguggvjcwve.com
tinba,lpguggvjcwve.net
tinba,lpguggvjcwve.in
tinba,lpguggvjcwve.ru
tinba,txlhnbhuufwd.com
tinba,txlhnbhuufwd.net
tinba,txlhnbhuufwd.in
tinba,txlhnbhuufwd.ru
tinba,cshyyniueefk.com
tinba,cshyyniueefk.net
tinba,cshyyniueefk.in
tinba,cshyyniueefk.ru
tinba,uddurstpbiur.com
tinba,uddurstpbiur.net
tinba,uddurstpbiur.in
tinba,uddurstpbiur.ru
tinba,ttpxryfbcdly.com
tinba,ttpxryfbcdly.net
tinba,ttpxryfbcdly.in
tinba,ttpxryfbcdly.ru
tinba,hjtwssgnnqrj.com
tinba,hjtwssgnnqrj.net
tinba,hjtwssgnnqrj.in
tinba,hjtwssgnnqrj.ru
tinba,iulydooelfno.com
tinba,iulydooelfno.net
tinba,iulydooelfno.in
tinba,iulydooelfno.ru
tinba,ohueqqrjfwnf.com
tinba,ohueqqrjfwnf.net
tinba,ohueqqrjfwnf.in
tinba,ohueqqrjfwnf.ru
tinba,yhskvvqbxclu.com
tinba,yhskvvqbxclu.net
tinba,yhskvvqbxclu.in
tinba,yhskvvqbxclu.ru
tinba,hitpxvurjqbj.com
tinba,hitpxvurjqbj.net
tinba,hitpxvurjqbj.in
tinba,hitpxvurjqbj.ru
tinba,hwbclewlhkjm.com
tinba,hwbclewlhkjm.net
tinba,hwbclewlhkjm.in
tinba,hwbclewlhkjm.ru
tinba,wislmudddliw.com
tinba,wislmudddliw.net
tinba,wislmudddliw.in
tinba,wislmudddliw.ru
tinba,oimehhhddjyb.com
tinba,oimehhhddjyb.net
tinba,oimehhhddjyb.in
tinba,oimehhhddjyb.ru
tinba,odohdpwfvfud.com
tinba,odohdpwfvfud.net
tinba,odohdpwfvfud.in
tinba,odohdpwfvfud.ru
tinba,lxwcsfudnwsk.com
tinba,lxwcsfudnwsk.net
tinba,lxwcsfudnwsk.in
tinba,lxwcsfudnwsk.ru
tinba,srqpkllgskhw.com
tinba,srqpkllgskhw.net
tinba,srqpkllgskhw.in
tinba,srqpkllgskhw.ru
tinba,sqqdkoohejgl.com
tinba,sqqdkoohejgl.net
tinba,sqqdkoohejgl.in
tinba,sqqdkoohejgl.ru
tinba,rrirbcpqrsxw.com
tinba,rrirbcpqrsxw.net
tinba,rrirbcpqrsxw.in
tinba,rrirbcpqrsxw.ru
tinba,ttbcfmqdtlxo.com
tinba,ttbcfmqdtlxo.net
tinba,ttbcfmqdtlxo.in
tinba,ttbcfmqdtlxo.ru
tinba,watchthisnow.xyz
tinba,xuconvvoonqr.pw
tinba,xuconvvoonqr.us
tinba,xuconvvoonqr.xyz
tinba,xuconvvoonqr.club
tinba,jmbjexqrvrqn.pw
tinba,jmbjexqrvrqn.us
tinba,jmbjexqrvrqn.xyz
tinba,jmbjexqrvrqn.club
tinba,cdbbyhofjxdi.pw
tinba,cdbbyhofjxdi.us
tinba,cdbbyhofjxdi.xyz
tinba,cdbbyhofjxdi.club
tinba,xxhkswdlksuf.pw
tinba,xxhkswdlksuf.us
tinba,xxhkswdlksuf.xyz
tinba,xxhkswdlksuf.club
tinba,rrcdqqevvmvo.pw
tinba,rrcdqqevvmvo.us
tinba,rrcdqqevvmvo.xyz
tinba,rrcdqqevvmvo.club
tinba,umrrlcdgfedg.pw
tinba,umrrlcdgfedg.us
tinba,umrrlcdgfedg.xyz
tinba,umrrlcdgfedg.club
tinba,hpvrbbkommmm.pw
tinba,hpvrbbkommmm.us
tinba,hpvrbbkommmm.xyz
tinba,hpvrbbkommmm.club
tinba,veqxuhibgttq.pw
tinba,veqxuhibgttq.us
tinba,veqxuhibgttq.xyz
tinba,veqxuhibgttq.club
tinba,gmedxpwnvgjb.pw
tinba,gmedxpwnvgjb.us
tinba,gmedxpwnvgjb.xyz
tinba,gmedxpwnvgjb.club
tinba,upfvslonpoff.pw
tinba,upfvslonpoff.us
tinba,upfvslonpoff.xyz
tinba,upfvslonpoff.club
tinba,xpphhrrswsxh.pw
tinba,xpphhrrswsxh.us
tinba,xpphhrrswsxh.xyz
tinba,xpphhrrswsxh.club
tinba,mmlprilinqqv.pw
tinba,mmlprilinqqv.us
tinba,mmlprilinqqv.xyz
tinba,mmlprilinqqv.club
tinba,dkjihomipmnt.pw
tinba,dkjihomipmnt.us
tinba,dkjihomipmnt.xyz
tinba,dkjihomipmnt.club
tinba,htbrcbnmhqbd.pw
tinba,htbrcbnmhqbd.us
tinba,htbrcbnmhqbd.xyz
tinba,htbrcbnmhqbd.club
tinba,fcderreiptcc.pw
tinba,fcderreiptcc.us
tinba,fcderreiptcc.xyz
tinba,fcderreiptcc.club
tinba,wiybyqhyjsty.pw
tinba,wiybyqhyjsty.us
tinba,wiybyqhyjsty.xyz
tinba,wiybyqhyjsty.club
tinba,eeyrjqmuwvdq.pw
tinba,eeyrjqmuwvdq.us
tinba,eeyrjqmuwvdq.xyz
tinba,eeyrjqmuwvdq.club
tinba,tlbcneltvjgg.pw
tinba,tlbcneltvjgg.us
tinba,tlbcneltvjgg.xyz
tinba,tlbcneltvjgg.club
tinba,eipevlwdedck.pw
tinba,eipevlwdedck.us
tinba,eipevlwdedck.xyz
tinba,eipevlwdedck.club
tinba,sugoovbcgbct.pw
tinba,sugoovbcgbct.us
tinba,sugoovbcgbct.xyz
tinba,sugoovbcgbct.club
tinba,mnetyjfnrolx.pw
tinba,mnetyjfnrolx.us
tinba,mnetyjfnrolx.xyz
tinba,mnetyjfnrolx.club
tinba,gduyqurrrrmi.pw
tinba,gduyqurrrrmi.us
tinba,gduyqurrrrmi.xyz
tinba,gduyqurrrrmi.club
tinba,xdcstofrqixf.pw
tinba,xdcstofrqixf.us
tinba,xdcstofrqixf.xyz
tinba,xdcstofrqixf.club
tinba,ffkbtpqyuyyl.pw
tinba,ffkbtpqyuyyl.us
tinba,ffkbtpqyuyyl.xyz
tinba,ffkbtpqyuyyl.club
tinba,rfylptbbipqh.pw
tinba,rfylptbbipqh.us
tinba,rfylptbbipqh.xyz
tinba,rfylptbbipqh.club
tinba,vvipxuntvorj.pw
tinba,vvipxuntvorj.us
tinba,vvipxuntvorj.xyz
tinba,vvipxuntvorj.club
tinba,mexwrdvcyvbi.pw
tinba,mexwrdvcyvbi.us
tinba,mexwrdvcyvbi.xyz
tinba,mexwrdvcyvbi.club
tinba,xejxdossgcju.pw
tinba,xejxdossgcju.us
tinba,xejxdossgcju.xyz
tinba,xejxdossgcju.club
tinba,finnrvosdnnv.pw
tinba,finnrvosdnnv.us
tinba,finnrvosdnnv.xyz
tinba,finnrvosdnnv.club
tinba,trbvvggophhk.pw
tinba,trbvvggophhk.us
tinba,trbvvggophhk.xyz
tinba,trbvvggophhk.club
tinba,fifvrooenyri.pw
tinba,fifvrooenyri.us
tinba,fifvrooenyri.xyz
tinba,fifvrooenyri.club
tinba,tpgfgdkwvfgt.pw
tinba,tpgfgdkwvfgt.us
tinba,tpgfgdkwvfgt.xyz
tinba,tpgfgdkwvfgt.club
tinba,qctkkfgwsodl.pw
tinba,qctkkfgwsodl.us
tinba,qctkkfgwsodl.xyz
tinba,qctkkfgwsodl.club
tinba,uimdvxsbcgfn.pw
tinba,uimdvxsbcgfn.us
tinba,uimdvxsbcgfn.xyz
tinba,uimdvxsbcgfn.club
tinba,cffjmlobgqbw.pw
tinba,cffjmlobgqbw.us
tinba,cffjmlobgqbw.xyz
tinba,cffjmlobgqbw.club
tinba,xkkbuehfebkt.pw
tinba,xkkbuehfebkt.us
tinba,xkkbuehfebkt.xyz
tinba,xkkbuehfebkt.club
tinba,dgdvsssjyslo.pw
tinba,dgdvsssjyslo.us
tinba,dgdvsssjyslo.xyz
tinba,dgdvsssjyslo.club
tinba,jmoiulccnnkw.pw
tinba,jmoiulccnnkw.us
tinba,jmoiulccnnkw.xyz
tinba,jmoiulccnnkw.club
tinba,cnmlonmnwnmy.pw
tinba,cnmlonmnwnmy.us
tinba,cnmlonmnwnmy.xyz
tinba,cnmlonmnwnmy.club
tinba,kduvknqtnngx.pw
tinba,kduvknqtnngx.us
tinba,kduvknqtnngx.xyz
tinba,kduvknqtnngx.club
tinba,xolkojqygoll.pw
tinba,xolkojqygoll.us
tinba,xolkojqygoll.xyz
tinba,xolkojqygoll.club
tinba,furjirrjimlo.pw
tinba,furjirrjimlo.us
tinba,furjirrjimlo.xyz
tinba,furjirrjimlo.club
tinba,gsxtkdypitqs.pw
tinba,gsxtkdypitqs.us
tinba,gsxtkdypitqs.xyz
tinba,gsxtkdypitqs.club
tinba,bbpyynimmhts.pw
tinba,bbpyynimmhts.us
tinba,bbpyynimmhts.xyz
tinba,bbpyynimmhts.club
tinba,vriiihncclgg.pw
tinba,vriiihncclgg.us
tinba,vriiihncclgg.xyz
tinba,vriiihncclgg.club
tinba,qwxjjnvlooum.pw
tinba,qwxjjnvlooum.us
tinba,qwxjjnvlooum.xyz
tinba,qwxjjnvlooum.club
tinba,qykdmuuyubjb.pw
tinba,qykdmuuyubjb.us
tinba,qykdmuuyubjb.xyz
tinba,qykdmuuyubjb.club
tinba,ksooohiriilx.pw
tinba,ksooohiriilx.us
tinba,ksooohiriilx.xyz
tinba,ksooohiriilx.club
tinba,gbjuetwwxowj.pw
tinba,gbjuetwwxowj.us
tinba,gbjuetwwxowj.xyz
tinba,gbjuetwwxowj.club
tinba,qiqqnovudygj.pw
tinba,qiqqnovudygj.us
tinba,qiqqnovudygj.xyz
tinba,qiqqnovudygj.club
tinba,gudcwwrfkkhy.pw
tinba,gudcwwrfkkhy.us
tinba,gudcwwrfkkhy.xyz
tinba,gudcwwrfkkhy.club
tinba,hkjiqobkrrgt.pw
tinba,hkjiqobkrrgt.us
tinba,hkjiqobkrrgt.xyz
tinba,hkjiqobkrrgt.club
tinba,kqjoolqigwft.pw
tinba,kqjoolqigwft.us
tinba,kqjoolqigwft.xyz
tinba,kqjoolqigwft.club
tinba,iyhvbjcrqueu.pw
tinba,iyhvbjcrqueu.us
tinba,iyhvbjcrqueu.xyz
tinba,iyhvbjcrqueu.club
tinba,xrjooxgyfwon.pw
tinba,xrjooxgyfwon.us
tinba,xrjooxgyfwon.xyz
tinba,xrjooxgyfwon.club
tinba,crsrcllrjjdj.pw
tinba,crsrcllrjjdj.us
tinba,crsrcllrjjdj.xyz
tinba,crsrcllrjjdj.club
tinba,elpsfvcbvvvw.pw
tinba,elpsfvcbvvvw.us
tinba,elpsfvcbvvvw.xyz
tinba,elpsfvcbvvvw.club
tinba,yeiwvgfgtvpc.pw
tinba,yeiwvgfgtvpc.us
tinba,yeiwvgfgtvpc.xyz
tinba,yeiwvgfgtvpc.club
tinba,sffhqocxccoc.pw
tinba,sffhqocxccoc.us
tinba,sffhqocxccoc.xyz
tinba,sffhqocxccoc.club
tinba,xlgeexyhwdxw.pw
tinba,xlgeexyhwdxw.us
tinba,xlgeexyhwdxw.xyz
tinba,xlgeexyhwdxw.club
tinba,igggbgwvypuv.pw
tinba,igggbgwvypuv.us
tinba,igggbgwvypuv.xyz
tinba,igggbgwvypuv.club
tinba,gnxnbyilqbyi.pw
tinba,gnxnbyilqbyi.us
tinba,gnxnbyilqbyi.xyz
tinba,gnxnbyilqbyi.club
tinba,vfuuxvwcglsh.pw
tinba,vfuuxvwcglsh.us
tinba,vfuuxvwcglsh.xyz
tinba,vfuuxvwcglsh.club
tinba,fycwgguydxfu.pw
tinba,fycwgguydxfu.us
tinba,fycwgguydxfu.xyz
tinba,fycwgguydxfu.club
tinba,dstdedchxypw.pw
tinba,dstdedchxypw.us
tinba,dstdedchxypw.xyz
tinba,dstdedchxypw.club
tinba,vqqqqtghdswx.pw
tinba,vqqqqtghdswx.us
tinba,vqqqqtghdswx.xyz
tinba,vqqqqtghdswx.club
tinba,lhykkggoovvu.pw
tinba,lhykkggoovvu.us
tinba,lhykkggoovvu.xyz
tinba,lhykkggoovvu.club
tinba,fcdtgpkkyngn.pw
tinba,fcdtgpkkyngn.us
tinba,fcdtgpkkyngn.xyz
tinba,fcdtgpkkyngn.club
tinba,wihrdmcfvjmb.pw
tinba,wihrdmcfvjmb.us
tinba,wihrdmcfvjmb.xyz
tinba,wihrdmcfvjmb.club
tinba,elwetxxssfub.pw
tinba,elwetxxssfub.us
tinba,elwetxxssfub.xyz
tinba,elwetxxssfub.club
tinba,yllsslwgdubc.pw
tinba,yllsslwgdubc.us
tinba,yllsslwgdubc.xyz
tinba,yllsslwgdubc.club
tinba,coggdubilrgg.pw
tinba,coggdubilrgg.us
tinba,coggdubilrgg.xyz
tinba,coggdubilrgg.club
tinba,kcxcnevlgkst.pw
tinba,kcxcnevlgkst.us
tinba,kcxcnevlgkst.xyz
tinba,kcxcnevlgkst.club
tinba,lspbwltxptsr.pw
tinba,lspbwltxptsr.us
tinba,lspbwltxptsr.xyz
tinba,lspbwltxptsr.club
tinba,wgifdonvgnbb.pw
tinba,wgifdonvgnbb.us
tinba,wgifdonvgnbb.xyz
tinba,wgifdonvgnbb.club
tinba,gtwktuqfmbut.pw
tinba,gtwktuqfmbut.us
tinba,gtwktuqfmbut.xyz
tinba,gtwktuqfmbut.club
tinba,pmvqpsdtiyog.pw
tinba,pmvqpsdtiyog.us
tinba,pmvqpsdtiyog.xyz
tinba,pmvqpsdtiyog.club
tinba,gpxcdpcdtljc.pw
tinba,gpxcdpcdtljc.us
tinba,gpxcdpcdtljc.xyz
tinba,gpxcdpcdtljc.club
tinba,duemlokotulh.pw
tinba,duemlokotulh.us
tinba,duemlokotulh.xyz
tinba,duemlokotulh.club
tinba,vyqmpofedlkd.pw
tinba,vyqmpofedlkd.us
tinba,vyqmpofedlkd.xyz
tinba,vyqmpofedlkd.club
tinba,ussskhqnrmyr.pw
tinba,ussskhqnrmyr.us
tinba,ussskhqnrmyr.xyz
tinba,ussskhqnrmyr.club
tinba,qqpcdmxoorvy.pw
tinba,qqpcdmxoorvy.us
tinba,qqpcdmxoorvy.xyz
tinba,qqpcdmxoorvy.club
tinba,wcsoopmmmlud.pw
tinba,wcsoopmmmlud.us
tinba,wcsoopmmmlud.xyz
tinba,wcsoopmmmlud.club
tinba,lsdtnluktvnu.pw
tinba,lsdtnluktvnu.us
tinba,lsdtnluktvnu.xyz
tinba,lsdtnluktvnu.club
tinba,wtlmmiiiutuy.pw
tinba,wtlmmiiiutuy.us
tinba,wtlmmiiiutuy.xyz
tinba,wtlmmiiiutuy.club
tinba,ppckcoftdxqd.pw
tinba,ppckcoftdxqd.us
tinba,ppckcoftdxqd.xyz
tinba,ppckcoftdxqd.club
tinba,ebbbgdxqjkgx.pw
tinba,ebbbgdxqjkgx.us
tinba,ebbbgdxqjkgx.xyz
tinba,ebbbgdxqjkgx.club
tinba,xnnjefgveqjv.pw
tinba,xnnjefgveqjv.us
tinba,xnnjefgveqjv.xyz
tinba,xnnjefgveqjv.club
tinba,wetwpijrowog.pw
tinba,wetwpijrowog.us
tinba,wetwpijrowog.xyz
tinba,wetwpijrowog.club
tinba,hpmnjungppqi.pw
tinba,hpmnjungppqi.us
tinba,hpmnjungppqi.xyz
tinba,hpmnjungppqi.club
tinba,vwteyqtyyhoq.pw
tinba,vwteyqtyyhoq.us
tinba,vwteyqtyyhoq.xyz
tinba,vwteyqtyyhoq.club
tinba,vyfrowlmridf.pw
tinba,vyfrowlmridf.us
tinba,vyfrowlmridf.xyz
tinba,vyfrowlmridf.club
tinba,umjonelkeklh.pw
tinba,umjonelkeklh.us
tinba,umjonelkeklh.xyz
tinba,umjonelkeklh.club
tinba,hkrjklrgnfok.pw
tinba,hkrjklrgnfok.us
tinba,hkrjklrgnfok.xyz
tinba,hkrjklrgnfok.club
tinba,kkxckpnsctkr.pw
tinba,kkxckpnsctkr.us
tinba,kkxckpnsctkr.xyz
tinba,kkxckpnsctkr.club
tinba,ggttkcrrqmnm.pw
tinba,ggttkcrrqmnm.us
tinba,ggttkcrrqmnm.xyz
tinba,ggttkcrrqmnm.club
tinba,lcfwcieuevuy.pw
tinba,lcfwcieuevuy.us
tinba,lcfwcieuevuy.xyz
tinba,lcfwcieuevuy.club
tinba,hxexttdpsruw.pw
tinba,hxexttdpsruw.us
tinba,hxexttdpsruw.xyz
tinba,hxexttdpsruw.club
tinba,emmkvgsrmrmv.pw
tinba,emmkvgsrmrmv.us
tinba,emmkvgsrmrmv.xyz
tinba,emmkvgsrmrmv.club
tinba,xcjmqkccwdle.pw
tinba,xcjmqkccwdle.us
tinba,xcjmqkccwdle.xyz
tinba,xcjmqkccwdle.club
tinba,j193hsne720uie8i.cc
tinba,pyjeufkvmjkn.com
tinba,pyjeufkvmjkn.net
tinba,pyjeufkvmjkn.biz
tinba,pyjeufkvmjkn.org
tinba,jyxqfghympqu.com
tinba,jyxqfghympqu.net
tinba,jyxqfghympqu.biz
tinba,jyxqfghympqu.org
tinba,xgrhuccfyyyv.com
tinba,xgrhuccfyyyv.net
tinba,xgrhuccfyyyv.biz
tinba,xgrhuccfyyyv.org
tinba,mrroqupifvmr.com
tinba,mrroqupifvmr.net
tinba,mrroqupifvmr.biz
tinba,mrroqupifvmr.org
tinba,forqxfpphptt.com
tinba,forqxfpphptt.net
tinba,forqxfpphptt.biz
tinba,forqxfpphptt.org
tinba,rehxhppxujko.com
tinba,rehxhppxujko.net
tinba,rehxhppxujko.biz
tinba,rehxhppxujko.org
tinba,lwwlbbgowmth.com
tinba,lwwlbbgowmth.net
tinba,lwwlbbgowmth.biz
tinba,lwwlbbgowmth.org
tinba,djvuursktxrq.com
tinba,djvuursktxrq.net
tinba,djvuursktxrq.biz
tinba,djvuursktxrq.org
tinba,inbmusggvvip.com
tinba,inbmusggvvip.net
tinba,inbmusggvvip.biz
tinba,inbmusggvvip.org
tinba,xleemvnmujij.com
tinba,xleemvnmujij.net
tinba,xleemvnmujij.biz
tinba,xleemvnmujij.org
tinba,vjnidkbbxcjk.com
tinba,vjnidkbbxcjk.net
tinba,vjnidkbbxcjk.biz
tinba,vjnidkbbxcjk.org
tinba,mlmnklrdcyhw.com
tinba,mlmnklrdcyhw.net
tinba,mlmnklrdcyhw.biz
tinba,mlmnklrdcyhw.org
tinba,rhqrbskdfuuc.com
tinba,rhqrbskdfuuc.net
tinba,rhqrbskdfuuc.biz
tinba,rhqrbskdfuuc.org
tinba,itcsrmnknqpo.com
tinba,itcsrmnknqpo.net
tinba,itcsrmnknqpo.biz
tinba,itcsrmnknqpo.org
tinba,vkkwwduvvyio.com
tinba,vkkwwduvvyio.net
tinba,vkkwwduvvyio.biz
tinba,vkkwwduvvyio.org
tinba,bcbhkemeumnu.com
tinba,bcbhkemeumnu.net
tinba,bcbhkemeumnu.biz
tinba,bcbhkemeumnu.org
tinba,glilknnnmgkk.com
tinba,glilknnnmgkk.net
tinba,glilknnnmgkk.biz
tinba,glilknnnmgkk.org
tinba,etqksscpvcpc.com
tinba,etqksscpvcpc.net
tinba,etqksscpvcpc.biz
tinba,etqksscpvcpc.org
tinba,mpccrymlfkjh.com
tinba,mpccrymlfkjh.net
tinba,mpccrymlfkjh.biz
tinba,mpccrymlfkjh.org
tinba,mgdhhqbbcgnm.com
tinba,mgdhhqbbcgnm.net
tinba,mgdhhqbbcgnm.biz
tinba,mgdhhqbbcgnm.org
tinba,lscphunwnqdx.com
tinba,lscphunwnqdx.net
tinba,lscphunwnqdx.biz
tinba,lscphunwnqdx.org
tinba,hsphrmhswrsr.com
tinba,hsphrmhswrsr.net
tinba,hsphrmhswrsr.biz
tinba,hsphrmhswrsr.org
tinba,ttuoodemeecc.com
tinba,ttuoodemeecc.net
tinba,ttuoodemeecc.biz
tinba,ttuoodemeecc.org
tinba,bcfebsvulepu.com
tinba,bcfebsvulepu.net
tinba,bcfebsvulepu.biz
tinba,bcfebsvulepu.org
tinba,glifvyxrcnvp.com
tinba,glifvyxrcnvp.net
tinba,glifvyxrcnvp.biz
tinba,glifvyxrcnvp.org
tinba,etoccdgklsby.com
tinba,etoccdgklsby.net
tinba,etoccdgklsby.biz
tinba,etoccdgklsby.org
tinba,mlifqhucyqij.com
tinba,mlifqhucyqij.net
tinba,mlifqhucyqij.biz
tinba,mlifqhucyqij.org
tinba,rhbnbumrdocc.com
tinba,rhbnbumrdocc.net
tinba,rhbnbumrdocc.biz
tinba,rhbnbumrdocc.org
tinba,icupqyyvwben.com
tinba,icupqyyvwben.net
tinba,icupqyyvwben.biz
tinba,icupqyyvwben.org
tinba,lunkhifghvet.com
tinba,lunkhifghvet.net
tinba,lunkhifghvet.biz
tinba,lunkhifghvet.org
tinba,nsqwhhymvfyr.com
tinba,nsqwhhymvfyr.net
tinba,nsqwhhymvfyr.biz
tinba,nsqwhhymvfyr.org
tinba,ujstsqemuuee.com
tinba,ujstsqemuuee.net
tinba,ujstsqemuuee.biz
tinba,ujstsqemuuee.org
tinba,mmittmqtmbbw.com
tinba,mmittmqtmbbw.net
tinba,mmittmqtmbbw.biz
tinba,mmittmqtmbbw.org
tinba,boximcdefqfo.com
tinba,boximcdefqfo.net
tinba,boximcdefqfo.biz
tinba,boximcdefqfo.org
tinba,fkkkkgnsgkch.com
tinba,fkkkkgnsgkch.net
tinba,fkkkkgnsgkch.biz
tinba,fkkkkgnsgkch.org
tinba,hofopppedyfr.com
tinba,hofopppedyfr.net
tinba,hofopppedyfr.biz
tinba,hofopppedyfr.org
tinba,mehgcbghbyhh.com
tinba,mehgcbghbyhh.net
tinba,mehgcbghbyhh.biz
tinba,mehgcbghbyhh.org
tinba,leejyeerbbbh.com
tinba,leejyeerbbbh.net
tinba,leejyeerbbbh.biz
tinba,leejyeerbbbh.org
tinba,lcwwobiuuiyi.com
tinba,lcwwobiuuiyi.net
tinba,lcwwobiuuiyi.biz
tinba,lcwwobiuuiyi.org
tinba,hpkbyttevrwg.com
tinba,hpkbyttevrwg.net
tinba,hpkbyttevrwg.biz
tinba,hpkbyttevrwg.org
tinba,mfrtsjooydck.com
tinba,mfrtsjooydck.net
tinba,mfrtsjooydck.biz
tinba,mfrtsjooydck.org
tinba,lcrsljldlqec.com
tinba,lcrsljldlqec.net
tinba,lcrsljldlqec.biz
tinba,lcrsljldlqec.org
tinba,hgynktuyxqru.com
tinba,hgynktuyxqru.net
tinba,hgynktuyxqru.biz
tinba,hgynktuyxqru.org
tinba,hgxpcwtwfetw.com
tinba,hgxpcwtwfetw.net
tinba,hgxpcwtwfetw.biz
tinba,hgxpcwtwfetw.org
tinba,hgdymfookmhv.com
tinba,hgdymfookmhv.net
tinba,hgdymfookmhv.biz
tinba,hgdymfookmhv.org
tinba,hoyyqtsdiuqh.com
tinba,hoyyqtsdiuqh.net
tinba,hoyyqtsdiuqh.biz
tinba,hoyyqtsdiuqh.org
tinba,mnsowrkdvksg.com
tinba,mnsowrkdvksg.net
tinba,mnsowrkdvksg.biz
tinba,mnsowrkdvksg.org
tinba,eexuvwtwvopp.com
tufik,mxwskvfdnvjvunmu.biz
tufik,mxwskvfdnvjvunmu.com
tufik,iznnozewyrfijt.net
tufik,iznnozewyrfijt.org
tufik,dwnpldldxssrjt.info
tufik,dwnpldldxssrjt.biz
tufik,esjbnqjwtpunqnfm.org
tufik,esjbnqjwtpunqnfm.com
tufik,ftqjrrqpozknupsd.info
tufik,ftqjrrqpozknupsd.org
tufik,hugnthvmlkipiuz.biz
tufik,hugnthvmlkipiuz.com
tufik,qooiqtiqlikiqjzh.info
tufik,qooiqtiqlikiqjzh.com
tufik,skiopxseltlvqiu.net
tufik,skiopxseltlvqiu.biz
tufik,tkgtlpzgwrkpjqoe.info
tufik,tkgtlpzgwrkpjqoe.com
tufik,qpwqnryrikpugri.org
tufik,qpwqnryrikpugri.com
tufik,wujkpysgjpikysn.biz
tufik,wujkpysgjpikysn.org
tufik,mkxhwtxfpsxrnpop.net
tufik,mkxhwtxfpsxrnpop.com
tufik,tlmrnpsvxonxhdxn.info
tufik,tlmrnpsvxonxhdxn.biz
tufik,msjndsporqnnqmo.net
tufik,msjndsporqnnqmo.org
tufik,rrlplwekpnqiqxkn.info
tufik,rrlplwekpnqiqxkn.com
tufik,uvjumxgiewjqeis.biz
tufik,uvjumxgiewjqeis.com
tufik,gnpiovnfmvdejsi.info
tufik,gnpiovnfmvdejsi.org
tufik,ntjyhoulummqlqo.net
tufik,ntjyhoulummqlqo.biz
tufik,sqqqlrqcqjovyowp.info
tufik,sqqqlrqcqjovyowp.com
tufik,voixsjsoixgpyj.net
tufik,voixsjsoixgpyj.org
tufik,sulhpxmpsuqxvnvs.biz
tufik,sulhpxmpsuqxvnvs.com
tufik,ponrvdndoutnwpp.org
tufik,ponrvdndoutnwpp.com
tufik,argnrmjqiujskul.info
tufik,argnrmjqiujskul.biz
tufik,oroskolwlynocco.net
tufik,oroskolwlynocco.com
tufik,rlvsrkwplsqxcqlr.info
tufik,rlvsrkwplsqxcqlr.com
tufik,dojpkpkjqqvtzsrr.biz
tufik,dojpkpkjqqvtzsrr.org
tufik,pkijtmmisjixyilp.info
tufik,pkijtmmisjixyilp.com
tufik,socsenjoisqgrwo.org
tufik,socsenjoisqgrwo.biz
tufik,izycjwvtpnxnosp.info
tufik,izycjwvtpnxnosp.org
tufik,zibewrktfahrtllw.net
tufik,zibewrktfahrtllw.com
tufik,vrqulmcpirhluqs.biz
tufik,vrqulmcpirhluqs.com
tufik,llhcomtgfpvyoiqz.net
tufik,llhcomtgfpvyoiqz.org
tufik,qjhlswuopmegxio.info
tufik,qjhlswuopmegxio.biz
tufik,ogphzphvxwqsbrpn.org
tufik,ogphzphvxwqsbrpn.com
tufik,gzliqzmakspvlpne.info
tufik,gzliqzmakspvlpne.org
tufik,ohexpwkudopoi.biz
tufik,ohexpwkudopoi.com
tufik,mlxwbhcipsoqwr.info
tufik,mlxwbhcipsoqwr.com
tufik,omhigpuzopvzhje.net
tufik,omhigpuzopvzhje.biz
tufik,kotolmutfnusznv.info
tufik,kotolmutfnusznv.com
tufik,iohnmgturpgkphm.org
tufik,iohnmgturpgkphm.com
tufik,rxjvqnfmpxttqizl.biz
tufik,rxjvqnfmpxttqizl.org
tufik,iodcigrapfsigt.net
tufik,iodcigrapfsigt.com
tufik,zrmlnlrzoqzvml.info
tufik,zrmlnlrzoqzvml.biz
tufik,bpqereuupnznm.net
tufik,bpqereuupnznm.org
tufik,tcppiqoqpmwjkdp.info
tufik,tcppiqoqpmwjkdp.com
tufik,ehkhkqtluqgfetb.biz
tufik,ehkhkqtluqgfetb.com
tufik,mokzukxjwfkgmjsq.info
tufik,mokzukxjwfkgmjsq.org
tufik,mxutgirlmkjpnrcp.net
tufik,mxutgirlmkjpnrcp.biz
tufik,ruthovdmhgelrfnu.info
tufik,ruthovdmhgelrfnu.com
tufik,wwmsfcjhnotlqmm.net
tufik,wwmsfcjhnotlqmm.org
tufik,xsoowvdvlwbmplq.biz
tufik,xsoowvdvlwbmplq.com
tufik,uwhuwnttkgsjmrp.org
tufik,uwhuwnttkgsjmrp.com
tufik,wonrkqemctnsuhtl.info
tufik,wonrkqemctnsuhtl.biz
tufik,jppymhsvxqqqwvw.net
tufik,jppymhsvxqqqwvw.com
tufik,mqcotfkzvznoptw.info
tufik,mqcotfkzvznoptw.com
tufik,wxjwqozrmfmzs.biz
tufik,wxjwqozrmfmzs.org
tufik,sdlconvvsnrhri.info
tufik,sdlconvvsnrhri.com
tufik,sptkpzeshpmlnq.org
tufik,sptkpzeshpmlnq.biz
tufik,pzhmvmxlhgxnlmr.info
tufik,pzhmvmxlhgxnlmr.org
tufik,tijufirmqsrsqjkw.net
tufik,tijufirmqsrsqjkw.com
tufik,qmfopfzogclhuaik.biz
tufik,qmfopfzogclhuaik.com
tufik,ssjoniqpsnvggqh.net
tufik,ssjoniqpsnvggqh.org
tufik,kogxveifskzkwnfo.info
tufik,kogxveifskzkwnfo.biz
tufik,eqrfsnvqjpqdorsf.org
tufik,eqrfsnvqjpqdorsf.com
tufik,jorvswuucxsyhoqd.info
tufik,jorvswuucxsyhoqd.org
tufik,okylxqpqkspqqqwr.biz
tufik,okylxqpqkspqqqwr.com
tufik,ntoixlqqpnwznqmp.info
tufik,ntoixlqqpnwznqmp.com
tufik,dqokxplpncpymtg.net
tufik,dqokxplpncpymtg.biz
tufik,tguswkjluzrcnsv.info
tufik,tguswkjluzrcnsv.com
tufik,pfrplzlhiylqns.org
tufik,pfrplzlhiylqns.com
tufik,qjqngvpimulipfg.biz
tufik,qjqngvpimulipfg.org
tufik,nuffnountemtnbgt.net
tufik,nuffnountemtnbgt.com
tufik,kymusgxykqhljkyn.info
tufik,kymusgxykqhljkyn.biz
tufik,gtopatlvrxzsvw.net
tufik,gtopatlvrxzsvw.org
tufik,xoonuwrhtowgln.info
tufik,xoonuwrhtowgln.com
tufik,npzepjozykluxrqi.biz
tufik,npzepjozykluxrqi.com
tufik,hoxljwuvbsxmmm.info
tufik,hoxljwuvbsxmmm.org
tufik,fxucikrmugklnstk.net
tufik,fxucikrmugklnstk.biz
tufik,uojgorsodquzhgtr.info
tufik,uojgorsodquzhgtr.com
tufik,pjqzrqiqfnjidf.net
tufik,pjqzrqiqfnjidf.org
tufik,oioeefdhwjwyynpt.biz
tufik,oioeefdhwjwyynpt.com
tufik,nqfnnfrimviqmvzw.org
tufik,nqfnnfrimviqmvzw.com
tufik,oolgzjprkwfjpuf.info
tufik,oolgzjprkwfjpuf.biz
tufik,qqskwgpnssjizryi.net
tufik,qqskwgpnssjizryi.com
tufik,oqijipoiyfndrp.info
tufik,oqijipoiyfndrp.com
tufik,rojjripxexlsunpn.biz
tufik,rojjripxexlsunpn.org
tufik,iekrwtdzknjmovz.info
tufik,iekrwtdzknjmovz.com
tufik,kqurzxlhvnqot.org
tufik,kqurzxlhvnqot.biz
tufik,qszxoqvwqprpoqv.info
tufik,qszxoqvwqprpoqv.org
tufik,fzvpkohptxqmvvz.net
tufik,fzvpkohptxqmvvz.com
tufik,rmlrrvwwrxsbvwk.biz
tufik,rmlrrvwwrxsbvwk.com
tufik,hqqqlovkrousphmg.net
tufik,hqqqlovkrousphmg.org
tufik,jsysbsvhgpssrhls.info
tufik,jsysbsvhgpssrhls.biz
tufik,putyjikmosnphxi.org
tufik,putyjikmosnphxi.com
tufik,owuwxlpqforrit.info
tufik,owuwxlpqforrit.org
tufik,nsvqrbnlrderdrsn.biz
tufik,nsvqrbnlrderdrsn.com
tufik,yimiiemopiyrfoj.info
tufik,yimiiemopiyrfoj.com
tufik,lypgtfhsxpxjpmsq.net
tufik,lypgtfhsxpxjpmsq.biz
tufik,lqcmstroldrkhms.info
tufik,lqcmstroldrkhms.com
tufik,xqvqtkmijgqzqn.org
tufik,xqvqtkmijgqzqn.com
tufik,gdhylmmyrsklvjw.biz
tufik,gdhylmmyrsklvjw.org
tufik,fsejrhgxhxommwu.net
tufik,fsejrhgxhxommwu.com
tufik,rpwxswxuruwvq.info
tufik,rpwxswxuruwvq.biz
tufik,rzkqxqlnhsrrrsof.net
tufik,rzkqxqlnhsrrrsof.org
tufik,owolrnlmjhf.info
tufik,owolrnlmjhf.com
tufik,osnomnwgipamtr.biz
tufik,osnomnwgipamtr.com
tufik,hjmtgwettluptst.info
tufik,hjmtgwettluptst.org
tufik,lmxnnzuspnrdnp.net
tufik,lmxnnzuspnrdnp.biz
tufik,frpxslsewxnkpgq.info
tufik,frpxslsewxnkpgq.com
tufik,nouphhqmirpmvqkk.net
tufik,nouphhqmirpmvqkk.org
tufik,oolfmnpmilrdyk.biz
tufik,oolfmnpmilrdyk.com
tufik,rosqykfgkfjieyw.org
tufik,rosqykfgkfjieyw.com
tufik,rjpwmyscmogmqum.info
tufik,rjpwmyscmogmqum.biz
tufik,uiojkoomumpnvvpr.net
tufik,uiojkoomumpnvvpr.com
tufik,ckvfmppcttrpfz.info
tufik,ckvfmppcttrpfz.com
tufik,mvsjqwsnmpjppsv.biz
tufik,mvsjqwsnmpjppsv.org
tufik,mfwvubngihmwq.info
tufik,mfwvubngihmwq.com
tufik,vqrxnapvdtgvzqq.org
tufik,vqrxnapvdtgvzqq.biz
tufik,kqurlkoupsumrvwx.info
tufik,kqurlkoupsumrvwx.org
tufik,zltwjkpsswiozzk.net
tufik,zltwjkpsswiozzk.com
tufik,dosozyeqsurtnoy.biz
tufik,dosozyeqsurtnoy.com
tufik,pudjlsxgjxtupdvi.net
tufik,pudjlsxgjxtupdvi.org
tufik,vqsbkwndriwpwwyp.info
tufik,vqsbkwndriwpwwyp.biz
tufik,srjsoqisjiqmrvss.org
tufik,srjsoqisjiqmrvss.com
tufik,yskovlmgvmoxwo.info
tufik,yskovlmgvmoxwo.org
tufik,lmmqgpwrpyktvtso.biz
tufik,lmmqgpwrpyktvtso.com
tufik,uqvcpkocnqlplur.info
tufik,uqvcpkocnqlplur.com
tufik,pxvoqxdiwstfgiw.net
tufik,pxvoqxdiwstfgiw.biz
tufik,jofuitjwploertao.info
tufik,jofuitjwploertao.com
tufik,nyosopskoloipnkh.org
tufik,nyosopskoloipnkh.com
tufik,psvrmhmphiwjyktu.biz
tufik,psvrmhmphiwjyktu.org
tufik,mmlirwtqwwl.net
tufik,mmlirwtqwwl.com
tufik,mejqgksuhoottqkj.info
tufik,mejqgksuhoottqkj.biz
tufik,vyvrvyprdjpppnq.net
tufik,vyvrvyprdjpppnq.org
tufik,nnowvrkprufiekho.info
tufik,nnowvrkprufiekho.com
tufik,xguthjkqsopsfimo.biz
tufik,xguthjkqsopsfimo.com
tufik,qomboemkspvokimy.info
tufik,qomboemkspvokimy.org
tufik,vvmdztjskmqhup.net
tufik,vvmdztjskmqhup.biz
tufik,gnlzoniuuszouuko.info
tufik,gnlzoniuuszouuko.com
tufik,rpwqgujnzyyrlji.net
tufik,rpwqgujnzyyrlji.org
tufik,bsowlgoovoxohy.biz
tufik,bsowlgoovoxohy.com
tufik,ostuloxwtkohtoqx.org
tufik,ostuloxwtkohtoqx.com
tufik,ywujsrmhujgeyrq.info
tufik,ywujsrmhujgeyrq.biz
tufik,sirtmmtsuphfkym.net
tufik,sirtmmtsuphfkym.com
tufik,wmplrfbnvrxnmufw.info
tufik,wmplrfbnvrxnmufw.com
tufik,ssduulbplmjoqglw.biz
tufik,ssduulbplmjoqglw.org
tufik,mtmfnnbhxkkexj.info
tufik,mtmfnnbhxkkexj.com
tufik,iiqsntokpkjrhxpk.org
tufik,iiqsntokpkjrhxpk.biz
tufik,hofnrqtomhjlpmpn.info
tufik,hofnrqtomhjlpmpn.org
tufik,kvnuphljcqvqhs.net
tufik,kvnuphljcqvqhs.com
tufik,lnoyfznfeqhne.biz
tufik,lnoyfznfeqhne.com
tufik,dpbzkphopswut.net
tufik,dpbzkphopswut.org
tufik,oshpsgpmofpkrws.info
tufik,oshpsgpmofpkrws.biz
tufik,yskqnqrpxnfqrvhp.org
tufik,yskqnqrpxnfqrvhp.com
tufik,mutxpnjksvyrl.info
tufik,mutxpnjksvyrl.org
tufik,vtkeomvoqaeqmkq.biz
tufik,vtkeomvoqaeqmkq.com
tufik,tcftslcxmnxgqwrr.info
tufik,tcftslcxmnxgqwrr.com
tufik,mhcqlhnppvsrd.net
tufik,mhcqlhnppvsrd.biz
tufik,xwuoupqwimitiwg.info
tufik,xwuoupqwimitiwg.com
tufik,bwsisqnwrizgmjym.org
tufik,bwsisqnwrizgmjym.com
tufik,wxzglpssluuhvuo.biz
tufik,wxzglpssluuhvuo.org
tufik,rmunlnqmohrmsxu.net
tufik,rmunlnqmohrmsxu.com
tufik,xnnuwvcumsehsh.info
tufik,xnnuwvcumsehsh.biz
tufik,xjvrrgslozvmhsrg.net
tufik,xjvrrgslozvmhsrg.org
tufik,pqknerqsrsmqfdnv.info
tufik,pqknerqsrsmqfdnv.com
tufik,pimioylqykoqey.biz
tufik,pimioylqykoqey.com
tufik,sqhlotnbosqxzmj.info
tufik,sqhlotnbosqxzmj.org
tufik,oohnuhqwnvwim.net
tufik,oohnuhqwnvwim.biz
tufik,emjevjlqlnpkhg.info
tufik,emjevjlqlnpkhg.com
tufik,lrloyujjnpvofonp.net
tufik,lrloyujjnpvofonp.org
tufik,rxyeysnkglllbvg.biz
tufik,rxyeysnkglllbvg.com
tufik,scjxmpctzvkqqhn.org
tufik,scjxmpctzvkqqhn.com
tufik,kwhhjnsgsmrlek.info
tufik,kwhhjnsgsmrlek.biz
tufik,xvdglekuocqelqp.net
tufik,xvdglekuocqelqp.com
tufik,phpwjcjjlortko.info
tufik,phpwjcjjlortko.com
tufik,lyootuldnvoqopjf.biz
tufik,lyootuldnvoqopjf.org
tufik,ttphgmyfsrnlxokq.info
tufik,ttphgmyfsrnlxokq.com
tufik,ygyowotqmvldignl.org
tufik,ygyowotqmvldignl.biz
tufik,twreoxykturusnyx.info
tufik,twreoxykturusnyx.org
tufik,mhxlwddgrio.net
tufik,mhxlwddgrio.com
tufik,idvwdyrxooornwk.biz
tufik,idvwdyrxooornwk.com
tufik,jnmcrtmhknlopcon.net
tufik,jnmcrtmhknlopcon.org
tufik,rxrzqspkuypolq.info
tufik,rxrzqspkuypolq.biz
tufik,jsttgzurtnkrbi.org
tufik,jsttgzurtnkrbi.com
tufik,oohrppwnposdfuls.info
tufik,oohrppwnposdfuls.org
tufik,tolhsslookrqg.biz
tufik,tolhsslookrqg.com
tufik,fxveniqpcqhlgpnz.info
tufik,fxveniqpcqhlgpnz.com
tufik,pzqwnwqlpmwyouu.net
tufik,pzqwnwqlpmwyouu.biz
tufik,tnnfptqljzmvulw.info
tufik,tnnfptqljzmvulw.com
tufik,ufmklppihsoydnke.org
tufik,ufmklppihsoydnke.com
tufik,klvvsyojojsppwm.biz
tufik,klvvsyojojsppwm.org
tufik,tmmjwlypstnlkr.net
tufik,tmmjwlypstnlkr.com
tufik,qplgqiyqrddys.info
tufik,qplgqiyqrddys.biz
tufik,ofrrmisuszzqw.net
tufik,ofrrmisuszzqw.org
tufik,mqoqogpxlkchjumh.info
tufik,mqoqogpxlkchjumh.com
tufik,tutrrjuumnimttip.biz
tufik,tutrrjuumnimttip.com
tufik,tvpyimprrkwpvmtn.info
tufik,tvpyimprrkwpvmtn.org
tufik,vvprpvrsmpvkgojs.net
tufik,vvprpvrsmpvkgojs.biz
tufik,wpkirjkjxohpnytr.info
tufik,wpkirjkjxohpnytr.com
tufik,wtsxngsgrqeggj.net
tufik,wtsxngsgrqeggj.org
tufik,rroozppwmnsurvj.biz
tufik,rroozppwmnsurvj.com
tufik,erogwflgpujqhopl.org
tufik,erogwflgpujqhopl.com
tufik,rylgmttpmlqwlss.info
tufik,rylgmttpmlqwlss.biz
tufik,qrjhntjofqkuoiv.net
tufik,qrjhntjofqkuoiv.com
tufik,xirlyssoqminfqr.info
tufik,xirlyssoqminfqr.com
tufik,mlrdqmhlxnmowbi.biz
tufik,mlrdqmhlxnmowbi.org
tufik,plpoehniulvmusl.info
tufik,plpoehniulvmusl.com
tufik,sqrnvludqxqknmno.org
tufik,sqrnvludqxqknmno.biz
tufik,wbqsvjnrjpypmqs.info
tufik,wbqsvjnrjpypmqs.org
tufik,ogyrkownxdhnqiiq.net
tufik,ogyrkownxdhnqiiq.com
tufik,ihuvnvnyvpqppef.biz
tufik,ihuvnvnyvpqppef.com
tufik,mqpnmysztureih.net
tufik,mqpnmysztureih.org
tufik,rjyrzhohhtqvnum.info
tufik,rjyrzhohhtqvnum.biz
tufik,qkntoqrqjiaqzpr.org
tufik,qkntoqrqjiaqzpr.com
tufik,rjmjrvhgmrerngg.info
tufik,rjmjrvhgmrerngg.org
tufik,shbukhqpsjmvlyyc.biz
tufik,shbukhqpsjmvlyyc.com
tufik,xfeprqrnvyvlxfk.info
tufik,xfeprqrnvyvlxfk.com
tufik,lzeodtowjjnjytno.net
tufik,lzeodtowjjnjytno.biz
tufik,zpkgrkrykzxys.info
tufik,zpkgrkrykzxys.com
tufik,odguszqnpmqqolno.org
tufik,odguszqnpmqqolno.com
tufik,lrvogtpsmwexqp.biz
tufik,lrvogtpsmwexqp.org
tufik,wrlunumtxprhqx.net
tufik,wrlunumtxprhqx.com
tufik,mbjqdvwexjoijmns.info
tufik,mbjqdvwexjoijmns.biz
tufik,mdwtwztnxulmrtls.net
tufik,mdwtwztnxulmrtls.org
tufik,yrqtoymqqjxpukk.info
tufik,yrqtoymqqjxpukk.com
tufik,ogmvtrzbotwvotx.biz
tufik,ogmvtrzbotwvotx.com
tufik,pzhnpqojymzjtrb.info
tufik,pzhnpqojymzjtrb.org
tufik,ehmmtxusvwkujymr.net
tufik,ehmmtxusvwkujymr.biz
tufik,pycxkxuinsxjnin.info
tufik,pycxkxuinsxjnin.com
tufik,pnmolqkhnqpoinp.net
tufik,pnmolqkhnqpoinp.org
tufik,cirqpvvyfwrskt.biz
tufik,cirqpvvyfwrskt.com
tufik,lgjoyrhnjljlyimt.org
tufik,lgjoyrhnjljlyimt.com
tufik,grlvorbkkjpmmlo.info
tufik,grlvorbkkjpmmlo.biz
tufik,qtyfhpsrmrzlukgx.net
tufik,qtyfhpsrmrzlukgx.com
tufik,ltmquourqkordm.info
tufik,ltmquourqkordm.com
tufik,irkrezyhqvjcwqgy.biz
tufik,irkrezyhqvjcwqgy.org
tufik,pailwgphspppsogf.info
tufik,pailwgphspppsogf.com
tufik,yolvvmtwojqiuzqt.org
tufik,yolvvmtwojqiuzqt.biz
tufik,nvohvxosfwrlixut.info
tufik,nvohvxosfwrlixut.org
tufik,kmsptozdzimqxmu.net
tufik,kmsptozdzimqxmu.com
tufik,kwjrnmpuesnxunk.biz
tufik,kwjrnmpuesnxunk.com
tufik,pbfmkofsllkstrcq.net
tufik,pbfmkofsllkstrcq.org
tufik,ptxspspsiswvc.info
tufik,ptxspspsiswvc.biz
tufik,vnmvhwvnuqlfeob.org
tufik,vnmvhwvnuqlfeob.com
tufik,ibzlnvmnsrqrmwie.info
tufik,ibzlnvmnsrqrmwie.org
tufik,xyrrmskrppiohrt.biz
tufik,xyrrmskrppiohrt.com
tufik,wvkdqttrfuijcs.info
tufik,wvkdqttrfuijcs.com
tufik,wmqohmpvjgplnkt.net
tufik,wmqohmpvjgplnkt.biz
tufik,gzeflqkslpyvpnot.info
tufik,gzeflqkslpyvpnot.com
tufik,qonahdoyxqrvniv.org
tufik,qonahdoyxqrvniv.com
tufik,komioufjkhrqrwst.biz
tufik,komioufjkhrqrwst.org
tufik,uimtlpxvprolmkxn.net
tufik,uimtlpxvprolmkxn.com
tufik,nyrqkmnulfirkhvk.info
tufik,nyrqkmnulfirkhvk.biz
tufik,utpdpomqopjwig.net
tufik,utpdpomqopjwig.org
tufik,qypolozrxjfkzvc.info
tufik,qypolozrxjfkzvc.com
tufik,mdsplivsrkqtopih.biz
tufik,mdsplivsrkqtopih.com
tufik,rvdodmovolhlef.info
tufik,rvdodmovolhlef.org
tufik,lvptyruxsqoyoqn.net
tufik,lvptyruxsqoyoqn.biz
tufik,ioeqyugpvbnxjluh.info
tufik,ioeqyugpvbnxjluh.com
tufik,eqkomopsqoymrwsj.net
tufik,eqkomopsqoymrwsj.org
tufik,ltrzttdjtvwnehz.biz
tufik,ltrzttdjtvwnehz.com
tufik,kiurojfdirqmipmg.org
tufik,kiurojfdirqmipmg.com
tufik,zvsuhqsurelnkhq.info
tufik,zvsuhqsurelnkhq.biz
tufik,knnsjurxomyrenu.net
tufik,knnsjurxomyrenu.com
tufik,khszmmuuusvkgnss.info
tufik,khszmmuuusvkgnss.com
tufik,ukvugmxptnhnsqzv.biz
tufik,ukvugmxptnhnsqzv.org
tufik,hinkhqumofqwunn.info
tufik,hinkhqumofqwunn.com
tufik,hfldhlnmqzxdwnoh.org
tufik,hfldhlnmqzxdwnoh.biz
tufik,mlnmjlsmuehiysyw.info
tufik,mlnmjlsmuehiysyw.org
tufik,onixgonobxpjxts.net
tufik,onixgonobxpjxts.com
tufik,twungnvnksuqpxsc.biz
tufik,twungnvnksuqpxsc.com
tufik,lrulplttjqoryhr.net
tufik,lrulplttjqoryhr.org
tufik,mdkfczsnchulmxht.info
tufik,mdkfczsnchulmxht.biz
tufik,zhmolptdjquonksl.org
tufik,zhmolptdjquonksl.com
tufik,lrqipixqhlhtszt.info
tufik,lrqipixqhlhtszt.org
tufik,olfralzsyqoxnozn.biz
tufik,olfralzsyqoxnozn.com
tufik,krlynpsvvftwcs.info
tufik,krlynpsvvftwcs.com
tufik,jssukzxuojdowlt.net
tufik,jssukzxuojdowlt.biz
tufik,qoqmvlvvmvqufirk.info
tufik,qoqmvlvvmvqufirk.com
tufik,wiuponlpvoti.org
tufik,wiuponlpvoti.com
tufik,vkwtrqiwxhtfcpg.biz
tufik,vkwtrqiwxhtfcpg.org
tufik,dnnkvkdockogjrw.net
tufik,dnnkvkdockogjrw.com
tufik,vmnopvxrrtnkrqqm.info
tufik,vmnopvxrrtnkrqqm.biz
tufik,lmxkkhomuijigok.net
tufik,lmxkkhomuijigok.org
tufik,rtuldsnutufrhmnu.info
tufik,rtuldsnutufrhmnu.com
tufik,drurfqwweohwuzo.biz
tufik,drurfqwweohwuzo.com
tufik,ryawtuowprwdlwne.info
tufik,ryawtuowprwdlwne.org
tufik,owkjnpthvurtfuls.net
tufik,owkjnpthvurtfuls.biz
tufik,ikwpjwrskffyyqb.info
tufik,ikwpjwrskffyyqb.com
tufik,rltzmptzwpoyq.net
tufik,rltzmptzwpoyq.org
tufik,jpjsfqvgopnpqvpw.biz
tufik,jpjsfqvgopnpqvpw.com
tufik,xvpywpsqxoqdjpng.org
tufik,xvpywpsqxoqdjpng.com
tufik,iinsjrkiillnyu.info
tufik,iinsjrkiillnyu.biz
tufik,wsvrqeyttvnyrcs.net
tufik,wsvrqeyttvnyrcs.com
tufik,pijsmvberytljqg.info
tufik,pijsmvberytljqg.com
tufik,supnsgpldwkjm.biz
tufik,supnsgpldwkjm.org
tufik,yujvopyilctclv.info
tufik,yujvopyilctclv.com
tufik,pljhfuhlgmdk.org
tufik,pljhfuhlgmdk.biz
tufik,gwqfhxnryzpztzif.info
tufik,gwqfhxnryzpztzif.org
tufik,ttwtzuuxpobsxxv.net
tufik,ttwtzuuxpobsxxv.com
tufik,vhvwlpiwscupehh.biz
tufik,vhvwlpiwscupehh.com
tufik,drpfofmblqwsqznu.net
tufik,drpfofmblqwsqznu.org
tufik,mzsfqslnlqvskmb.info
tufik,mzsfqslnlqvskmb.biz
tufik,rnznpflnpfnogsu.org
tufik,rnznpflnpfnogsu.com
tufik,krttmkbuvvwkotfl.info
tufik,krttmkbuvvwkotfl.org
tufik,kutjvlsntqwlkshz.biz
tufik,kutjvlsntqwlkshz.com
tufik,hpirsnxojzmskoet.info
tufik,hpirsnxojzmskoet.com
tufik,rijwrpmrulvkxxmq.net
tufik,rijwrpmrulvkxxmq.biz
tufik,nnnprpqmkcrgzv.info
tufik,nnnprpqmkcrgzv.com
tufik,zqhdrhrvxqltmg.org
tufik,zqhdrhrvxqltmg.com
tufik,zvruvsfimpcepon.biz
tufik,zvruvsfimpcepon.org
tufik,dmspwuqkvvjnfqkc.net
tufik,dmspwuqkvvjnfqkc.com
tufik,jvensjitmwvjqwvv.info
tufik,jvensjitmwvjqwvv.biz
tufik,rkwnsvrshrpmwmpr.net
tufik,rkwnsvrshrpmwmpr.org
tufik,nmnnxdurxvtxjyo.info
tufik,nmnnxdurxvtxjyo.com
tufik,uloknszjhxlpyrfg.biz
tufik,uloknszjhxlpyrfg.com
tufik,msggqumgowhswtxn.info
tufik,msggqumgowhswtxn.org
tufik,wrqzossmqfjzmol.net
tufik,wrqzossmqfjzmol.biz
tufik,qlerzwwpnywnkpzs.info
tufik,qlerzwwpnywnkpzs.com
tufik,irhnqhfnywnlnpn.net
tufik,irhnqhfnywnlnpn.org
tufik,qiqdsningpfdmw.biz
tufik,qiqdsningpfdmw.com
tufik,pmqtpnionnuqsppp.org
tufik,pmqtpnionnuqsppp.com
tufik,rrisqkzusettwkg.info
tufik,rrisqkzusettwkg.biz
tufik,vjommoplssilfo.net
tufik,vjommoplssilfo.com
tufik,elnmonotqihsurge.info
tufik,elnmonotqihsurge.com
tufik,iuxdvijdlikrqoq.biz
tufik,iuxdvijdlikrqoq.org
tufik,chmhutrlmmssqmme.info
tufik,chmhutrlmmssqmme.com
tufik,gjtuqmuogrpptqrx.org
tufik,gjtuqmuogrpptqrx.biz
tufik,npvonznqnyslnril.info
tufik,npvonznqnyslnril.org
tufik,jsiiovpcpbqouxu.net
tufik,jsiiovpcpbqouxu.com
tufik,tvzqdlzrnjwkhkz.biz
tufik,tvzqdlzrnjwkhkz.com
tufik,cqulzlnqjpptqm.net
tufik,cqulzlnqjpptqm.org
tufik,udgtoqpyulemmt.info
tufik,udgtoqpyulemmt.biz
tufik,hfwqyxcssxgnxi.org
tufik,hfwqyxcssxgnxi.com
tufik,yntseudwjtmmmrx.info
tufik,yntseudwjtmmmrx.org
tufik,urpprbquqfpjq.biz
tufik,urpprbquqfpjq.com
tufik,oqjpuomxvbgsjo.info
tufik,oqjpuomxvbgsjo.com
tufik,zuxfwlqtrmolaij.net
tufik,zuxfwlqtrmolaij.biz
tufik,lnswpinprjxpotjr.info
tufik,lnswpinprjxpotjr.com
tufik,eujfqonkqmcemzm.org
tufik,eujfqonkqmcemzm.com
tufik,gxogyjwokjyrsqs.biz
tufik,gxogyjwokjyrsqs.org
tufik,pqlwxkthsppnzfyq.net
tufik,pqlwxkthsppnzfyq.com
tufik,rltsjiovhlpnqovi.info
tufik,rltsjiovhlpnqovi.biz
tufik,nhokjowplqrqitk.net
tufik,nhokjowplqrqitk.org
tufik,oniiciiywqmiipwq.info
tufik,oniiciiywqmiipwq.com
tufik,yotbkhpyosipoxx.biz
tufik,yotbkhpyosipoxx.com
tufik,kiqftlgtuvmormo.info
tufik,kiqftlgtuvmormo.org
tufik,fmoqplmpyongwirc.net
tufik,fmoqplmpyongwirc.biz
tufik,wjrzxmvwnhulorzo.info
tufik,wjrzxmvwnhulorzo.com
tufik,doobokrjlytqfqwr.net
tufik,doobokrjlytqfqwr.org
tufik,dpsoqnrpkjimqtq.biz
tufik,dpsoqnrpkjimqtq.com
tufik,jpywknrphirtoty.org
tufik,jpywknrphirtoty.com
tufik,nuviopxfpmjqqhr.info
tufik,nuviopxfpmjqqhr.biz
tufik,npkfityhesikqvd.net
tufik,npkfityhesikqvd.com
tufik,rfqqdiapemnmgxsq.info
tufik,rfqqdiapemnmgxsq.com
tufik,eelhktlrojrwqkk.biz
tufik,eelhktlrojrwqkk.org
tufik,wpiiaklqpstrnn.info
tufik,wpiiaklqpstrnn.com
tufik,byjqkvdzmryzkq.org
tufik,byjqkvdzmryzkq.biz
tufik,nssnndikowgquv.info
tufik,nssnndikowgquv.org
tufik,jrgyvmrxijdfnyw.net
tufik,jrgyvmrxijdfnyw.com
tufik,pqstxvhgmoulsxhs.biz
tufik,pqstxvhgmoulsxhs.com
tufik,vqwdfislhnprnuvk.net
tufik,vqwdfislhnprnuvk.org
tufik,scoggnglpedwpik.info
tufik,scoggnglpedwpik.biz
tufik,tirisrrpnrgpk.org
tufik,tirisrrpnrgpk.com
tufik,mwmrkgjhrtrpxjr.info
tufik,mwmrkgjhrtrpxjr.org
tufik,stxwtelyyerosyp.biz
tufik,stxwtelyyerosyp.com
tufik,qtobsyqgmyyhpyl.info
tufik,qtobsyqgmyyhpyl.com
tufik,zmshhrusojjvqkue.net
tufik,zmshhrusojjvqkue.biz
tufik,nhnsxfyijioroogn.info
tufik,nhnsxfyijioroogn.com
tufik,urpgynivolmomut.org
tufik,urpgynivolmomut.com
tufik,swswjlrrvulilzrq.biz
tufik,swswjlrrvulilzrq.org
tufik,ropqmuouihoswgt.net
tufik,ropqmuouihoswgt.com
tufik,spnqooftskjkqmm.info
tufik,spnqooftskjkqmm.biz
tufik,wxpynsixjlqmpytt.net
tufik,wxpynsixjlqmpytt.org
tufik,hwnptgxrazif.info
tufik,hwnptgxrazif.com
tufik,tteovowrnknkwlfv.biz
tufik,tteovowrnknkwlfv.com
tufik,hekrdlxsaqjosgj.info
tufik,hekrdlxsaqjosgj.org
tufik,uuhqippegqbmro.net
tufik,uuhqippegqbmro.biz
tufik,niqutcthoopqsq.info
tufik,niqutcthoopqsq.com
tufik,wphirpmxhxxhmqt.net
tufik,wphirpmxhxxhmqt.org
tufik,oqellmkmutqqgux.biz
tufik,oqellmkmutqqgux.com
tufik,gwwsmssnorpow.org
tufik,gwwsmssnorpow.com
tufik,oryoovqortgqsyts.info
tufik,oryoovqortgqsyts.biz
tufik,ilwrvxvgtjlhzg.net
tufik,ilwrvxvgtjlhzg.com
tufik,ykkxnqrgicrwuqy.info
tufik,ykkxnqrgicrwuqy.com
tufik,mgdkwktomlqzvu.biz
tufik,mgdkwktomlqzvu.org
tufik,xyumpqkvqkvbzrmr.info
tufik,xyumpqkvqkvbzrmr.com
tufik,wutixldtvmnvdtfo.org
tufik,wutixldtvmnvdtfo.biz
tufik,ptvypwxsjgnowpn.info
tufik,ptvypwxsjgnowpn.org
tufik,ehiifjizetooiheq.net
tufik,ehiifjizetooiheq.com
tufik,iqgottkevqpdnts.biz
tufik,iqgottkevqpdnts.com
tufik,stdxwwhqsllxi.net
tufik,stdxwwhqsllxi.org
tufik,hwykmkkhxhudk.info
tufik,hwykmkkhxhudk.biz
tufik,tkroipnlptlrjok.org
tufik,tkroipnlptlrjok.com
tufik,cppbdjrcpjpnjv.info
tufik,cppbdjrcpjpnjv.org
tufik,bxyohwwrnkripexx.biz
tufik,bxyohwwrnkripexx.com
tufik,nlszvxgootqoqupn.info
tufik,nlszvxgootqoqupn.com
tufik,tjmqounihwrvflhu.net
tufik,tjmqounihwrvflhu.biz
tufik,prxfmokgvpnguirq.info
tufik,prxfmokgvpnguirq.com
tufik,ktmqoirrnoqjpqm.org
tufik,ktmqoirrnoqjpqm.com
tufik,knkvqpmoztpele.biz
tufik,knkvqpmoztpele.org
tufik,nnjhhgonrkdtexd.net
tufik,nnjhhgonrkdtexd.com
tufik,ljhpwnkshrmoh.info
tufik,ljhpwnkshrmoh.biz
tufik,xpssxhototglvrj.net
tufik,xpssxhototglvrj.org
tufik,ohrouqtgcgykyqmq.info
tufik,ohrouqtgcgykyqmq.com
tufik,tqrfajqbntktieyn.biz
tufik,tqrfajqbntktieyn.com
tufik,itissnvmijqnketr.info
tufik,itissnvmijqnketr.org
tufik,hrzryjqrpqkvmqz.net
tufik,hrzryjqrpqkvmqz.biz
tufik,xrnnlmwulevpqct.info
tufik,xrnnlmwulevpqct.com
tufik,meqijzpghczqksr.net
tufik,meqijzpghczqksr.org
tufik,mnolrfzmvqgwutk.biz
tufik,mnolrfzmvqgwutk.com
tufik,tmqknuzvjzplner.org
tufik,tmqknuzvjzplner.com
tufik,pmjxsluvbmwarrr.info
tufik,pmjxsluvbmwarrr.biz
tufik,tyqpflomvnwfwzz.net
tufik,tyqpflomvnwfwzz.com
tufik,ulpoywpqrxfwsu.info
tufik,ulpoywpqrxfwsu.com
tufik,jeqnwmsgsmmytln.biz
tufik,jeqnwmsgsmmytln.org
tufik,dclsqgkpvhmqqwow.info
tufik,dclsqgkpvhmqqwow.com
tufik,ugvnytlkiktfqnr.org
tufik,ugvnytlkiktfqnr.biz
tufik,kyopddhfkwmfint.info
tufik,kyopddhfkwmfint.org
tufik,bmvpdjsxjwnwlrpc.net
tufik,bmvpdjsxjwnwlrpc.com
tufik,jtmnipohpmrpk.biz
tufik,jtmnipohpmrpk.com
tufik,coeuepsqrrmgpj.net
tufik,coeuepsqrrmgpj.org
tufik,uygmfkqvzoygnsu.info
tufik,uygmfkqvzoygnsu.biz
tufik,qdmrkptjfvotrsli.org
tufik,qdmrkptjfvotrsli.com
tufik,qbohsboldtfnnnl.info
tufik,qbohsboldtfnnnl.org
tufik,ezxymxslqtojssls.biz
tufik,ezxymxslqtojssls.com
tufik,mlfyxdwsunjegpym.info
tufik,mlfyxdwsunjegpym.com
tufik,qrykftpjomhtixpi.net
tufik,qrykftpjomhtixpi.biz
tufik,vsqqowokwnmrpj.info
tufik,vsqqowokwnmrpj.com
tufik,nzszrdnslpnyzv.org
tufik,nzszrdnslpnyzv.com
tufik,uwntvggunqspnoq.biz
tufik,uwntvggunqspnoq.org
tufik,fftwxjwsunlioejg.net
tufik,fftwxjwsunlioejg.com
tufik,jwrshpjmkmljkzng.info
tufik,jwrshpjmkmljkzng.biz
tufik,gokulvrxonnnnul.net
tufik,gokulvrxonnnnul.org
tufik,nzknwpnvqvyrgug.info
tufik,nzknwpnvqvyrgug.com
tufik,kqpqclrslkkkrjw.biz
tufik,kqpqclrslkkkrjw.com
tufik,nttkhxovsuroufx.info
tufik,nttkhxovsuroufx.org
tufik,nhuppnypsntlrrw.net
tufik,nhuppnypsntlrrw.biz
tufik,gpkzuhwqpgrmbuxy.info
tufik,gpkzuhwqpgrmbuxy.com
tufik,kturjejwgprhnhq.net
tufik,kturjejwgprhnhq.org
tufik,qnzgrfppuuqvzjng.biz
tufik,qnzgrfppuuqvzjng.com
tufik,ronfiomtpxodrw.org
tufik,ronfiomtpxodrw.com
tufik,dyvoxnneapzydr.info
tufik,dyvoxnneapzydr.biz
tufik,hnfnrsjtskknlluy.net
tufik,hnfnrsjtskknlluy.com
tufik,hqoqvywypuxvpusw.info
tufik,hqoqvywypuxvpusw.com
tufik,xnwrshmhqfvzzqd.biz
tufik,xnwrshmhqfvzzqd.org
tufik,worovxnkxmsfrwu.info
tufik,worovxnkxmsfrwu.com
tufik,qrojtgpojqqtsh.org
tufik,qrojtgpojqqtsh.biz
tufik,oulirosigqphlkpb.info
tufik,oulirosigqphlkpb.org
tufik,fjlhveieomqfkeqf.net
tufik,fjlhveieomqfkeqf.com
tufik,sriprlkgrxsnkonr.biz
tufik,sriprlkgrxsnkonr.com
tufik,yypjogsilrxtmkk.net
tufik,yypjogsilrxtmkk.org
tufik,kphypnlsohrjdll.info
tufik,kphypnlsohrjdll.biz
tufik,xjjxkklsremqwo.org
tufik,xjjxkklsremqwo.com
tufik,kbfemjftintvuguv.info
tufik,kbfemjftintvuguv.org
tufik,qiyuuktpiuovqpq.biz
tufik,qiyuuktpiuovqpq.com
tufik,geujrjrivtjg.info
tufik,geujrjrivtjg.com
tufik,qevfhbnuuzsslmci.net
tufik,qevfhbnuuzsslmci.biz
tufik,wtioeuoevkvqpluy.info
tufik,wtioeuoevkvqpluy.com
tufik,hppidjyounmdonfr.org
tufik,hppidjyounmdonfr.com
tufik,spvvtrtqqlqdijp.biz
tufik,spvvtrtqqlqdijp.org
tufik,jrkvscerlmewlid.net
tufik,jrkvscerlmewlid.com
tufik,jotpfekrktrdyy.info
tufik,jotpfekrktrdyy.biz
tufik,rullqkjvspynvpvg.net
tufik,rullqkjvspynvpvg.org
tufik,uppsuptzozpmlpmc.info
tufik,uppsuptzozpmlpmc.com
tufik,gyeukokwlqnoulfi.biz
tufik,gyeukokwlqnoulfi.com
tufik,boquwvhsrjsmeels.info
tufik,boquwvhsrjsmeels.org
tufik,zqkopwsuogntuupq.net
tufik,zqkopwsuogntuupq.biz
tufik,irpfndtvflocsoqq.info
tufik,irpfndtvflocsoqq.com
tufik,qwjqorojknijgqsf.net
tufik,qwjqorojknijgqsf.org
tufik,flqesmrmpjhut.biz
tufik,flqesmrmpjhut.com
tufik,mvgqslynguplqri.org
tufik,mvgqslynguplqri.com
tufik,mizjmnpnrmyuuhqt.info
tufik,mizjmnpnrmyuuhqt.biz
tufik,kqqqhosngjttwins.net
tufik,kqqqhosngjttwins.com
tufik,zasmoqotfjsqntgo.info
tufik,zasmoqotfjsqntgo.com
tufik,fljtosxjfkjjpw.biz
tufik,fljtosxjfkjjpw.org
tufik,lonrqbjzlonsisqt.info
tufik,lonrqbjzlonsisqt.com
tufik,xidoeldghoqqgmmz.org
tufik,xidoeldghoqqgmmz.biz
tufik,kvylsvntvehjoc.info
tufik,kvylsvntvehjoc.org
tufik,swrbjdpknutwhl.net
tufik,swrbjdpknutwhl.com
tufik,jquzwcjpfljuwooh.biz
tufik,jquzwcjpfljuwooh.com
tufik,iekihqpqqsvepksd.net
tufik,iekihqpqqsvepksd.org
tufik,nmqtpqteszivfttf.info
tufik,nmqtpqteszivfttf.biz
tufik,mnteicchucyplwjv.org
tufik,mnteicchucyplwjv.com
tufik,utjduuvrztqixmzu.info
tufik,utjduuvrztqixmzu.org
tufik,rtugntwernnrjy.biz
tufik,rtugntwernnrjy.com
tufik,tlujjintnnfsnvy.info
tufik,tlujjintnnfsnvy.com
tufik,joszznynuzyqlih.net
tufik,joszznynuzyqlih.biz
tufik,lfxpmoulpkilpgxl.info
tufik,lfxpmoulpkilpgxl.com
tufik,sfqphlmrpqylmp.org
tufik,sfqphlmrpqylmp.com
tufik,klsthtuhswlwslgr.biz
tufik,klsthtuhswlwslgr.org
tufik,wdpqvqprbuughopj.net
tufik,wdpqvqprbuughopj.com
tufik,iqstlktrgojiwks.info
tufik,iqstlktrgojiwks.biz
tufik,rtnsqhhtzrrqmyok.net
tufik,rtnsqhhtzrrqmyok.org
tufik,hknseoropvkqnv.info
tufik,hknseoropvkqnv.com
tufik,vwvrwhqxsmfjeql.biz
tufik,vwvrwhqxsmfjeql.com
tufik,vsklptrwbpoqiup.info
tufik,vsklptrwbpoqiup.org
tufik,hrnjemwizskikpe.net
tufik,hrnjemwizskikpe.biz
tufik,nlvskgtzofvpvhm.info
tufik,nlvskgtzofvpvhm.com
tufik,jhztettyvrfrxsy.net
tufik,jhztettyvrfrxsy.org
tufik,qlycmovgrlquytsk.biz
tufik,qlycmovgrlquytsk.com
tufik,eownccqzosqwpsa.org
tufik,eownccqzosqwpsa.com
tufik,humdlmknvimulgp.info
tufik,humdlmknvimulgp.biz
tufik,xjvqfkvxnmljqivo.net
tufik,xjvqfkvxnmljqivo.com
tufik,wnucuypotgrfhnl.info
tufik,wnucuypotgrfhnl.com
tufik,vqlmcpmxnznkrq.biz
tufik,vqlmcpmxnznkrq.org
tufik,inennpsqyysijhm.info
tufik,inennpsqyysijhm.com
tufik,nhisplnispimfs.org
tufik,nhisplnispimfs.biz
tufik,vvquxntywcmkqh.info
tufik,vvquxntywcmkqh.org
tufik,gzxruhtsqrbgjxjz.net
tufik,gzxruhtsqrbgjxjz.com
tufik,sjypqpokznmqmuu.biz
tufik,sjypqpokznmqmuu.com
tufik,mtumpuzuyptsmyp.net
tufik,mtumpuzuyptsmyp.org
tufik,muqprfrzllytqm.info
tufik,muqprfrzllytqm.biz
tufik,wifjtdmqjwlynfxi.org
tufik,wifjtdmqjwlynfxi.com
tufik,qwmtrodrppsuemk.info
tufik,qwmtrodrppsuemk.org
tufik,uooijtwlovmzkiop.biz
tufik,uooijtwlovmzkiop.com
tufik,xzyvlyimcxlutq.info
tufik,xzyvlyimcxlutq.com
tufik,uqsnokspshzlpqp.net
tufik,uqsnokspshzlpqp.biz
tufik,kkimmqlwfqdkq.info
tufik,kkimmqlwfqdkq.com
tufik,qfgnlvsoyjnnxmnr.org
tufik,qfgnlvsoyjnnxmnr.com
tufik,ryszeiokwmnjgqww.biz
tufik,ryszeiokwmnjgqww.org
tufik,mnlpirompdpdpm.net
tufik,mnlpirompdpdpm.com
tufik,cpmkfjpgggrnd.info
tufik,cpmkfjpgggrnd.biz
tufik,oufhwxzoqmlkrxk.net
tufik,oufhwxzoqmlkrxk.org
tufik,iotnukopnpriock.info
tufik,iotnukopnpriock.com
tufik,ovnulktwqpqpsnuj.biz
tufik,ovnulktwqpqpsnuj.com
tufik,dvslyurfhagithgy.info
tufik,dvslyurfhagithgy.org
tufik,nrjyqyrtwotomkxd.net
tufik,nrjyqyrtwotomkxd.biz
tufik,pylqiqsjxlvvjlp.info
tufik,pylqiqsjxlvvjlp.com
tufik,yvdqdjqpdnciopj.net
tufik,yvdqdjqpdnciopj.org
tufik,tqkvxnsgtfwipomx.biz
tufik,tqkvxnsgtfwipomx.com
tufik,islqtnmmhvuyphiw.org
tufik,islqtnmmhvuyphiw.com
tufik,fikmmjjrsajvtqnk.info
tufik,fikmmjjrsajvtqnk.biz
tufik,ovpmplvxwemnnld.net
tufik,ovpmplvxwemnnld.com
tufik,lknovqyxrvnqow.info
tufik,lknovqyxrvnqow.com
tufik,bjitmwkjomvripkv.biz
tufik,bjitmwkjomvripkv.org
tufik,zrzicbqxvppnf.info
tufik,zrzicbqxvppnf.com
tufik,qtogujqlmjvskup.org
tufik,qtogujqlmjvskup.biz
tufik,vcuyqckrquvrxnm.info
tufik,vcuyqckrquvrxnm.org
tufik,jofktkhiokpgakwi.net
tufik,jofktkhiokpgakwi.com
tufik,noqmpgkjulmhgow.biz
tufik,noqmpgkjulmhgow.com
tufik,ntgshiihzrnsipst.net
tufik,ntgshiihzrnsipst.org
tufik,qolozmxvozonsqx.info
tufik,qolozmxvozonsqx.biz
tufik,tigjhqgljvfcnrk.org
tufik,tigjhqgljvfcnrk.com
tufik,qtnmbpqloomirdrs.info
tufik,qtnmbpqloomirdrs.org
tufik,ooissqohvleopjqk.biz
tufik,ooissqohvleopjqk.com
tufik,sojdppwktxukmhss.info
tufik,sojdppwktxukmhss.com
tufik,ifzerotngux.net
tufik,ifzerotngux.biz
tufik,vnpksjjxkopqxl.info
tufik,vnpksjjxkopqxl.com
tufik,pulntirizmqfxy.org
tufik,pulntirizmqfxy.com
tufik,vnumkvzyvxnqite.biz
tufik,vnumkvzyvxnqite.org
tufik,lkulgqvsmtsollij.net
tufik,lkulgqvsmtsollij.com
tufik,tuppdwljkkqenmi.info
tufik,tuppdwljkkqenmi.biz
tufik,pjigeglnugyuik.net
tufik,pjigeglnugyuik.org
tufik,mptqwkyilqsjtls.info
tufik,mptqwkyilqsjtls.com
tufik,qskmzmovueusnij.biz
tufik,qskmzmovueusnij.com
tufik,apqoongzivitst.info
tufik,apqoongzivitst.org
tufik,mmvqtdsnvhphptt.net
tufik,mmvqtdsnvhphptt.biz
tufik,qwqxpmmyqroqdnmr.info
tufik,qwqxpmmyqroqdnmr.com
tufik,gqllkmolnxnnsgxk.net
tufik,gqllkmolnxnnsgxk.org
tufik,yovfmsomgwhsrpw.biz
tufik,yovfmsomgwhsrpw.com
tufik,ynorjktftsmnladt.org
tufik,ynorjktftsmnladt.com
tufik,ktsjynstvdtjyqf.info
tufik,ktsjynstvdtjyqf.biz
tufik,hcgnhiwseodftym.net
tufik,hcgnhiwseodftym.com
tufik,ogsohrmkdpkzsnc.info
tufik,ogsohrmkdpkzsnc.com
tufik,qnzokmpnqyjcsio.biz
tufik,qnzokmpnqyjcsio.org
tufik,hloizkvqpluovyr.info
tufik,hloizkvqpluovyr.com
tufik,valpvxkgpvbsil.org
tufik,valpvxkgpvbsil.biz
tufik,mjopwmtkprour.info
tufik,mjopwmtkprour.org
tufik,jrivxnwzqtmptnmq.net
tufik,jrivxnwzqtmptnmq.com
tufik,nunpdeflwmmpqc.biz
tufik,nunpdeflwmmpqc.com
tufik,zxpnqnqjypafhtdn.net
tufik,zxpnqnqjypafhtdn.org
tufik,oinfichzwrvqop.info
tufik,oinfichzwrvqop.biz
tufik,ournilhpqrrcd.org
tufik,ournilhpqrrcd.com
tufik,lsnjrdrtiktlzc.info
tufik,lsnjrdrtiktlzc.org
tufik,fpfoxpmkollwsv.biz
tufik,fpfoxpmkollwsv.com
tufik,splyejkitnhskgdq.info
tufik,splyejkitnhskgdq.com
tufik,tkornqoowrnnrgz.net
tufik,tkornqoowrnnrgz.biz
tufik,okvlojriqqwyllu.info
tufik,okvlojriqqwyllu.com
tufik,sqlzsutkmlmgknvo.org
tufik,sqlzsutkmlmgknvo.com
tufik,jxtootyfopiwyhqj.biz
tufik,jxtootyfopiwyhqj.org
tufik,rncoupoeuvkutpw.net
tufik,rncoupoeuvkutpw.com
tufik,ldfxmlnsjdvoois.info
tufik,ldfxmlnsjdvoois.biz
tufik,gxkjtkknprsyprol.net
tufik,gxkjtkknprsyprol.org
tufik,ghtpssmusyvnypnp.info
tufik,ghtpssmusyvnypnp.com
tufik,fknkdnpudizsrs.biz
tufik,fknkdnpudizsrs.com
tufik,lanlqopukvrrsxy.info
tufik,lanlqopukvrrsxy.org
tufik,qqncfmnorrbyvmp.net
tufik,qqncfmnorrbyvmp.biz
tufik,oomuoniqryvzipm.info
tufik,oomuoniqryvzipm.com
tufik,kpgoeprckvgpxde.net
tufik,kpgoeprckvgpxde.org
tufik,vftepfrcjlomwpy.biz
tufik,vftepfrcjlomwpy.com
tufik,nnpqolnaepsolfqi.org
tufik,nnpqolnaepsolfqi.com
tufik,unpgokppguurmxbr.info
tufik,unpgokppguurmxbr.biz
tufik,kcnbvlispphtlmt.net
tufik,kcnbvlispphtlmt.com
tufik,swkqrtmnmqsks.info
tufik,swkqrtmnmqsks.com
tufik,mokrcgpphllkv.biz
tufik,mokrcgpphllkv.org
tufik,wirpnhpkuuuanq.info
tufik,wirpnhpkuuuanq.com
tufik,wimrrnmglkjlxhy.org
tufik,wimrrnmglkjlxhy.biz
tufik,vohkjilgzguzuzq.info
tufik,vohkjilgzguzuzq.org
tufik,kflpughpmfosxnx.net
tufik,kflpughpmfosxnx.com
tufik,oftrpyojrykfkg.biz
tufik,oftrpyojrykfkg.com
tufik,htxljmwszfsvxr.net
tufik,htxljmwszfsvxr.org
tufik,ruxnolhmyhnmmygv.info
tufik,ruxnolhmyhnmmygv.biz
tufik,zopuotvoxhimwyha.org
tufik,zopuotvoxhimwyha.com
tufik,gkphsrkoxqrepw.info
tufik,gkphsrkoxqrepw.org
tufik,rvfqknijyhrqntsc.biz
tufik,rvfqknijyhrqntsc.com
tufik,ornmoujlemmswhq.info
tufik,ornmoujlemmswhq.com
tufik,gqjvupxkqjaasztn.net
tufik,gqjvupxkqjaasztn.biz
tufik,rtsqefweliqnirs.info
tufik,rtsqefweliqnirs.com
tufik,gtrhkuhxsmpfxo.org
tufik,gtrhkuhxsmpfxo.com
tufik,sowojzinhkjklsh.biz
tufik,sowojzinhkjklsh.org
tufik,opvyqqglwqhppx.net
tufik,opvyqqglwqhppx.com
tufik,wvntifroxujepx.info
tufik,wvntifroxujepx.biz
tufik,pqopgllsrmnqhrt.net
tufik,pqopgllsrmnqhrt.org
tufik,envcyuljqirrzpru.info
tufik,envcyuljqirrzpru.com
tufik,vqqjtsgssholnvvo.biz
tufik,vqqjtsgssholnvvo.com
tufik,jamvimwmivinzyl.info
tufik,jamvimwmivinzyl.org
tufik,ptqzozkqhtqxvpj.net
tufik,ptqzozkqhtqxvpj.biz
tufik,ipjquhnmnnpjo.info
tufik,ipjquhnmnnpjo.com
tufik,iviwgxgwellxhn.net
tufik,iviwgxgwellxhn.org
tufik,issbukqnnuzimxl.biz
tufik,issbukqnnuzimxl.com
tufik,mjyohtnngveumvr.org
tufik,mjyohtnngveumvr.com
tufik,qemxroityywmrzlt.info
tufik,qemxroityywmrzlt.biz
tufik,rkyexqxxxhirprqj.net
tufik,rkyexqxxxhirprqj.com
tufik,imvjktpqohhxrvlq.info
tufik,imvjktpqohhxrvlq.com
tufik,mvxirynpwiwyfhz.biz
tufik,mvxirynpwiwyfhz.org
tufik,loytixwmmvnsfokk.info
tufik,loytixwmmvnsfokk.com
tufik,ptipgqlxtwonswm.org
tufik,ptipgqlxtwonswm.biz
tufik,ujiqtspmnxqlnduf.info
tufik,ujiqtspmnxqlnduf.org
tufik,pqqkmkopwtlkulrq.net
tufik,pqqkmkopwtlkulrq.com
tufik,nbrqniwjfyqfoqpt.biz
tufik,nbrqniwjfyqfoqpt.com
tufik,hwuepjuqpsklzqit.net
tufik,hwuepjuqpsklzqit.org
tufik,qxpdpiyqctispukm.info
tufik,qxpdpiyqctispukm.biz
tufik,jjritqjpmktympl.org
tufik,jjritqjpmktympl.com
tufik,zhpulttnefrvlowi.info
tufik,zhpulttnefrvlowi.org
tufik,jsrksnhfgnlpooo.biz
tufik,jsrksnhfgnlpooo.com
tufik,ytfpcpqzeppxvj.info
tufik,ytfpcpqzeppxvj.com
tufik,koqqppmikgpnet.net
tufik,koqqppmikgpnet.biz
tufik,krirvghtwkdqvwr.info
tufik,krirvghtwkdqvwr.com
tufik,kkrhosixlsqvlknl.org
tufik,kkrhosixlsqvlknl.com
tufik,vxosmqvxnkqnvq.biz
tufik,vxosmqvxnkqnvq.org
tufik,mprqiqmmtxgomp.net
tufik,mprqiqmmtxgomp.com
tufik,gsrvmrtpghgftjcm.info
tufik,gsrvmrtpghgftjcm.biz
tufik,oinwlrceisfitslq.net
tufik,oinwlrceisfitslq.org
tufik,lgsphqwqyoijgirr.info
tufik,lgsphqwqyoijgirr.com
tufik,lqovjqrvqlyuslj.biz
tufik,lqovjqrvqlyuslj.com
tufik,pdzunrmdyqsmxdku.info
tufik,pdzunrmdyqsmxdku.org
tufik,jqwymusplxqiiip.net
tufik,jqwymusplxqiiip.biz
tufik,krqosonklvniowmi.info
tufik,krqosonklvniowmi.com
tufik,unrjewimqlshswjp.net
tufik,unrjewimqlshswjp.org
tufik,pvpygorhyxmjjlfg.biz
tufik,pvpygorhyxmjjlfg.com
tufik,wpqqvokujrqzvou.org
tufik,wpqqvokujrqzvou.com
tufik,mirmlhznqoxomhg.info
tufik,mirmlhznqoxomhg.biz
tufik,smugposkvqrmsfq.net
tufik,smugposkvqrmsfq.com
tufik,sisqqsovnmkbpth.info
tufik,sisqqsovnmkbpth.com
tufik,vmvhttjktkiimks.biz
tufik,vmvhttjktkiimks.org
tufik,lvrpvqhqoohltqo.info
tufik,lvrpvqhqoohltqo.com
tufik,iiqjjjkzsnpxhhk.org
tufik,iiqjjjkzsnpxhhk.biz
tufik,ppwosntnixlqohfm.info
tufik,ppwosntnixlqohfm.org
tufik,wksdwlplpeiwyjwg.net
tufik,wksdwlplpeiwyjwg.com
tufik,pploygygkrimt.biz
tufik,pploygygkrimt.com
tufik,psqptphorqozrr.net
tufik,psqptphorqozrr.org
tufik,qkzhwppiqvrk.info
tufik,qkzhwppiqvrk.biz
tufik,onuxkturtvnpj.org
tufik,onuxkturtvnpj.com
tufik,tzymzrijkpqeenrd.info
tufik,tzymzrijkpqeenrd.org
tufik,kxnkpktqcpehtn.biz
tufik,kxnkpktqcpehtn.com
tufik,xobpsldpogoqhryg.info
tufik,xobpsldpogoqhryg.com
tufik,nompvfpfxdkuuth.net
tufik,nompvfpfxdkuuth.biz
tufik,nuvstfazppspxznw.info
tufik,nuvstfazppspxznw.com
tufik,inlmpttooopurlik.org
tufik,inlmpttooopurlik.com
tufik,irniqxnkqxurqjn.biz
tufik,irniqxnkqxurqjn.org
tufik,vxomiuhrkgrrkmoq.net
tufik,vxomiuhrkgrrkmoq.com
tufik,rmpkllotqhwxoioo.info
tufik,rmpkllotqhwxoioo.biz
tufik,uljrxuvdjoretk.net
tufik,uljrxuvdjoretk.org
tufik,aohihjuumjzmmqvg.info
tufik,aohihjuumjzmmqvg.com
tufik,rjtwiqvnagcixuk.biz
tufik,rjtwiqvnagcixuk.com
tufik,gnmbjnqwvvmpphk.info
tufik,gnmbjnqwvvmpphk.org
tufik,kmwzjulxolcoedg.net
tufik,kmwzjulxolcoedg.biz
tufik,iepftilqwltpp.info
tufik,iepftilqwltpp.com
tufik,nermoiqjqnvrvpt.net
tufik,nermoiqjqnvrvpt.org
tufik,lhhmrvqerwhrktom.biz
tufik,lhhmrvqerwhrktom.com
tufik,puuioorjjcolvqu.org
tufik,puuioorjjcolvqu.com
tufik,nkjqtthznjymxit.info
tufik,nkjqtthznjymxit.biz
tufik,ssjzvhuzhleubql.net
tufik,ssjzvhuzhleubql.com
tufik,emmptpesjpmmqfp.info
tufik,emmptpesjpmmqfp.com
tufik,pikvqshgmblqwyvw.biz
tufik,pikvqshgmblqwyvw.org
tufik,unneqilkoolc.info
tufik,unneqilkoolc.com
tufik,qplfvmogzzjqtr.org
tufik,qplfvmogzzjqtr.biz
tufik,rmossloglottrko.info
tufik,rmossloglottrko.org
tufik,qusvjmjrxsyyksp.net
tufik,qusvjmjrxsyyksp.com
tufik,lwltljkqsnohtng.biz
tufik,lwltljkqsnohtng.com
tufik,ztdozjwpomiiluhj.net
tufik,ztdozjwpomiiluhj.org
tufik,hqfzvjkofrfsvq.info
tufik,hqfzvjkofrfsvq.biz
tufik,yykrojsobpesgjk.org
tufik,yykrojsobpesgjk.com
tufik,pznpsipgimpmuqor.info
tufik,pznpsipgimpmuqor.org
tufik,xostqsuteuuztn.biz
tufik,xostqsuteuuztn.com
tufik,qqixendvoioqyjh.info
tufik,qqixendvoioqyjh.com
tufik,ddtmnusgmjzvmmnf.net
tufik,ddtmnusgmjzvmmnf.biz
tufik,uswriuqlnjxclvrc.info
tufik,uswriuqlnjxclvrc.com
tufik,pfmqftnrdptepnd.org
tufik,pfmqftnrdptepnd.com
tufik,lstmheforpoynwf.biz
tufik,lstmheforpoynwf.org
tufik,fxuzvmrroupwn.net
tufik,fxuzvmrroupwn.com
tufik,vxxpowokrftisqmp.info
tufik,vxxpowokrftisqmp.biz
tufik,pouqmeqphupukr.net
tufik,pouqmeqphupukr.org
tufik,ivlokpqtcjnfors.info
tufik,ivlokpqtcjnfors.com
tufik,lkmrnmsovnrqmtkc.biz
tufik,lkmrnmsovnrqmtkc.com
tufik,olgsmpwmlgpzjsno.info
tufik,olgsmpwmlgpzjsno.org
tufik,zqmplulthwwpgrmo.net
tufik,zqmplulthwwpgrmo.biz
tufik,oujrnvqshmknht.info
tufik,oujrnvqshmknht.com
tufik,dtnrqohveonuhp.net
tufik,dtnrqohveonuhp.org
tufik,nzeofklhpylkoz.biz
tufik,nzeofklhpylkoz.com
tufik,migvhomijnqqzv.org
tufik,migvhomijnqqzv.com
tufik,itmsxocwpoospv.info
tufik,itmsxocwpoospv.biz
tufik,vlfupttrvcrplzpi.net
tufik,vlfupttrvcrplzpi.com
tufik,kgzhtqivmrrpwysz.info
tufik,kgzhtqivmrrpwysz.com
tufik,vknkpswqjsmls.biz
tufik,vknkpswqjsmls.org
tufik,qlqmsujqmkqjjko.info
tufik,qlqmsujqmkqjjko.com
tufik,yqmzwfqhjumlmlx.org
tufik,yqmzwfqhjumlmlx.biz
tufik,glfpnpsrnkufjqol.info
tufik,glfpnpsrnkufjqol.org
tufik,xnmrngurtvxqjp.net
tufik,xnmrngurtvxqjp.com
tufik,jtphjoopvxymknw.biz
tufik,jtphjoopvxymknw.com
tufik,nersvtpwnndutlx.net
tufik,nersvtpwnndutlx.org
tufik,dzvpeqmcoemanonu.info
tufik,dzvpeqmcoemanonu.biz
tufik,gwjooylposflnwj.org
tufik,gwjooylposflnwj.com
tufik,qnorxquiwkluuo.info
tufik,qnorxquiwkluuo.org
tufik,ozkplrqlivmxhje.biz
tufik,ozkplrqlivmxhje.com
tufik,kgjhxckvlvirrnhl.info
tufik,kgjhxckvlvirrnhl.com
tufik,ykskogkmilnxfrt.net
tufik,ykskogkmilnxfrt.biz
tufik,bwrrvstirtplny.info
tufik,bwrrvstirtplny.com
tufik,qkeouwnjjrspszso.org
tufik,qkeouwnjjrspszso.com
tufik,utdmxsrbtlrrooi.biz
tufik,utdmxsrbtlrrooi.org
tufik,foyoshcpxlouubu.net
tufik,foyoshcpxlouubu.com
tufik,jumegjjnpuppmcm.info
tufik,jumegjjnpuppmcm.biz
tufik,xhqukzoeyfznlnsw.net
tufik,xhqukzoeyfznlnsw.org
tufik,xolornfstoxomlx.info
tufik,xolornfstoxomlx.com
tufik,krqqrjexhoiwhin.biz
tufik,krqqrjexhoiwhin.com
tufik,lhqttqgzvmvjpny.info
tufik,lhqttqgzvmvjpny.org
tufik,ouhppnmvxurcnru.net
tufik,ouhppnmvxurcnru.biz
tufik,wqpqisemvwemmq.info
tufik,wqpqisemvwemmq.com
tufik,wnoeyryzodmy.net
tufik,wnoeyryzodmy.org
tufik,lvlsflskowlsjp.biz
tufik,lvlsflskowlsjp.com
tufik,pvcnhystwspgwy.org
tufik,pvcnhystwspgwy.com
tufik,kksjurukjnxhirvp.info
tufik,kksjurukjnxhirvp.biz
tufik,ufutzgmurvtxqpvt.net
tufik,ufutzgmurvtxqpvt.com
tufik,jdqwkycrvlrnd.info
tufik,jdqwkycrvlrnd.com
tufik,svugnukvqglodjof.biz
tufik,svugnukvqglodjof.org
tufik,yvfgmfuqiuosdone.info
tufik,yvfgmfuqiuosdone.com
tufik,vkfmpzcbrugugfjt.org
tufik,vkfmpzcbrugugfjt.biz
tufik,lrsoutrjvkrjvj.info
tufik,lrsoutrjvkrjvj.org
tufik,pvjqyqyhegxkmvt.net
tufik,pvjqyqyhegxkmvt.com
tufik,misztkzubgkwkvto.biz
tufik,misztkzubgkwkvto.com
tufik,esnjegfxxugjnrti.net
tufik,esnjegfxxugjnrti.org
tufik,zlmcrtrjmwuouxm.info
tufik,zlmcrtrjmwuouxm.biz
tufik,fpstqvyodptlpzn.org
tufik,fpstqvyodptlpzn.com
tufik,ojpzofnyrniwmui.info
tufik,ojpzofnyrniwmui.org
tufik,vuyfekqjunopnnzm.biz
tufik,vuyfekqjunopnnzm.com
tufik,qjzvdukjdjqipbc.info
tufik,qjzvdukjdjqipbc.com
tufik,sgtjzojgnsunll.net
tufik,sgtjzojgnsunll.biz
tufik,nmocrpndinorgzt.info
tufik,nmocrpndinorgzt.com
tufik,trlnxgmqiitlnd.org
tufik,trlnxgmqiitlnd.com
tufik,rhsilqxmzcwlogon.biz
tufik,rhsilqxmzcwlogon.org
tufik,hqbrxxqtmphkfxt.net
tufik,hqbrxxqtmphkfxt.com
tufik,xtstfhpjppwrxnf.info
tufik,xtstfhpjppwrxnf.biz
tufik,nsrotzhqzukihg.net
tufik,nsrotzhqzukihg.org
tufik,orozwxuvypwqldmz.info
tufik,orozwxuvypwqldmz.com
tufik,skmqtzyohjrpmrz.biz
tufik,skmqtzyohjrpmrz.com
tufik,olgjxnvxsrmswkov.info
tufik,olgjxnvxsrmswkov.org
tufik,ripsmggzzanfe.net
tufik,ripsmggzzanfe.biz
tufik,bpukxtkwsuqgymv.info
tufik,bpukxtkwsuqgymv.com
tufik,vqmqfqgntsujkkrg.net
tufik,vqmqfqgntsujkkrg.org
tufik,hevlyojuprnltqkq.biz
tufik,hevlyojuprnltqkq.com
tufik,zvqggnuwnnptgkng.org
tufik,zvqggnuwnnptgkng.com
tufik,ctjjrwvxzikjropr.info
tufik,ctjjrwvxzikjropr.biz
tufik,wxlmumusswhgp.net
tufik,wxlmumusswhgp.com
tufik,ohqhlpngepzjm.info
tufik,ohqhlpngepzjm.com
tufik,hoxgrtvpyuuohsyp.biz
tufik,hoxgrtvpyuuohsyp.org
tufik,lkrsanxhzqwturp.info
tufik,lkrsanxhzqwturp.com
tufik,onixiuijvslstip.org
tufik,onixiuijvslstip.biz
tufik,drspvlupsnswq.info
tufik,drspvlupsnswq.org
tufik,rlpqqkwnvkkrumng.net
tufik,rlpqqkwnvkkrumng.com
tufik,sukxkrhgothxes.biz
tufik,sukxkrhgothxes.com
tufik,lschceppvvqlin.net
tufik,lschceppvvqlin.org
tufik,xrnqtwguhxqjnv.info
tufik,xrnqtwguhxqjnv.biz
tufik,xmnqtkovjwylys.org
tufik,xmnqtkovjwylys.com
tufik,xnozslnpnsogrmq.info
tufik,xnozslnpnsogrmq.org
tufik,xuyxpfojujojuv.biz
tufik,xuyxpfojujojuv.com
tufik,sqpxkfbjgtuqut.info
tufik,sqpxkfbjgtuqut.com
tufik,pqoqyexphhuwqrqs.net
tufik,pqoqyexphhuwqrqs.biz
tufik,npcwvtwunbttyxtg.info
tufik,npcwvtwunbttyxtg.com
tufik,sysniprktgwqupg.org
tufik,sysniprktgwqupg.com
tufik,nqfqpgskthlospf.biz
tufik,nqfqpgskthlospf.org
tufik,qrcwkohgrlqsces.net
tufik,qrcwkohgrlqsces.com
tufik,poppjhronojmj.info
tufik,poppjhronojmj.biz
tufik,ntrntktqmnkop.net
tufik,ntrntktqmnkop.org
tufik,gsjykmvwiqqwvrji.info
tufik,gsjykmvwiqqwvrji.com
tufik,qxnsqyorinqmcqw.biz
tufik,qxnsqyorinqmcqw.com
tufik,hswooqxqlkjpstn.info
tufik,hswooqxqlkjpstn.org
tufik,qoeowxoywgpmur.net
tufik,qoeowxoywgpmur.biz
tufik,rwtmxgzojowrvlmh.info
tufik,rwtmxgzojowrvlmh.com
tufik,etymthprpdokqcc.net
tufik,etymthprpdokqcc.org
tufik,yjjkjurjjqpyqrt.biz
tufik,yjjkjurjjqpyqrt.com
tufik,wosunurfsmqtpo.org
tufik,wosunurfsmqtpo.com
tufik,pivtmsrrkkzrrqw.info
tufik,pivtmsrrkkzrrqw.biz
tufik,skolnlxlmtryttt.net
tufik,skolnlxlmtryttt.com
tufik,qmkuiwmfotsjvmz.info
tufik,qmkuiwmfotsjvmz.com
tufik,jrqnjqppkolnujos.biz
tufik,jrqnjqppkolnujos.org
tufik,pwxtswvjtvno.info
tufik,pwxtswvjtvno.com
tufik,bvuysupicbrxwqx.org
tufik,bvuysupicbrxwqx.biz
tufik,jynhkknmpndkplp.info
tufik,jynhkknmpndkplp.org
tufik,dgusoxvhnroqupoo.net
tufik,dgusoxvhnroqupoo.com
tufik,epfpfwqmvreukptw.biz
tufik,epfpfwqmvreukptw.com
tufik,twkeiqcqpmdroy.net
tufik,twkeiqcqpmdroy.org
tufik,iiisqthnisuojwk.info
tufik,iiisqthnisuojwk.biz
tufik,rzpohzuijtyqgg.org
tufik,rzpohzuijtyqgg.com
tufik,nrljosnxplunhim.info
tufik,nrljosnxplunhim.org
tufik,qutqxuvnkyumhtm.biz
tufik,qutqxuvnkyumhtm.com
tufik,mvtjzmqmnurgnnu.info
tufik,mvtjzmqmnurgnnu.com
tufik,kxxwxmptxwirsivu.net
tufik,kxxwxmptxwirsivu.biz
tufik,rwrqzontqfqzvkc.info
tufik,rwrqzontqfqzvkc.com
tufik,pmjrvqholzkqdfqu.org
tufik,pmjrvqholzkqdfqu.com
tufik,btrofcuvvyeksrsr.biz
tufik,btrofcuvvyeksrsr.org
tufik,slgqlvxuontim.net
tufik,slgqlvxuontim.com
tufik,ijrpwzyrplbldqur.info
tufik,ijrpwzyrplbldqur.biz
tufik,ijqwwfrftnphsxkr.net
tufik,ijqwwfrftnphsxkr.org
tufik,rzooromxiwpshkp.info
tufik,rzooromxiwpshkp.com
tufik,knigisfvbyxjdqv.biz
tufik,knigisfvbyxjdqv.com
tufik,nfllijprlnkxpkre.info
tufik,nfllijprlnkxpkre.org
tufik,jklarkvuhlqupop.net
tufik,jklarkvuhlqupop.biz
tufik,inpfqsmeqmkpsuj.info
tufik,inpfqsmeqmkpsuj.com
tufik,itnvwygfoptfvyrg.net
tufik,itnvwygfoptfvyrg.org
tufik,wlmoxxnsszze.biz
tufik,wlmoxxnsszze.com
tufik,mwsopphnobszqylw.org
tufik,mwsopphnobszqylw.com
tufik,nrqsoropgujujvgq.info
tufik,nrqsoropgujujvgq.biz
tufik,dnhjprssimyftuko.net
tufik,dnhjprssimyftuko.com
tufik,xehzvrnwpptep.info
tufik,xehzvrnwpptep.com
tufik,flehjjnmjhfnvt.biz
tufik,flehjjnmjhfnvt.org
tufik,enupoqqdfmpvmsrd.info
tufik,enupoqqdfmpvmsrd.com
tufik,wcjwemyipxqjtpp.org
tufik,wcjwemyipxqjtpp.biz
tufik,ziqshopgjsggqek.info
tufik,ziqshopgjsggqek.org
tufik,rqjolzdtryfjqpon.net
tufik,rqjolzdtryfjqpon.com
tufik,wxmyneqjkzyytnio.biz
tufik,wxmyneqjkzyytnio.com
tufik,tnoeuhmmlvjsjmzm.net
tufik,tnoeuhmmlvjsjmzm.org
tufik,urvhrspvlpqyvbxl.info
tufik,urvhrspvlpqyvbxl.biz
tufik,irhnufspujiurfgu.org
tufik,irhnufspujiurfgu.com
tufik,pexxkfioosduuprd.info
tufik,pexxkfioosduuprd.org
tufik,opqonouwwiowpzh.biz
tufik,opqonouwwiowpzh.com
tufik,lnuoxukwokszq.info
tufik,lnuoxukwokszq.com
tufik,lotsxhqrwmpmyq.net
tufik,lotsxhqrwmpmyq.biz
tufik,urrmvkevognohiit.info
tufik,urrmvkevognohiit.com
tufik,fjqkuukhpfbkqkff.org
tufik,fjqkuukhpfbkqkff.com
tufik,qjnzqvmppezhox.biz
tufik,qjnzqvmppezhox.org
tufik,blrzmunggpvwnusl.net
tufik,blrzmunggpvwnusl.com
tufik,stpplfhtongcknu.info
tufik,stpplfhtongcknu.biz
tufik,nmtqlxpwdrknsuw.net
tufik,nmtqlxpwdrknsuw.org
tufik,qexonpzntjptphxr.info
tufik,qexonpzntjptphxr.com
tufik,xsskqulestmohdrk.biz
tufik,xsskqulestmohdrk.com
tufik,tpknizspwmpymqzy.info
tufik,tpknizspwmpymqzy.org
tufik,rqxcnouoyxeqsaul.net
tufik,rqxcnouoyxeqsaul.biz
tufik,tojomrklvitpqio.info
tufik,tojomrklvitpqio.com
tufik,izypliphkndzlpxk.net
tufik,izypliphkndzlpxk.org
tufik,utxtuouavfhktoie.biz
tufik,utxtuouavfhktoie.com
tufik,ulnojstljqyornrx.org
tufik,ulnojstljqyornrx.com
tufik,sfvlmlsmkxxilnp.info
tufik,sfvlmlsmkxxilnp.biz
tufik,ltwtqmumuvwprfp.net
tufik,ltwtqmumuvwprfp.com
tufik,kqlwlmprodlytrq.info
tufik,kqlwlmprodlytrq.com
tufik,xvltgqkxjipjxqy.biz
tufik,xvltgqkxjipjxqy.org
tufik,ymtlllviorlqqper.info
tufik,ymtlllviorlqqper.com
tufik,hnufrlsrsqrtbiwj.org
tufik,hnufrlsrsqrtbiwj.biz
tufik,bfborsmjhrcpkez.info
tufik,bfborsmjhrcpkez.org
tufik,pxmumvtqktgiwtk.net
tufik,pxmumvtqktgiwtk.com
tufik,louppttkhrnphsrb.biz
tufik,louppttkhrnphsrb.com
tufik,vgstixfmmdsmsjh.net
tufik,vgstixfmmdsmsjh.org
tufik,kgppgymljdhgnri.info
tufik,kgppgymljdhgnri.biz
tufik,orgqloagqrpugob.org
tufik,orgqloagqrpugob.com
tufik,nutloshxjmruymr.info
tufik,nutloshxjmruymr.org
tufik,fhuvtfbpngngdmvk.biz
tufik,fhuvtfbpngngdmvk.com
tufik,amxtrxutwlktd.info
tufik,amxtrxutwlktd.com
tufik,ypoprllzpwmgev.net
tufik,ypoprllzpwmgev.biz
tufik,infszeqlvkyyokv.info
tufik,infszeqlvkyyokv.com
tufik,totcspysscbptisf.org
tufik,totcspysscbptisf.com
tufik,uomirtloyotpmqjr.biz
tufik,uomirtloyotpmqjr.org
tufik,nmrfivwgrnppriop.net
tufik,nmrfivwgrnppriop.com
tufik,qmkbyvugjsnjsr.info
tufik,qmkbyvugjsnjsr.biz
tufik,ntaegtctvqzkllq.net
tufik,ntaegtctvqzkllq.org
tufik,timnrfnroysjqran.info
tufik,timnrfnroysjqran.com
tufik,qssprotzhqurpnnr.biz
tufik,qssprotzhqurpnnr.com
tufik,wgsipohsdepxplu.info
tufik,wgsipohsdepxplu.org
tufik,twosrklmsqiawnao.net
tufik,twosrklmsqiawnao.biz
tufik,lukknxosrptyhr.info
tufik,lukknxosrptyhr.com
tufik,rpqmnqypnwugoxjy.net
tufik,rpqmnqypnwugoxjy.org
tufik,njukdoxlrrlkfjq.biz
tufik,njukdoxlrrlkfjq.com
tufik,nssjotnnvjsqqtvj.org
tufik,nssjotnnvjsqqtvj.com
tufik,pfkttbmvlejurjqr.info
tufik,pfkttbmvlejurjqr.biz
tufik,kzcemqmxxhkgs.net
tufik,kzcemqmxxhkgs.com
tufik,ihzzpryjhixnxhuv.info
tufik,ihzzpryjhixnxhuv.com
tufik,omoqwstpkovwxnh.biz
tufik,omoqwstpkovwxnh.org
tufik,frbeupvtvfosvqk.info
tufik,frbeupvtvfosvqk.com
tufik,whupmykevyzxz.org
tufik,whupmykevyzxz.biz
tufik,oognsqkorlqlotq.info
tufik,oognsqkorlqlotq.org
tufik,vjmqivtyvecsqvlk.net
tufik,vjmqivtyvecsqvlk.com
tufik,oqmpuilemlzmppx.biz
tufik,oqmpuilemlzmppx.com
tufik,aurkkpwynmlzsp.net
tufik,aurkkpwynmlzsp.org
tufik,ugxjqtmjljgnnujd.info
tufik,ugxjqtmjljgnnujd.biz
tufik,lqxtmpklqqhfelv.org
tufik,lqxtmpklqqhfelv.com
tufik,gloltuonspxf.info
tufik,gloltuonspxf.org
tufik,prlsomuypitpulst.biz
tufik,prlsomuypitpulst.com
tufik,rpojoqwpwnnqjdpd.info
tufik,rpojoqwpwnnqjdpd.com
tufik,fnnnlqtwyhnlxxuq.net
tufik,fnnnlqtwyhnlxxuq.biz
tufik,hilrpmtmidqro.info
tufik,hilrpmtmidqro.com
tufik,qolptjqhguvspy.org
tufik,qolptjqhguvspy.com
tufik,pkufsrbviyzrc.biz
tufik,pkufsrbviyzrc.org
tufik,xrengwqqxskqycrw.net
tufik,xrengwqqxskqycrw.com
tufik,zjsuyxwmsxnu.info
tufik,zjsuyxwmsxnu.biz
tufik,rvssfsrebkasxon.net
tufik,rvssfsrebkasxon.org
tufik,bxvhmyjtlcvmwlq.info
tufik,bxvhmyjtlcvmwlq.com
tufik,sgvephipnmnvnfs.biz
tufik,sgvephipnmnvnfs.com
tufik,npopstvzmjxlqm.info
tufik,npopstvzmjxlqm.org
tufik,krypoummjmnlfltg.net
tufik,krypoummjmnlfltg.biz
tufik,urxqkpdxjwpruoo.info
tufik,urxqkpdxjwpruoo.com
tufik,twyrnhyjqjmnzizk.net
tufik,twyrnhyjqjmnzizk.org
tufik,iqvtnviijrktngmw.biz
tufik,iqvtnviijrktngmw.com
tufik,eikxgqvogrkrttkm.org
tufik,eikxgqvogrkrttkm.com
tufik,hzjrnxvrpwvvkqp.info
tufik,hzjrnxvrpwvvkqp.biz
tufik,qopqjkpxtsqupgo.net
tufik,qopqjkpxtsqupgo.com
tufik,ntumvwexrvdzdpjn.info
tufik,ntumvwexrvdzdpjn.com
tufik,xtroglvdcttjrvhq.biz
tufik,xtroglvdcttjrvhq.org
tufik,opeayykkmykqwpld.info
tufik,opeayykkmykqwpld.com
tufik,gcikkxjvgrrsdpkn.org
tufik,gcikkxjvgrrsdpkn.biz
tufik,qolvliqzvwnsnuqk.info
tufik,qolvliqzvwnsnuqk.org
tufik,lxmneuojlirqcnud.net
tufik,lxmneuojlirqcnud.com
tufik,yjirjpqmozgyisq.biz
tufik,yjirjpqmozgyisq.com
tufik,flreqxedljpldh.net
tufik,flreqxedljpldh.org
tufik,rainwnnnudjknho.info
tufik,rainwnnnudjknho.biz
tufik,sjttveqllnwtjos.org
tufik,sjttveqllnwtjos.com
tufik,tzqznitmjropsvnv.info
tufik,tzqznitmjropsvnv.org
tufik,gtmsmvfnphrtbz.biz
tufik,gtmsmvfnphrtbz.com
tufik,riqipvstrsopnzq.info
tufik,riqipvstrsopnzq.com
tufik,zotzrhvztxknltx.net
tufik,zotzrhvztxknltx.biz
tufik,rhjqqtvovoutpnmi.info
tufik,rhjqqtvovoutpnmi.com
tufik,xnvsvnoovszjr.org
tufik,xnvsvnoovszjr.com
tufik,rrqonqhnonaqxgq.biz
tufik,rrqonqhnonaqxgq.org
tufik,ohromrzsnstqpon.net
tufik,ohromrzsnstqpon.com
tufik,jzbcriqgflst.info
tufik,jzbcriqgflst.biz
tufik,yipuzpthdrymsq.net
tufik,yipuzpthdrymsq.org
tufik,kvjqoulfpqtioip.info
tufik,kvjqoulfpqtioip.com
tufik,srsnptwvodlgpmzu.biz
tufik,srsnptwvodlgpmzu.com
tufik,klmxkzaotmqkxr.info
tufik,klmxkzaotmqkxr.org
tufik,mudkpnwpnrzptnym.net
tufik,mudkpnwpnrzptnym.biz
tufik,nsqqkqnpnqnozvgk.info
tufik,nsqqkqnpnqnozvgk.com
tufik,uvxvqxqsvxqnkip.net
tufik,uvxvqxqsvxqnkip.org
tufik,lrpyfhnjpqwvpoy.biz
tufik,lrpyfhnjpqwvpoy.com
tufik,vxufpmdqusvnxx.org
tufik,vxufpmdqusvnxx.com
tufik,zogpgnwwetcijiqv.info
tufik,zogpgnwwetcijiqv.biz
tufik,infyuntssppwomr.net
tufik,infyuntssppwomr.com
tufik,plolnqnykrvlk.info
tufik,plolnqnykrvlk.com
tufik,owngsimknrmnrjwk.biz
tufik,owngsimknrmnrjwk.org
tufik,smvywviprnpnsoq.info
tufik,smvywviprnpnsoq.com
tufik,pjjsjnkrxphtrxtg.org
tufik,pjjsjnkrxphtrxtg.biz
tufik,ydkxplybdooqiqm.info
tufik,ydkxplybdooqiqm.org
tufik,uzhspnpvqstyox.net
tufik,uzhspnpvqstyox.com
tufik,ixptkslqheistwtc.biz
tufik,ixptkslqheistwtc.com
tufik,glymacipqzuosli.net
tufik,glymacipqzuosli.org
tufik,vnkknlkoowquswpn.info
tufik,vnkknlkoowquswpn.biz
tufik,ppjskqxqlojwyqg.org
tufik,ppjskqxqlojwyqg.com
tufik,drskrruullrgjxo.info
tufik,drskrruullrgjxo.org
tufik,cjlpgkyunmokpul.biz
tufik,cjlpgkyunmokpul.com
tufik,pumqpposqrdvmklg.info
tufik,pumqpposqrdvmklg.com
tufik,luhuioukpvnfukib.net
tufik,luhuioukpvnfukib.biz
tufik,tqjyuwzzugfxplxv.info
tufik,tqjyuwzzugfxplxv.com
tufik,lvhqknvutsmtnyj.org
tufik,lvhqknvutsmtnyj.com
tufik,uguqjtjqilwsosz.biz
tufik,uguqjtjqilwsosz.org
tufik,pmsvjtiuikvqsyv.net
tufik,pmsvjtiuikvqsyv.com
tufik,xjdlexvtimolupjg.info
tufik,xjdlexvtimolupjg.biz
tufik,oxbdnhqrjzefot.net
tufik,oxbdnhqrjzefot.org
tufik,rusppkokkqirxpj.info
tufik,rusppkokkqirxpj.com
tufik,ykxrevoxovmruqqo.biz
tufik,ykxrevoxovmruqqo.com
tufik,rpiqlrinnopozpv.info
tufik,rpiqlrinnopozpv.org
tufik,folsrzvpnxeqwkuk.net
tufik,folsrzvpnxeqwkuk.biz
tufik,mnnpmsrnrpotuq.info
tufik,mnnpmsrnrpotuq.com
tufik,cmujjpygwkkrlox.net
tufik,cmujjpygwkkrlox.org
tufik,qgvdnwxsqrzuvhs.biz
tufik,qgvdnwxsqrzuvhs.com
tufik,rlpquxrlyqpctpq.org
tufik,rlpquxrlyqpctpq.com
tufik,rucuonnqmfqvie.info
tufik,rucuonnqmfqvie.biz
tufik,eeujitfrhwggjpen.net
tufik,eeujitfrhwggjpen.com
tufik,wuqrhrgnmimvhri.info
tufik,wuqrhrgnmimvhri.com
tufik,turttixzpqjxjroq.biz
tufik,turttixzpqjxjroq.org
tufik,icepmmhqsuryn.info
tufik,icepmmhqsuryn.com
tufik,pmnwlcqnokjjzvpo.org
tufik,pmnwlcqnokjjzvpo.biz
tufik,mnyopmusuqthjw.info
tufik,mnyopmusuqthjw.org
tufik,fumvmrspnkupvnxt.net
tufik,fumvmrspnkupvnxt.com
tufik,oykqroxrwoeyfbxl.biz
tufik,oykqroxrwoeyfbxl.com
tufik,klnkhohxkemwytcp.net
tufik,klnkhohxkemwytcp.org
tufik,ekemsimyfxvnqoco.info
tufik,ekemsimyfxvnqoco.biz
tufik,mpmsizzohphxopqg.org
tufik,mpmsizzohphxopqg.com
tufik,tsdmktpqjrjkffsr.info
tufik,tsdmktpqjrjkffsr.org
tufik,lxpcieytpvoxpx.biz
tufik,lxpcieytpvoxpx.com
tufik,jvovbknulgxxhyoy.info
tufik,jvovbknulgxxhyoy.com
tufik,spqkpgsnqzljmo.net
tufik,spqkpgsnqzljmo.biz
tufik,okxyeowziwsoluhl.info
tufik,okxyeowziwsoluhl.com
tufik,qmpwptjnojjskwo.org
tufik,qmpwptjnojjskwo.com
unnamed_downloader,ddknt.github.io
unnamed_downloader,ddktn.github.io
unnamed_downloader,ddnkt.github.io
unnamed_downloader,ddntk.github.io
unnamed_downloader,ddtkn.github.io
unnamed_downloader,ddtnk.github.io
unnamed_downloader,dkdnt.github.io
unnamed_downloader,dkdtn.github.io
unnamed_downloader,dkndt.github.io
unnamed_downloader,dkntd.github.io
unnamed_downloader,dktdn.github.io
unnamed_downloader,dktnd.github.io
unnamed_downloader,dndkt.github.io
unnamed_downloader,dndtk.github.io
unnamed_downloader,dnkdt.github.io
unnamed_downloader,dnktd.github.io
unnamed_downloader,dntdk.github.io
unnamed_downloader,dntkd.github.io
unnamed_downloader,dtdkn.github.io
unnamed_downloader,dtdnk.github.io
unnamed_downloader,dtkdn.github.io
unnamed_downloader,dtknd.github.io
unnamed_downloader,dtndk.github.io
unnamed_downloader,dtnkd.github.io
unnamed_downloader,kddnt.github.io
unnamed_downloader,kddtn.github.io
unnamed_downloader,kdndt.github.io
unnamed_downloader,kdntd.github.io
unnamed_downloader,kdtdn.github.io
unnamed_downloader,kdtnd.github.io
unnamed_downloader,knddt.github.io
unnamed_downloader,kndtd.github.io
unnamed_downloader,kntdd.github.io
unnamed_downloader,ktddn.github.io
unnamed_downloader,ktdnd.github.io
unnamed_downloader,ktndd.github.io
unnamed_downloader,nddkt.github.io
unnamed_downloader,nddtk.github.io
unnamed_downloader,ndkdt.github.io
unnamed_downloader,ndktd.github.io
unnamed_downloader,ndtdk.github.io
unnamed_downloader,ndtkd.github.io
unnamed_downloader,nkddt.github.io
unnamed_downloader,nkdtd.github.io
unnamed_downloader,nktdd.github.io
unnamed_downloader,ntddk.github.io
unnamed_downloader,ntdkd.github.io
unnamed_downloader,ntkdd.github.io
unnamed_downloader,tddkn.github.io
unnamed_downloader,tddnk.github.io
unnamed_downloader,tdkdn.github.io
unnamed_downloader,tdknd.github.io
unnamed_downloader,tdndk.github.io
unnamed_downloader,tdnkd.github.io
unnamed_downloader,tkddn.github.io
unnamed_downloader,tkdnd.github.io
unnamed_downloader,tkndd.github.io
unnamed_downloader,tnddk.github.io
unnamed_downloader,tndkd.github.io
unnamed_downloader,tnkdd.github.io
unnamed_javascript_dga,fyjqilxj.cc
unnamed_javascript_dga,msrcfezbr.co
unnamed_javascript_dga,uqprhzq.eu
unnamed_javascript_dga,eqakdr.cc
unnamed_javascript_dga,lvvgmxpp.co
unnamed_javascript_dga,tiyguuhzs.eu
unnamed_javascript_dga,dinzprixn.cc
unnamed_javascript_dga,kdrlthd.co
unnamed_javascript_dga,sabxrnzq.eu
unnamed_javascript_dga,cayixeby.cc
unnamed_javascript_dga,jlaaojcpi.co
unnamed_javascript_dga,rscnmqbi.eu
unnamed_javascript_dga,bsxqfpf.cc
unnamed_javascript_dga,itgzbei.co
unnamed_javascript_dga,qmkcvqld.eu
unnamed_javascript_dga,aklcfoqrci.cc
unnamed_javascript_dga,hbqflgxa.co
unnamed_javascript_dga,puhhlyh.eu
unnamed_javascript_dga,zyaifcddt.cc
unnamed_javascript_dga,gjzxvqu.co
unnamed_javascript_dga,ocffpyg.eu
unnamed_javascript_dga,dwpmdjl.cc
unnamed_javascript_dga,fjniasgn.co
unnamed_javascript_dga,soarqoi.eu
unnamed_javascript_dga,coamqbces.cc
unnamed_javascript_dga,ebwuvytktz.co
unnamed_javascript_dga,rgwxvf.eu
unnamed_javascript_dga,bgrslb.cc
unnamed_javascript_dga,ijaoplsxac.co
unnamed_javascript_dga,qyivjuor.eu
unnamed_javascript_dga,romfqx.cc
unnamed_javascript_dga,kerelr.co
unnamed_javascript_dga,cefgzywx.eu
unnamed_javascript_dga,swlzmx.cc
unnamed_javascript_dga,lmwzzqzr.co
unnamed_javascript_dga,dwxkwdvw.eu
unnamed_javascript_dga,twaaeerx.cc
unnamed_javascript_dga,mpbqqdlg.co
unnamed_javascript_dga,eotpvuoiib.eu
unnamed_javascript_dga,poxvvcwpanv.cc
unnamed_javascript_dga,nxcarv.co
unnamed_javascript_dga,bcyrtwh.eu
unnamed_javascript_dga,qwjkih.cc
unnamed_javascript_dga,ofxrhpuz.co
unnamed_javascript_dga,cuqejm.eu
unnamed_javascript_dga,redisibl.cc
unnamed_javascript_dga,kplijpb.co
unnamed_javascript_dga,dmohqn.eu
unnamed_javascript_dga,smjjoacmtmy.cc
unnamed_javascript_dga,lxyaeren.co
unnamed_javascript_dga,ejvzwf.eu
unnamed_javascript_dga,tgrobbyf.cc
unnamed_javascript_dga,mfbrxbghmlek.co
unnamed_javascript_dga,fbwjhyza.eu
unnamed_javascript_dga,udbtbgn.cc
unnamed_javascript_dga,nnhnuqc.co
unnamed_javascript_dga,gthlavnro.eu
unnamed_javascript_dga,vvhzeng.cc
unnamed_javascript_dga,ovlemo.co
unnamed_javascript_dga,hlryosdhutl.eu
unnamed_javascript_dga,bvwzrko.cc
unnamed_javascript_dga,zrpwkcvuj.co
unnamed_javascript_dga,nlaptvabds.eu
unnamed_javascript_dga,cnutgioro.cc
unnamed_javascript_dga,afwrmndwa.co
unnamed_javascript_dga,oodges.eu
unnamed_javascript_dga,dfrkddkbcw.cc
unnamed_javascript_dga,wzxojfc.co
unnamed_javascript_dga,pwmaeru.eu
unnamed_javascript_dga,eceynk.cc
unnamed_javascript_dga,xrslwvzkd.co
unnamed_javascript_dga,qenrzq.eu
unnamed_javascript_dga,fuwagvaav.cc
unnamed_javascript_dga,yjmctvs.co
unnamed_javascript_dga,rmagza.eu
unnamed_javascript_dga,gmrnhuuhf.cc
unnamed_javascript_dga,zbtzwhz.co
unnamed_javascript_dga,suawcwj.eu
unnamed_javascript_dga,hewllbywvs.cc
unnamed_javascript_dga,atdcqm.co
unnamed_javascript_dga,tyysdko.eu
unnamed_javascript_dga,iaxcdrrc.cc
unnamed_javascript_dga,blkadecvey.co
unnamed_javascript_dga,uqraxcon.eu
unnamed_javascript_dga,jidmlhqj.cc
unnamed_javascript_dga,cdyowwiw.co
unnamed_javascript_dga,viljlvobewx.eu
unnamed_javascript_dga,kqlhkyn.cc
unnamed_javascript_dga,dvqrbmw.co
unnamed_javascript_dga,waucnkkf.eu
unnamed_javascript_dga,wmofmphjc.cc
unnamed_javascript_dga,duotwah.co
unnamed_javascript_dga,ltmtrqh.eu
unnamed_javascript_dga,vqgyftrogv.cc
unnamed_javascript_dga,cildxzw.co
unnamed_javascript_dga,kntehsi.eu
unnamed_javascript_dga,uesjljyakd.cc
unnamed_javascript_dga,bmqtqopr.co
unnamed_javascript_dga,jkvnngd.eu
unnamed_javascript_dga,ttfenw.cc
unnamed_javascript_dga,aqkyzvb.co
unnamed_javascript_dga,ikdpch.eu
unnamed_javascript_dga,sbuxutk.cc
unnamed_javascript_dga,zmmoewda.co
unnamed_javascript_dga,hsrluv.eu
unnamed_javascript_dga,rbxjbier.cc
unnamed_javascript_dga,yqtvxdo.co
unnamed_javascript_dga,gcgqqlsk.eu
unnamed_javascript_dga,vbluazrw.cc
unnamed_javascript_dga,xjhywhw.co
unnamed_javascript_dga,kcbomo.eu
unnamed_javascript_dga,utmhchc.cc
unnamed_javascript_dga,wdnnetn.co
unnamed_javascript_dga,jalekfnys.eu
unnamed_javascript_dga,tjsonzpk.cc
unnamed_javascript_dga,acracmxn.co
unnamed_javascript_dga,iudxvhvovse.eu
unnamed_javascript_dga,slmvrzs.cc
unnamed_javascript_dga,zadbcx.co
unnamed_javascript_dga,hijzwhzsxq.eu
vawtrak,usahwutle.com
vawtrak,folocnam.com
vawtrak,awumsah.com
vawtrak,edorwufli.com
vawtrak,misocgutlah.com
vawtrak,edarwotda.com
vawtrak,melarwetdic.com
vawtrak,usucnitdohg.com
vawtrak,regomseh.com
vawtrak,osicnumd.com
vawtrak,tosahwimli.com
vawtrak,fusihgetdoh.com
vawtrak,asirwams.com
vawtrak,mesicnimsah.com
vawtrak,alihnefs.com
vawtrak,fasarnem.com
vawtrak,ugemlurwimd.com
vawtrak,medahgumde.com
vawtrak,moducnofsic.com
vawtrak,alucnomduhw.com
vawtrak,cenitlicnu.com
vawtrak,cunamsorgu.com
vawtrak,hogutlurwum.com
vawtrak,ogemdacgeml.com
vawtrak,fudurgimsuh.com
vawtrak,ilorgutsac.com
vawtrak,isorguflic.com
vawtrak,alohgufda.com
vawtrak,mosuhwuflar.com
vawtrak,odargutloh.com
vawtrak,idahgefsorn.com
vawtrak,rewatdar.com
vawtrak,olornomle.com
vawtrak,masucwemso.com
vawtrak,tesicgufl.com
vawtrak,taderwe.com
vawtrak,henatdo.com
vawtrak,felorgifloh.com
vawtrak,olarwemsac.com
vawtrak,ilornifsi.com
vawtrak,tosacgufl.com
vawtrak,falirnu.com
vawtrak,hiwamlucne.com
vawtrak,hegufsirn.com
vawtrak,ragitdergem.com
vawtrak,enimlocnu.com
vawtrak,rewitsihnom.com
vawtrak,onifduhwaml.com
vawtrak,medihge.com
vawtrak,ronomlecga.com
vawtrak,renatdo.com
vawtrak,mesahgefd.com
vawtrak,tolicwems.com
vawtrak,filirgumdic.com
vawtrak,olahniml.com
vawtrak,tesacwifdi.com
vawtrak,fidurwo.com
vawtrak,cunumdocw.com
vawtrak,regatsocn.com
vawtrak,hagotdu.com
vawtrak,mulahnotdor.com
vawtrak,olorgafle.com
vawtrak,milacwitsoc.com
vawtrak,ilornof.com
vawtrak,egomsac.com
vawtrak,ederwef.com
vawtrak,ugutdoh.com
vawtrak,usornatda.com
vawtrak,fisehga.com
vawtrak,cagutlu.com
vawtrak,masarwum.com
vawtrak,uwomlorg.com
vawtrak,hugemlocnit.com
vawtrak,ugomsucgefs.com
vawtrak,tudohwums.com
vawtrak,fadohgatl.com
vawtrak,fidehwo.com
vawtrak,rawumsu.com
vawtrak,fudacnet.com
vawtrak,onemser.com
vawtrak,asernetsec.com
vawtrak,alucwamler.com
vawtrak,adicwof.com
vawtrak,uwafdicgums.com
vawtrak,masurgemli.com
vawtrak,federga.com
vawtrak,higimlucn.com
vawtrak,rewamlehgat.com
vawtrak,anifdecgomd.com
vawtrak,tasocnitdu.com
vawtrak,tilecnu.com
vawtrak,hinetli.com
vawtrak,modurgef.com
vawtrak,ewemseh.com
vawtrak,edecwamlu.com
vawtrak,feluhwomdah.com
vawtrak,asurwotsuc.com
vawtrak,edargotso.com
vawtrak,todihwamder.com
vawtrak,alocgofsuc.com
vawtrak,osacwum.com
vawtrak,egimlihgam.com
vawtrak,igafsohwitd.com
vawtrak,musacwu.com
vawtrak,rawutlurgef.com
vawtrak,initduh.com
vawtrak,isacwitsar.com
vawtrak,alucwim.com
vawtrak,egamlec.com
vawtrak,osornef.com
vawtrak,ogitleh.com
vawtrak,idocwamdu.com
vawtrak,miderwafdeh.com
vawtrak,asorwit.com
vawtrak,igutdoh.com
vawtrak,usicguf.com
vawtrak,awemdicwuml.com
vawtrak,todihnifda.com
vawtrak,misergifl.com
vawtrak,tolurnutla.com
vawtrak,melirnemda.com
vawtrak,tasocgufluh.com
vawtrak,olarwafsohg.com
vawtrak,runomdec.com
vawtrak,udahguflecw.com
vawtrak,hawimduhn.com
vawtrak,cowomsi.com
vawtrak,milorgatsu.com
vawtrak,fisernuts.com
vawtrak,fidarwim.com
vawtrak,enofsuhwa.com
vawtrak,cenutda.com
vawtrak,misargot.com
vawtrak,unumlohwe.com
vawtrak,cugutsi.com
vawtrak,madohwafl.com
vawtrak,fisahgifl.com
vawtrak,tilornum.com
vawtrak,awitsoh.com
vawtrak,osorgitsi.com
vawtrak,madihwitsar.com
vawtrak,olicgufdo.com
vawtrak,malarwofler.com
vawtrak,usirgof.com
vawtrak,onatleh.com
vawtrak,odihwafsacn.com
vawtrak,rinutler.com
vawtrak,elacnem.com
vawtrak,inefsic.com
vawtrak,usehnefs.com
vawtrak,goraddefong.com
vawtrak,sufawno.com
vawtrak,agwehuss.com
vawtrak,nerallofaw.com
vawtrak,lotinnohal.com
vawtrak,nuculdoti.com
vawtrak,sotenwerud.com
vawtrak,wirallofin.com
vawtrak,ditawnihedl.com
vawtrak,garollemowg.com
vawtrak,sotenne.com
vawtrak,annuhul.com
vawtrak,gurallatunn.com
vawtrak,situnna.com
vawtrak,agnihals.com
vawtrak,garoslif.com
vawtrak,eslemigna.com
vawtrak,ugnered.com
vawtrak,neriddema.com
vawtrak,somiwwaco.com
vawtrak,wareslitenw.com
vawtrak,dumagnecul.com
vawtrak,giheddi.com
vawtrak,ellutingoh.com
vawtrak,innuhas.com
vawtrak,wocassum.com
vawtrak,uldifan.com
vawtrak,sateggahi.com
vawtrak,nocadsemo.com
vawtrak,sumiwgecoll.com
vawtrak,narolsa.com
vawtrak,isdomegg.com
vawtrak,samonnaco.com
vawtrak,nicuslafawg.com
vawtrak,lifignicad.com
vawtrak,wuridsata.com
vawtrak,lefiwwo.com
vawtrak,agwirusl.com
vawtrak,weroldof.com
vawtrak,aldemegnehi.com
vawtrak,weroddum.com
vawtrak,asditonwa.com
vawtrak,unwuruslife.com
vawtrak,sotuwguhidl.com
vawtrak,goculsiting.com
vawtrak,lufinnucu.com
vawtrak,guheldutiww.com
vawtrak,sumunwe.com
vawtrak,innacoslit.com
vawtrak,ussotag.com
vawtrak,sofaggu.com
vawtrak,oggehillame.com
vawtrak,samenwor.com
vawtrak,agnecesla.com
vawtrak,uldamunwo.com
vawtrak,iwgaressom.com
vawtrak,elditowgehe.com
vawtrak,guhadlum.com
vawtrak,uldumun.com
vawtrak,samigwuhos.com
vawtrak,nerassotag.com
vawtrak,latawgerodl.com
vawtrak,weheddomon.com
vawtrak,sotuggo.com
vawtrak,agguhesdomi.com
vawtrak,lotowwero.com
vawtrak,wehoslofu.com
vawtrak,safagnih.com
vawtrak,ignorad.com
vawtrak,norisdo.com
vawtrak,odsufinwo.com
vawtrak,agnoress.com
vawtrak,gohussemigg.com
vawtrak,dufennor.com
vawtrak,ennahilsuta.com
vawtrak,domawgerold.com
vawtrak,woreslefug.com
vawtrak,semenwura.com
vawtrak,wacadditun.com
vawtrak,deminnahi.com
vawtrak,garidsemogn.com
vawtrak,lofuwnacul.com
vawtrak,wereslumu.com
vawtrak,dumiwwih.com
vawtrak,ingoroddif.com
vawtrak,udlefoggoc.com
vawtrak,ugnarulli.com
vawtrak,isdimonwih.com
vawtrak,unwacol.com
vawtrak,girullut.com
vawtrak,idlufew.com
vawtrak,lefanwocesl.com
vawtrak,wucullifog.com
vawtrak,lifewwihel.com
vawtrak,nucudsete.com
vawtrak,samonwo.com
vawtrak,ennices.com
vawtrak,guhelli.com
vawtrak,ildofiwniru.com
vawtrak,gihillefu.com
vawtrak,satawgeces.com
vawtrak,neresdet.com
vawtrak,oddutagn.com
vawtrak,limiwneru.com
vawtrak,wehullufan.com
vawtrak,sumiwga.com
vawtrak,ewgeculda.com
vawtrak,elseminn.com
vawtrak,lafungocod.com
vawtrak,wacidsufign.com
vawtrak,litigwa.com
vawtrak,owworudl.com
vawtrak,giceldamew.com
vawtrak,lemogne.com
vawtrak,innerossama.com
vawtrak,lameggecel.com
vawtrak,naraldi.com
vawtrak,aslatenwoc.com
vawtrak,ogneruddefu.com
vawtrak,lumiwgih.com
vawtrak,ugnorudsuta.com
vawtrak,detawgohe.com
vawtrak,nuridlomi.com
vawtrak,setigge.com
vawtrak,angihel.com
vawtrak,girilsem.com
vawtrak,ildamuwg.com
vawtrak,sifewwahod.com
vawtrak,necaldemi.com
vawtrak,sotennu.com
vawtrak,uggirid.com
vawtrak,gaciddi.com
vawtrak,addetuwn.com
vawtrak,demigwered.com
vawtrak,narollamewn.com
vawtrak,satangac.com
vawtrak,uggaceld.com
vawtrak,wurusdam.com
vawtrak,issemognah.com
vawtrak,iwwirilla.com
vawtrak,adsimengi.com
vawtrak,engaceslit.com
vawtrak,ildamigwo.com
vawtrak,ignuhod.com
vawtrak,nurallu.com
vawtrak,issotogware.com
vawtrak,goressi.com
vawtrak,ossomuwne.com
vawtrak,iggohads.com
vawtrak,girusdatenn.com
verblecon,6b0b55069024ca2681cc3137d34fe542.tk
verblecon,9eb4c9f24584043a631ce633a132e830.tk
verblecon,4219c0970ac5666828df87bbc20a8b57.tk
verblecon,72b78fb7f4433b130214523a16fbf234.tk
zloader,hisofwatfqkbkiyetjuc.com
zloader,ubsrhcufgqvhkimvywbw.com
zloader,btdcimmqipnarywnoyul.com
zloader,ykuoamywaynsdmosbffn.com
zloader,flnignrqgebovppsrbfm.com
zloader,pjwuqcpoqquilwmyabmx.com
zloader,nqbnhwtubffnvnqbwnlb.com
zloader,gyecbxqfbjjagwpestji.com
zloader,kkoccsgnxppsalwaubsw.com
zloader,bgvdgaqnplltubsbrbig.com
zloader,fphkiaxcxgmyqhnqxjne.com
zloader,ocrdkmmlrvvubvctctcm.com
zloader,dwvlrgcxshhejmrrywjx.com
zloader,dnbqlhmxbcbkvusfyooe.com
zloader,ntynsdmosbkquudxibqo.com
zloader,xrujktpbrbypusbffeko.com
zloader,owfnpoexkpfvbegxohvo.com
zloader,dixsudeklrjnrwmtwmpj.com
zloader,asuyqexwlaawcfhplsec.com
zloader,wpqfkmmhestmfjlsupmw.com
zloader,kahfvnmswwsrukndgaae.com
zloader,ruwobgvmnhtmqilajqsj.com
zloader,chnjibgemqlanubffnji.com
zloader,bgemqumuynaxfaxcbqsd.com
zloader,tqncpglfnvxwebikxjdx.com
zloader,ujwekoosbbbrbpjmcrnu.com
zloader,orcxshqkncqufjohsdje.com
zloader,dqdyhqcwhmkspsxaiemq.com
zloader,uqlqwwnoudqgnhsqulib.com
zloader,giyrtbwuaslrjekgoxfm.com
zloader,tnvbudrcpomyabvfuxay.com
zloader,xdkvxgxbckbhlhswkndg.com
zloader,duqlptqnfuyhcmntfqla.com
zloader,ieimlipnpxujafeofgem.com
zloader,tjvflerfdmlvwqdmpjag.com
zloader,tbqymhulyygatxpdnbtm.com
zloader,wkvhxdasyykevlgybeqy.com
zloader,yqhlxmkvujthgentmvop.com
zloader,buonyolvkxibwbwfkeia.com
zloader,nliraanluxrifhddlmsk.com
zloader,osxnuxribtaqvttxbcfx.com
zloader,vyplmfmnqnmnkqrgokos.com
zloader,rkqqcfylxvydgaabgeei.com
zloader,pnbqbtnivemcijlphxqc.com
zloader,vhxdasyykevurxynrabp.com
zloader,chkudebiwfwbjibqxruk.com
zloader,fnffnycoceppsnwnfcpo.com
zloader,qqemrlphbbieckfifqbh.com
zloader,xblvafebgivdahvyaiyf.com
zloader,rwmagjterglwmsbllohj.com
zloader,fphiwticvqssmhfrmbpy.com
zloader,rwakwkfxxkdvvugsotuu.com
zloader,gcrdlpsmuiwscapwvgnh.com
zloader,efmwldyleeeppsmwkbku.com
zloader,iyijhvigjqdysvyjrrjq.com
zloader,bnhwqsowomlsypugowph.com
zloader,ijriknaihvctirqsitcy.com
zloader,uhlirlsffkhkpsmtjvfk.com
zloader,axyecrnuomyrtkityrhf.com
zloader,oyfrmfanypfphlhbedwm.com
zloader,agehxttyfrtkrtsckxwy.com
zloader,iwgyedaotollpufvwrsv.com
zloader,loiimagduduhiggcleyq.com
zloader,rwuuycjcfohixfuxfpru.com
zloader,syklljugytpeddfdsxhu.com
zloader,vvhqvntvhqrahyjiisnn.com
zloader,mwijriipejgpquoduoex.com
zloader,epmlmytcnsghyafnmqgh.com
zloader,urvpvcgbfdfiicyyfimt.com
zloader,tfxsodcxadiobjayurvp.com
zloader,rxfspcovwnvhemcumvsg.com
zloader,edeetdvdaqhgxumfaqdc.com
zloader,gexqyoykuiknglmfjiqt.com
zloader,cwnjirgkjshkcdmvjcsj.com
zloader,jentsgldrmldirssqsdt.com
zloader,bqoixmlyeovwbqrnxwfe.com
zloader,uywhsusywubmnbkplfkl.com
zloader,uwrsceyesewrumfvecex.com
zloader,eqygxitipuygqydpwkdt.com
zloader,kbenwkdtkxdujiulcsvf.com
zloader,oculcwnvhnevosuodljl.com
zloader,fhjdenwxcrwtxjwltxgs.com
zloader,ibjqmkddouxxrokddrvg.com
zloader,wratrgwvngoeffurkgnx.com
zloader,wrjkgqpxbfmmxheydptk.com
zloader,xayivkvociphoyklxswu.com
zloader,wiorsfvqvkovaimgmsnw.com
zloader,tpemacfxgrsfvqysqfou.com
zloader,tqrwltsfvqrwsddolpbo.com
zloader,dolpbllktvqrwphodlgw.com
zloader,jujneiqdyfuriisafbdb.com
zloader,pgbfyfufancwbdvmqoyk.com
zloader,epyeskmttfkxdriychdn.com
zloader,uingbjmmoeboagsbfvnt.com
zloader,sjfgxumrobailtobamxh.com
zloader,iqxpayyjmewnvhwxpjdb.com
zloader,qwqnvhnqevofauhlolmv.com
zloader,fooqsysyspcrgskipeah.com
zloader,vrhfifbafkuccaorvpid.com
zloader,ccnpothmugmyhtsjmegb.com
zloader,shcwjriehejglmmoqwqn.com
zloader,vhnqevofauhlolmvfooq.com
zloader,sybqvnwkepymweecqtlq.com
zloader,msqbqvngbviqhdgdujqu.com
zloader,ohcwjrudhctvqexqpxnh.com
zloader,wxcbkplfqanosywhspkj.com
zloader,vydsxtatuuwyfuegrobm.com
zloader,esaokaxixydscmqpuvst.com
zloader,dfqanosinfltocvkrnxj.com
zloader,wxcipheddoukddgdujqm.com
zloader,wivwwpksqoyompmepvyv.com
zloader,bxkjvydsxtqdtbdkgqcp.com
zloader,umfvhqebrumrbpsbbieo.com
zloader,anoohckaorvpidccnpot.com
zloader,unbhxtnyfrderhfyraqt.com
zloader,lnivwbaftcsfqnmmxeqc.com
zloader,dmojbyjyndvmtdvmhufj.com
zloader,inckrnxjttfhglmfsxta.com
zloader,xitladlsoykxdqvepymj.com
zloader,aahyvepymwbinvhqebru.com
zloader,mrrlmmoqwqnvhqeosrby.com
zloader,jyevovrhfifklhvulcjf.com
zloader,pbllwgtqdsllgthmewrm.com
zloader,ushktpeddouktyurrcrw.com
zloader,sywhsghlbgcyygutknrt.com
zloader,nyfivngbviqtcsfyfifk.com
zloader,updwpkcahvuujqvellbg.com
zloader,cigqghlbgxuttiyckrnx.com
